{"parent":"item/handheld","textures":{"layer0":"item/diamond_sword"},"overrides":[{"predicate":{"custom_model_data":1},"model":"default/magic_book"},{"predicate":{"custom_model_data":2},"model":"default/great_sword"},{"predicate":{"custom_model_data":3},"model":"default/bone_sword"},{"predicate":{"custom_model_data":4},"model":"default/wood_sword"},{"predicate":{"custom_model_data":5},"model":"default/cyber_sword"},{"predicate":{"custom_model_data":5},"model":"default/cyber_sword"},{"predicate":{"custom_model_data":6},"model":"default/storm_sword"},{"predicate":{"custom_model_data":7},"model":"default/energy_crystal_sword"},{"predicate":{"custom_model_data":8},"model":"glass_sword"},{"predicate":{"custom_model_data":9},"model":"obsidian_sword"},{"predicate":{"custom_model_data":10},"model":"default/blood_sword"},{"predicate":{"custom_model_data":11},"model":"default/octavia_sword"},{"predicate":{"custom_model_data":12},"model":"default/dagger"},{"predicate":{"custom_model_data":13},"model":"default/katana"},{"predicate":{"custom_model_data":14},"model":"default/kosa"},{"predicate":{"custom_model_data":15},"model":"default/Cyber"},{"predicate":{"custom_model_data":16},"model":"default/amethyst_sword"},{"predicate":{"custom_model_data":17},"model":"default/moon_sword"},{"predicate":{"custom_model_data":18},"model":"default/nocsy_dragon_sword"}]}