{"parent":"item/handheld","textures":{"layer0":"item/diamond_pickaxe"},"overrides":[{"predicate":{"custom_model_data":1},"model":"default/legendary_hammer"},{"predicate":{"custom_model_data":2},"model":"default/earth_hammer"},{"predicate":{"custom_model_data":3},"model":"emerald_hammer"},{"predicate":{"custom_model_data":4},"model":"amethyst_hammer"},{"predicate":{"custom_model_data":5},"model":"onyx_hammer"},{"predicate":{"custom_model_data":6},"model":"orax_hammer"},{"predicate":{"custom_model_data":7},"model":"fire_hammer"},{"predicate":{"custom_model_data":8},"model":"default/martian_pickaxe"},{"predicate":{"custom_model_data":9},"model":"default/cosmic_horror_pickaxe"},{"predicate":{"custom_model_data":10},"model":"default/solar_pickaxe"},{"predicate":{"custom_model_data":11},"model":"default/vortex_pickaxe"},{"predicate":{"custom_model_data":12},"model":"default/otw_pickaxe"},{"predicate":{"custom_model_data":13},"model":"default/angel_pickaxe"},{"predicate":{"custom_model_data":14},"model":"default/blaze_pickaxe"},{"predicate":{"custom_model_data":15},"model":"default/bone_pickaxe"},{"predicate":{"custom_model_data":16},"model":"default/burguer_pickaxe"},{"predicate":{"custom_model_data":17},"model":"default/copper_pickaxe"},{"predicate":{"custom_model_data":18},"model":"default/death_pickaxe"},{"predicate":{"custom_model_data":19},"model":"default/dragon_pickaxe"},{"predicate":{"custom_model_data":20},"model":"default/end_pickaxe"},{"predicate":{"custom_model_data":21},"model":"default/fish_pickaxe"},{"predicate":{"custom_model_data":22},"model":"default/futuristic_pickaxe"},{"predicate":{"custom_model_data":23},"model":"default/gold_ametist_pickaxe"},{"predicate":{"custom_model_data":24},"model":"default/leaf_pickaxe"},{"predicate":{"custom_model_data":25},"model":"default/love_pickaxe"},{"predicate":{"custom_model_data":26},"model":"default/magic_pickaxe"},{"predicate":{"custom_model_data":27},"model":"default/machine_pickaxe"},{"predicate":{"custom_model_data":28},"model":"default/pick_axe"},{"predicate":{"custom_model_data":29},"model":"default/snow_pickaxe"},{"predicate":{"custom_model_data":30},"model":"default/tnt_pickaxe"},{"predicate":{"custom_model_data":31},"model":"default/turtle_pickaxe"},{"predicate":{"custom_model_data":32},"model":"default/wither_pickaxe"},{"predicate":{"custom_model_data":33},"model":"default/moon_pickaxe"},{"predicate":{"custom_model_data":34},"model":"default/cyber_pickaxe"},{"predicate":{"custom_model_data":35},"model":"default/amethyst_pickaxe"}]}