{"providers":[{"chars":["ꐢ"],"file":"required/recipe_showcase.png","ascent":40,"height":164,"type":"bitmap"},{"chars":["ꐒ"],"file":"default/chat/helper.png","ascent":7,"height":7,"type":"bitmap"},{"chars":["ꐤ"],"file":"required/ui/menu_items_gems.png","ascent":37,"height":256,"type":"bitmap"},{"chars":["ꐪ"],"file":"required/null.png","ascent":-32768,"height":-34,"type":"bitmap"},{"chars":["ꐓ"],"file":"default/chat/manager.png","ascent":7,"height":7,"type":"bitmap"},{"chars":["ꐭ"],"file":"required/null.png","ascent":-32768,"height":-258,"type":"bitmap"},{"chars":["ꐘ"],"file":"default/chat/premium.png","ascent":7,"height":7,"type":"bitmap"},{"chars":["ꐝ"],"file":"default/chat/logo.png","ascent":20,"height":20,"type":"bitmap"},{"chars":["ꐠ"],"file":"required/logo.png","ascent":20,"height":36,"type":"bitmap"},{"chars":["ꐞ"],"file":"default/chat/logo.png","ascent":32,"height":32,"type":"bitmap"},{"chars":["ꐮ"],"file":"required/null.png","ascent":-32768,"height":-514,"type":"bitmap"},{"chars":["ꐯ"],"file":"required/null.png","ascent":-32768,"height":-1026,"type":"bitmap"},{"chars":["ꐐ"],"file":"default/chat/owner.png","ascent":7,"height":7,"type":"bitmap"},{"chars":["ꐜ"],"file":"default/chat/builder.png","ascent":7,"height":7,"type":"bitmap"},{"chars":["ꐔ"],"file":"default/chat/staff.png","ascent":7,"height":7,"type":"bitmap"},{"chars":["ꐙ"],"file":"default/chat/member.png","ascent":7,"height":7,"type":"bitmap"},{"chars":["ꐚ"],"file":"default/chat/donator.png","ascent":7,"height":7,"type":"bitmap"},{"chars":["ꐕ"],"file":"default/chat/legend.png","ascent":7,"height":7,"type":"bitmap"},{"chars":["ꐨ"],"file":"required/null.png","ascent":-32768,"height":-10,"type":"bitmap"},{"chars":["ꐥ"],"file":"required/null.png","ascent":-32768,"height":-3,"type":"bitmap"},{"chars":["ꐦ"],"file":"required/null.png","ascent":-32768,"height":-4,"type":"bitmap"},{"chars":["ꐧ"],"file":"required/null.png","ascent":-32768,"height":-6,"type":"bitmap"},{"chars":["ꐡ"],"file":"required/ui/menu_banner.png","ascent":-14,"height":256,"type":"bitmap"},{"chars":["ꐩ"],"file":"required/null.png","ascent":-32768,"height":-18,"type":"bitmap"},{"chars":["ꐟ"],"file":"default/chat/heart.png","ascent":8,"height":8,"type":"bitmap"},{"chars":["ꐖ"],"file":"default/chat/hero.png","ascent":7,"height":7,"type":"bitmap"},{"chars":["ꐫ"],"file":"required/null.png","ascent":-32768,"height":-66,"type":"bitmap"},{"chars":["ꐗ"],"file":"default/chat/elite.png","ascent":7,"height":7,"type":"bitmap"},{"chars":["ꐑ"],"file":"default/chat/admin.png","ascent":7,"height":7,"type":"bitmap"},{"chars":["ꐣ"],"file":"required/ui/menu_items.png","ascent":37,"height":256,"type":"bitmap"},{"chars":["ꐬ"],"file":"required/null.png","ascent":-32768,"height":-130,"type":"bitmap"},{"chars":["ꐛ"],"file":"default/chat/moderator.png","ascent":7,"height":7,"type":"bitmap"}]}