{
	"credit": "Made with Blockbench",
	"ambientocclusion": false,
	"texture_size": [64, 64],
	"textures": {
		"0": "block/anvil_art",
		"particle": "block/chipped_anvil_top"
	},
	"elements": [
		{
			"from": [2, 10, 2],
			"to": [14, 16, 14],
			"faces": {
				"north": {"uv": [3, 3, 6, 4.5], "texture": "#0"},
				"east": {"uv": [0, 3, 3, 4.5], "texture": "#0"},
				"south": {"uv": [9, 3, 12, 4.5], "texture": "#0"},
				"west": {"uv": [6, 3, 9, 4.5], "texture": "#0"},
				"up": {"uv": [6, 3, 3, 0], "texture": "#0"},
				"down": {"uv": [9, 0, 6, 3], "texture": "#0"}
			}
		},
		{
			"from": [5, 4, 5],
			"to": [11, 10, 11],
			"faces": {
				"north": {"uv": [1.5, 14.5, 3, 16], "texture": "#0"},
				"east": {"uv": [0, 14.5, 1.5, 16], "texture": "#0"},
				"south": {"uv": [4.5, 14.5, 6, 16], "texture": "#0"},
				"west": {"uv": [3, 14.5, 4.5, 16], "texture": "#0"},
				"up": {"uv": [3, 14.5, 1.5, 13], "texture": "#0"},
				"down": {"uv": [4.5, 13, 3, 14.5], "texture": "#0"}
			}
		},
		{
			"from": [2, 0, 2],
			"to": [14, 4, 14],
			"faces": {
				"north": {"uv": [7, 7.75, 10, 8.75], "texture": "#0"},
				"east": {"uv": [4, 7.75, 7, 8.75], "texture": "#0"},
				"south": {"uv": [13, 7.75, 16, 8.75], "texture": "#0"},
				"west": {"uv": [10, 7.75, 13, 8.75], "texture": "#0"},
				"up": {"uv": [10, 7.75, 7, 4.75], "texture": "#0"},
				"down": {"uv": [13, 4.75, 10, 7.75], "texture": "#0"}
			}
		},
		{
			"from": [5, 12, 0],
			"to": [11, 14, 2],
			"faces": {
				"north": {"uv": [0.5, 5.25, 2, 5.75], "texture": "#0"},
				"east": {"uv": [0, 5.25, 0.5, 5.75], "texture": "#0"},
				"south": {"uv": [2.5, 5.25, 4, 5.75], "texture": "#0"},
				"west": {"uv": [2, 5.25, 2.5, 5.75], "texture": "#0"},
				"up": {"uv": [2, 5.25, 0.5, 4.75], "texture": "#0"},
				"down": {"uv": [3.5, 4.75, 2, 5.25], "texture": "#0"}
			}
		},
		{
			"from": [5, 12, 14],
			"to": [11, 14, 16],
			"faces": {
				"north": {"uv": [0.5, 8.75, 2, 9.25], "texture": "#0"},
				"east": {"uv": [0, 8.75, 0.5, 9.25], "texture": "#0"},
				"south": {"uv": [2.5, 8.75, 4, 9.25], "texture": "#0"},
				"west": {"uv": [2, 8.75, 2.5, 9.25], "texture": "#0"},
				"up": {"uv": [2, 8.75, 0.5, 8.25], "texture": "#0"},
				"down": {"uv": [3.5, 8.25, 2, 8.75], "texture": "#0"}
			}
		},
		{
			"from": [14, 12, 5],
			"to": [16, 14, 11],
			"faces": {
				"north": {"uv": [1.5, 7.5, 2, 8], "texture": "#0"},
				"east": {"uv": [0, 7.5, 1.5, 8], "texture": "#0"},
				"south": {"uv": [3.5, 7.5, 4, 8], "texture": "#0"},
				"west": {"uv": [2, 7.5, 3.5, 8], "texture": "#0"},
				"up": {"uv": [2, 7.5, 1.5, 6], "texture": "#0"},
				"down": {"uv": [2.5, 6, 2, 7.5], "texture": "#0"}
			}
		},
		{
			"from": [0, 12, 5],
			"to": [2, 14, 11],
			"faces": {
				"north": {"uv": [1.5, 11, 2, 11.5], "texture": "#0"},
				"east": {"uv": [0, 11, 1.5, 11.5], "texture": "#0"},
				"south": {"uv": [3.5, 11, 4, 11.5], "texture": "#0"},
				"west": {"uv": [2, 11, 3.5, 11.5], "texture": "#0"},
				"up": {"uv": [2, 11, 1.5, 9.5], "texture": "#0"},
				"down": {"uv": [2.5, 9.5, 2, 11], "texture": "#0"}
			}
		}
	],
	"display": {
		"thirdperson_righthand": {
			"rotation": [75, 45, 0],
			"translation": [0, 0.5, 0],
			"scale": [0.4, 0.4, 0.4]
		},
		"thirdperson_lefthand": {
			"rotation": [75, 45, 0],
			"translation": [0, 0.5, 0],
			"scale": [0.4, 0.4, 0.4]
		},
		"firstperson_righthand": {
			"rotation": [0, 45, 0],
			"scale": [0.5, 0.5, 0.5]
		},
		"firstperson_lefthand": {
			"rotation": [0, 225, 0],
			"scale": [0.5, 0.5, 0.5]
		},
		"ground": {
			"translation": [0, 3, 0],
			"scale": [0.5, 0.5, 0.5]
		},
		"gui": {
			"rotation": [30, 225, 0],
			"scale": [0.6, 0.6, 0.6]
		},
		"fixed": {
			"scale": [0.6, 0.6, 0.6]
		}
	}
}