{
	"credit": "Made with Blockbench",
	"parent": "block/cross",
	"textures": {
		"1": "block/lily_of_the_valley",
		"particle": "block/lily_of_the_valley"
	},
	"elements": [
		{
			"from": [7, 0, 8],
			"to": [8, 11, 9],
			"faces": {
				"north": {"uv": [8, 5, 9, 16], "texture": "#1"},
				"east": {"uv": [8, 5, 9, 16], "texture": "#1"},
				"south": {"uv": [8, 5, 9, 16], "texture": "#1"},
				"west": {"uv": [8, 5, 9, 16], "texture": "#1"},
				"up": {"uv": [0, 0, 2, 2], "texture": "#1"},
				"down": {"uv": [0, 0, 2, 2], "texture": "#1"}
			}
		},
		{
			"from": [9, 4, 7],
			"to": [12, 5, 10],
			"faces": {
				"north": {"uv": [9, 11, 11, 13], "texture": "#1"},
				"east": {"uv": [11, 11, 9, 13], "texture": "#1"},
				"south": {"uv": [9, 11, 11, 13], "texture": "#1"},
				"west": {"uv": [11, 11, 9, 13], "texture": "#1"},
				"up": {"uv": [9, 13, 11, 11], "texture": "#1"},
				"down": {"uv": [9, 11, 11, 12], "texture": "#1"}
			}
		},
		{
			"from": [7, 11, 8],
			"to": [12, 12, 9],
			"faces": {
				"north": {"uv": [4, 4, 9, 5], "texture": "#1"},
				"east": {"uv": [8, 4, 9, 5], "texture": "#1"},
				"south": {"uv": [4, 4, 9, 5], "texture": "#1"},
				"west": {"uv": [8, 4, 9, 5], "texture": "#1"},
				"up": {"uv": [4, 4, 9, 5], "texture": "#1"},
				"down": {"uv": [4, 4, 9, 5], "texture": "#1"}
			}
		},
		{
			"from": [11, 9, 7],
			"to": [13, 11, 9],
			"faces": {
				"north": {"uv": [5, 7, 7, 9], "texture": "#1"},
				"east": {"uv": [7, 7, 5, 9], "texture": "#1"},
				"south": {"uv": [5, 7, 7, 9], "texture": "#1"},
				"west": {"uv": [7, 7, 5, 9], "texture": "#1"},
				"up": {"uv": [5, 9, 7, 7], "texture": "#1"},
				"down": {"uv": [5, 7, 7, 9], "texture": "#1"}
			}
		},
		{
			"from": [3, 3, 7],
			"to": [5, 9, 9],
			"faces": {
				"north": {"uv": [11, 8, 13, 14], "texture": "#1"},
				"east": {"uv": [11, 8, 13, 14], "texture": "#1"},
				"south": {"uv": [11, 8, 13, 14], "texture": "#1"},
				"west": {"uv": [11, 8, 13, 14], "texture": "#1"},
				"up": {"uv": [11, 10, 13, 12], "texture": "#1"},
				"down": {"uv": [11, 12, 13, 14], "texture": "#1"}
			}
		},
		{
			"from": [8, 8, 8],
			"to": [10, 9, 9],
			"faces": {
				"north": {"uv": [6, 6, 8, 7], "texture": "#1"},
				"east": {"uv": [7, 6, 8, 7], "texture": "#1"},
				"south": {"uv": [6, 6, 8, 7], "texture": "#1"},
				"west": {"uv": [7, 13, 8, 14], "texture": "#1"},
				"up": {"uv": [6, 6, 8, 7], "texture": "#1"},
				"down": {"uv": [6, 6, 8, 7], "texture": "#1"}
			}
		},
		{
			"from": [6, 0, 7],
			"to": [9, 1, 10],
			"faces": {
				"north": {"uv": [8, 14, 9, 15], "texture": "#1"},
				"east": {"uv": [9, 14, 8, 15], "texture": "#1"},
				"south": {"uv": [8, 14, 9, 15], "texture": "#1"},
				"west": {"uv": [9, 14, 8, 15], "texture": "#1"},
				"up": {"uv": [8, 15, 9, 14], "texture": "#1"},
				"down": {"uv": [8, 14, 9, 15], "texture": "#1"}
			}
		},
		{
			"from": [7, 4, 9],
			"to": [8, 5, 11],
			"faces": {
				"north": {"uv": [6, 13, 8, 14], "texture": "#1"},
				"east": {"uv": [7, 13, 8, 14], "texture": "#1"},
				"south": {"uv": [6, 13, 8, 14], "texture": "#1"},
				"west": {"uv": [7, 13, 8, 14], "texture": "#1"},
				"up": {"uv": [6, 13, 8, 14], "texture": "#1"},
				"down": {"uv": [6, 13, 8, 14], "texture": "#1"}
			}
		},
		{
			"from": [6, 5, 10],
			"to": [9, 6, 13],
			"faces": {
				"north": {"uv": [9, 11, 11, 13], "texture": "#1"},
				"east": {"uv": [11, 11, 9, 13], "texture": "#1"},
				"south": {"uv": [9, 11, 11, 13], "texture": "#1"},
				"west": {"uv": [11, 11, 9, 13], "texture": "#1"},
				"up": {"uv": [9, 13, 11, 11], "texture": "#1"},
				"down": {"uv": [9, 11, 11, 12], "texture": "#1"}
			}
		},
		{
			"from": [7, 4, 6],
			"to": [8, 5, 8],
			"faces": {
				"north": {"uv": [6, 13, 8, 14], "texture": "#1"},
				"east": {"uv": [7, 13, 8, 14], "texture": "#1"},
				"south": {"uv": [6, 13, 8, 14], "texture": "#1"},
				"west": {"uv": [7, 13, 8, 14], "texture": "#1"},
				"up": {"uv": [6, 13, 8, 14], "texture": "#1"},
				"down": {"uv": [6, 13, 8, 14], "texture": "#1"}
			}
		},
		{
			"from": [7, 6, 9],
			"to": [8, 7, 10],
			"faces": {
				"north": {"uv": [6, 6, 8, 7], "texture": "#1"},
				"east": {"uv": [7, 6, 8, 7], "texture": "#1"},
				"south": {"uv": [6, 6, 8, 7], "texture": "#1"},
				"west": {"uv": [9, 14, 10, 15], "texture": "#1"},
				"up": {"uv": [6, 6, 8, 7], "texture": "#1"},
				"down": {"uv": [6, 6, 8, 7], "texture": "#1"}
			}
		},
		{
			"from": [9, 6, 8],
			"to": [11, 8, 10],
			"faces": {
				"north": {"uv": [5, 7, 7, 9], "texture": "#1"},
				"east": {"uv": [7, 7, 5, 9], "texture": "#1"},
				"south": {"uv": [5, 7, 7, 9], "texture": "#1"},
				"west": {"uv": [7, 7, 5, 9], "texture": "#1"},
				"up": {"uv": [5, 9, 7, 7], "texture": "#1"},
				"down": {"uv": [5, 7, 7, 9], "texture": "#1"}
			}
		},
		{
			"from": [6, 5, 10],
			"to": [8, 7, 12],
			"faces": {
				"north": {"uv": [5, 7, 7, 9], "texture": "#1"},
				"east": {"uv": [7, 7, 5, 9], "texture": "#1"},
				"south": {"uv": [5, 7, 7, 9], "texture": "#1"},
				"west": {"uv": [7, 7, 5, 9], "texture": "#1"},
				"up": {"uv": [5, 9, 7, 7], "texture": "#1"},
				"down": {"uv": [5, 7, 7, 9], "texture": "#1"}
			}
		},
		{
			"from": [4, 2, 8],
			"to": [7, 3, 9],
			"faces": {
				"north": {"uv": [9, 14, 12, 15], "texture": "#1"},
				"east": {"uv": [7, 6, 8, 7], "texture": "#1"},
				"south": {"uv": [9, 14, 12, 15], "texture": "#1"},
				"west": {"uv": [11, 14, 12, 15], "texture": "#1"},
				"up": {"uv": [9, 14, 12, 15], "texture": "#1"},
				"down": {"uv": [9, 14, 12, 15], "texture": "#1"}
			}
		},
		{
			"from": [7, 7, 7],
			"to": [8, 8, 8],
			"faces": {
				"north": {"uv": [6, 6, 8, 7], "texture": "#1"},
				"east": {"uv": [7, 6, 8, 7], "texture": "#1"},
				"south": {"uv": [6, 6, 8, 7], "texture": "#1"},
				"west": {"uv": [9, 14, 10, 15], "texture": "#1"},
				"up": {"uv": [6, 6, 8, 7], "texture": "#1"},
				"down": {"uv": [6, 6, 8, 7], "texture": "#1"}
			}
		},
		{
			"from": [6, 6, 5],
			"to": [8, 8, 7],
			"faces": {
				"north": {"uv": [5, 7, 7, 9], "texture": "#1"},
				"east": {"uv": [7, 7, 5, 9], "texture": "#1"},
				"south": {"uv": [5, 7, 7, 9], "texture": "#1"},
				"west": {"uv": [7, 7, 5, 9], "texture": "#1"},
				"up": {"uv": [5, 9, 7, 7], "texture": "#1"},
				"down": {"uv": [5, 7, 7, 9], "texture": "#1"}
			}
		}
	]
}