{
	"credit": "Made with Blockbench",
	"parent": "block/cross",
	"textures": {
		"cross": "block/orange_tulip"
	},
	"elements": [
		{
			"from": [7, 0, 7],
			"to": [9, 9, 9],
			"faces": {
				"north": {"uv": [7, 7, 9, 16], "texture": "#cross"},
				"east": {"uv": [7, 7, 9, 16], "texture": "#cross"},
				"south": {"uv": [7, 7, 9, 16], "texture": "#cross"},
				"west": {"uv": [7, 7, 9, 16], "texture": "#cross"},
				"up": {"uv": [0, 0, 2, 2], "texture": "#cross"},
				"down": {"uv": [0, 0, 2, 2], "texture": "#cross"}
			}
		},
		{
			"from": [9, 4, 7],
			"to": [11, 5, 8],
			"faces": {
				"north": {"uv": [9, 11, 11, 12], "texture": "#cross"},
				"east": {"uv": [9, 11, 10, 12], "texture": "#cross"},
				"south": {"uv": [9, 11, 11, 12], "texture": "#cross"},
				"west": {"uv": [0, 0, 1, 1], "texture": "#cross"},
				"up": {"uv": [9, 11, 11, 12], "texture": "#cross"},
				"down": {"uv": [9, 11, 11, 12], "texture": "#cross"}
			}
		},
		{
			"from": [10, 5, 6],
			"to": [12, 9, 8],
			"faces": {
				"north": {"uv": [10, 7, 12, 11], "texture": "#cross"},
				"east": {"uv": [12, 7, 10, 11], "texture": "#cross"},
				"south": {"uv": [10, 7, 12, 11], "texture": "#cross"},
				"west": {"uv": [12, 7, 10, 11], "texture": "#cross"},
				"up": {"uv": [10, 11, 12, 9], "texture": "#cross"},
				"down": {"uv": [9, 11, 11, 12], "texture": "#cross"}
			}
		},
		{
			"from": [5, 3, 8],
			"to": [7, 4, 9],
			"faces": {
				"north": {"uv": [9, 11, 11, 12], "texture": "#cross"},
				"east": {"uv": [9, 11, 11, 12], "texture": "#cross"},
				"south": {"uv": [9, 11, 11, 12], "texture": "#cross"},
				"west": {"uv": [6, 12, 7, 13], "texture": "#cross"},
				"up": {"uv": [9, 11, 11, 12], "texture": "#cross"},
				"down": {"uv": [9, 11, 11, 12], "texture": "#cross"}
			}
		},
		{
			"from": [4, 4, 8],
			"to": [6, 8, 10],
			"faces": {
				"north": {"uv": [10, 7, 12, 11], "texture": "#cross"},
				"east": {"uv": [12, 7, 10, 11], "texture": "#cross"},
				"south": {"uv": [10, 7, 12, 11], "texture": "#cross"},
				"west": {"uv": [12, 7, 10, 11], "texture": "#cross"},
				"up": {"uv": [10, 11, 12, 9], "texture": "#cross"},
				"down": {"uv": [9, 11, 11, 12], "texture": "#cross"}
			}
		},
		{
			"from": [7, 9, 7],
			"to": [9, 14, 9],
			"faces": {
				"north": {"uv": [7, 2, 9, 7], "texture": "#cross"},
				"east": {"uv": [9, 2, 7, 7], "texture": "#cross"},
				"south": {"uv": [7, 2, 9, 7], "texture": "#cross"},
				"west": {"uv": [9, 2, 7, 7], "texture": "#cross"},
				"up": {"uv": [7, 4, 9, 2], "texture": "#cross"},
				"down": {"uv": [9, 11, 11, 12], "texture": "#cross"}
			}
		},
		{
			"from": [6, 10, 7],
			"to": [7, 13, 9],
			"faces": {
				"north": {"uv": [7, 5, 9, 7], "texture": "#cross"},
				"east": {"uv": [9, 2, 7, 7], "texture": "#cross"},
				"south": {"uv": [7, 5, 9, 7], "texture": "#cross"},
				"west": {"uv": [9, 5, 7, 7], "texture": "#cross"},
				"up": {"uv": [7, 6, 9, 5], "texture": "#cross"},
				"down": {"uv": [7, 6, 9, 7], "texture": "#cross"}
			}
		},
		{
			"from": [7, 10, 9],
			"to": [9, 13, 10],
			"faces": {
				"north": {"uv": [7, 5, 9, 7], "texture": "#cross"},
				"east": {"uv": [9, 5, 7, 7], "texture": "#cross"},
				"south": {"uv": [7, 5, 9, 7], "texture": "#cross"},
				"west": {"uv": [9, 5, 7, 7], "texture": "#cross"},
				"up": {"uv": [7, 6, 9, 5], "texture": "#cross"},
				"down": {"uv": [7, 6, 9, 7], "texture": "#cross"}
			}
		},
		{
			"from": [7, 10, 6],
			"to": [9, 13, 7],
			"faces": {
				"north": {"uv": [7, 5, 9, 7], "texture": "#cross"},
				"east": {"uv": [9, 5, 7, 7], "texture": "#cross"},
				"south": {"uv": [7, 5, 9, 7], "texture": "#cross"},
				"west": {"uv": [9, 5, 7, 7], "texture": "#cross"},
				"up": {"uv": [7, 6, 9, 5], "texture": "#cross"},
				"down": {"uv": [7, 6, 9, 7], "texture": "#cross"}
			}
		},
		{
			"from": [9, 10, 7],
			"to": [10, 13, 9],
			"faces": {
				"north": {"uv": [7, 5, 9, 7], "texture": "#cross"},
				"east": {"uv": [9, 5, 7, 7], "texture": "#cross"},
				"south": {"uv": [7, 5, 9, 7], "texture": "#cross"},
				"west": {"uv": [9, 5, 7, 7], "texture": "#cross"},
				"up": {"uv": [7, 6, 9, 5], "texture": "#cross"},
				"down": {"uv": [7, 6, 9, 7], "texture": "#cross"}
			}
		},
		{
			"from": [8, 0, 9],
			"to": [9, 1, 10],
			"faces": {
				"north": {"uv": [9, 11, 11, 12], "texture": "#cross"},
				"east": {"uv": [9, 11, 11, 12], "texture": "#cross"},
				"south": {"uv": [9, 11, 11, 12], "texture": "#cross"},
				"west": {"uv": [6, 12, 7, 13], "texture": "#cross"},
				"up": {"uv": [9, 11, 11, 12], "texture": "#cross"},
				"down": {"uv": [9, 11, 11, 12], "texture": "#cross"}
			}
		},
		{
			"from": [7, 0, 6],
			"to": [8, 1, 7],
			"faces": {
				"north": {"uv": [9, 11, 11, 12], "texture": "#cross"},
				"east": {"uv": [9, 11, 11, 12], "texture": "#cross"},
				"south": {"uv": [9, 11, 11, 12], "texture": "#cross"},
				"west": {"uv": [6, 12, 7, 13], "texture": "#cross"},
				"up": {"uv": [9, 11, 11, 12], "texture": "#cross"},
				"down": {"uv": [9, 11, 11, 12], "texture": "#cross"}
			}
		},
		{
			"from": [6, 0, 8],
			"to": [7, 1, 9],
			"faces": {
				"north": {"uv": [9, 11, 11, 12], "texture": "#cross"},
				"east": {"uv": [9, 11, 11, 12], "texture": "#cross"},
				"south": {"uv": [9, 11, 11, 12], "texture": "#cross"},
				"west": {"uv": [6, 12, 7, 13], "texture": "#cross"},
				"up": {"uv": [9, 11, 11, 12], "texture": "#cross"},
				"down": {"uv": [9, 11, 11, 12], "texture": "#cross"}
			}
		},
		{
			"from": [9, 0, 7],
			"to": [10, 1, 8],
			"faces": {
				"north": {"uv": [9, 11, 11, 12], "texture": "#cross"},
				"east": {"uv": [9, 11, 11, 12], "texture": "#cross"},
				"south": {"uv": [9, 11, 11, 12], "texture": "#cross"},
				"west": {"uv": [6, 12, 7, 13], "texture": "#cross"},
				"up": {"uv": [9, 11, 11, 12], "texture": "#cross"},
				"down": {"uv": [9, 11, 11, 12], "texture": "#cross"}
			}
		}
	]
}