{
	"credit": "Made with Blockbench",
	"ambientocclusion": false,
	"textures": {
		"0": "block/oxeye_daisy",
		"particle": "block/oxeye_daisy"
	},
	"elements": [
		{
			"from": [9, 10, 5],
			"to": [11, 13, 7],
			"faces": {
				"north": {"uv": [9, 3, 10, 6], "texture": "#0"},
				"east": {"uv": [9, 3, 10, 6], "texture": "#0"},
				"south": {"uv": [9, 3, 10, 6], "texture": "#0"},
				"west": {"uv": [9, 3, 10, 6], "texture": "#0"},
				"up": {"uv": [9, 4, 11, 5], "texture": "#0"},
				"down": {"uv": [9, 4, 11, 5], "texture": "#0"}
			}
		},
		{
			"from": [7, 0, 7],
			"to": [9, 9, 9],
			"faces": {
				"north": {"uv": [7, 7, 9, 16], "texture": "#0"},
				"east": {"uv": [7, 7, 9, 16], "texture": "#0"},
				"south": {"uv": [7, 7, 9, 16], "texture": "#0"},
				"west": {"uv": [7, 7, 9, 16], "texture": "#0"},
				"up": {"uv": [7, 15, 8, 16], "texture": "#0"},
				"down": {"uv": [8, 14, 10, 16], "texture": "#0"}
			}
		},
		{
			"from": [7, 5, 4],
			"to": [9, 6, 6],
			"faces": {
				"north": {"uv": [7, 8, 9, 10], "texture": "#0"},
				"east": {"uv": [7, 8, 9, 10], "texture": "#0"},
				"south": {"uv": [10, 11, 12, 12], "texture": "#0"},
				"west": {"uv": [7, 8, 9, 10], "texture": "#0"},
				"up": {"uv": [7, 10, 9, 12], "texture": "#0"},
				"down": {"uv": [7, 10, 9, 12], "texture": "#0"}
			}
		},
		{
			"from": [7, 5, 6],
			"to": [8, 6, 7],
			"faces": {
				"north": {"uv": [9, 11, 10, 12], "texture": "#0"},
				"east": {"uv": [7, 10, 8, 11], "texture": "#0"},
				"south": {"uv": [9, 11, 10, 12], "texture": "#0"},
				"west": {"uv": [7, 10, 8, 11], "texture": "#0"},
				"up": {"uv": [9, 8, 10, 9], "texture": "#0"},
				"down": {"uv": [7, 9, 8, 10], "texture": "#0"}
			}
		},
		{
			"from": [4, 4, 7],
			"to": [6, 5, 9],
			"faces": {
				"north": {"uv": [7, 11, 9, 12], "texture": "#0"},
				"east": {"uv": [7, 11, 9, 12], "texture": "#0"},
				"south": {"uv": [7, 10, 9, 11], "texture": "#0"},
				"west": {"uv": [7, 11, 9, 12], "texture": "#0"},
				"up": {"uv": [7, 8, 9, 10], "texture": "#0"},
				"down": {"uv": [7, 10, 9, 12], "texture": "#0"}
			}
		},
		{
			"from": [6, 4, 8],
			"to": [7, 5, 9],
			"faces": {
				"north": {"uv": [7, 11, 8, 12], "texture": "#0"},
				"east": {"uv": [9, 7, 10, 13], "texture": "#0"},
				"south": {"uv": [9, 8, 10, 9], "texture": "#0"},
				"west": {"uv": [9, 7, 10, 13], "texture": "#0"},
				"up": {"uv": [8, 10, 9, 11], "texture": "#0"},
				"down": {"uv": [8, 11, 9, 12], "texture": "#0"}
			}
		},
		{
			"from": [7, 6, 10],
			"to": [9, 7, 12],
			"faces": {
				"north": {"uv": [7, 10, 9, 12], "texture": "#0"},
				"east": {"uv": [7, 10, 9, 12], "texture": "#0"},
				"south": {"uv": [7, 9, 9, 11], "texture": "#0"},
				"west": {"uv": [7, 10, 9, 12], "texture": "#0"},
				"up": {"uv": [7, 8, 9, 10], "texture": "#0"},
				"down": {"uv": [7, 10, 9, 12], "texture": "#0"}
			}
		},
		{
			"from": [8, 6, 9],
			"to": [9, 7, 10],
			"faces": {
				"north": {"uv": [9, 11, 10, 12], "texture": "#0"},
				"east": {"uv": [9, 8, 10, 9], "texture": "#0"},
				"south": {"uv": [9, 11, 10, 12], "texture": "#0"},
				"west": {"uv": [8, 9, 9, 10], "texture": "#0"},
				"up": {"uv": [8, 10, 9, 11], "texture": "#0"},
				"down": {"uv": [8, 11, 9, 12], "texture": "#0"}
			}
		},
		{
			"from": [10, 3, 7],
			"to": [12, 4, 9],
			"faces": {
				"north": {"uv": [7, 12, 9, 13], "texture": "#0"},
				"east": {"uv": [7, 11, 9, 12], "texture": "#0"},
				"south": {"uv": [7, 12, 9, 13], "texture": "#0"},
				"west": {"uv": [7, 11, 9, 12], "texture": "#0"},
				"up": {"uv": [7, 8, 9, 10], "texture": "#0"},
				"down": {"uv": [7, 10, 9, 12], "texture": "#0"}
			}
		},
		{
			"from": [9, 3, 7],
			"to": [10, 4, 8],
			"faces": {
				"north": {"uv": [8, 11, 9, 12], "texture": "#0"},
				"east": {"uv": [9, 7, 10, 13], "texture": "#0"},
				"south": {"uv": [8, 12, 9, 13], "texture": "#0"},
				"west": {"uv": [9, 7, 10, 13], "texture": "#0"},
				"up": {"uv": [8, 8, 9, 9], "texture": "#0"},
				"down": {"uv": [8, 11, 9, 12], "texture": "#0"}
			}
		},
		{
			"from": [8, 0, 6],
			"to": [9, 2, 7],
			"faces": {
				"north": {"uv": [8, 15, 9, 16], "texture": "#0"},
				"east": {"uv": [7, 14, 8, 16], "texture": "#0"},
				"south": {"uv": [9, 11, 10, 12], "texture": "#0"},
				"west": {"uv": [8, 14, 9, 16], "texture": "#0"},
				"up": {"uv": [7, 15, 8, 16], "texture": "#0"},
				"down": {"uv": [7, 15, 9, 16], "texture": "#0"}
			}
		},
		{
			"from": [6, 0, 7],
			"to": [7, 2, 8],
			"faces": {
				"north": {"uv": [7, 14, 8, 16], "texture": "#0"},
				"east": {"uv": [9, 11, 10, 12], "texture": "#0"},
				"south": {"uv": [7, 14, 8, 16], "texture": "#0"},
				"west": {"uv": [8, 14, 9, 15], "texture": "#0"},
				"up": {"uv": [7, 14, 8, 15], "texture": "#0"},
				"down": {"uv": [8, 14, 9, 16], "texture": "#0"}
			}
		},
		{
			"from": [7, 0, 9],
			"to": [8, 2, 10],
			"faces": {
				"north": {"uv": [9, 11, 10, 12], "texture": "#0"},
				"east": {"uv": [7, 14, 8, 16], "texture": "#0"},
				"south": {"uv": [8, 14, 9, 16], "texture": "#0"},
				"west": {"uv": [8, 14, 9, 16], "texture": "#0"},
				"up": {"uv": [7, 14, 8, 15], "texture": "#0"},
				"down": {"uv": [7, 15, 9, 16], "texture": "#0"}
			}
		},
		{
			"from": [6, 9, 6],
			"to": [10, 14, 10],
			"faces": {
				"north": {"uv": [6, 2, 10, 7], "texture": "#0"},
				"east": {"uv": [6, 2, 10, 7], "texture": "#0"},
				"south": {"uv": [6, 2, 10, 7], "texture": "#0"},
				"west": {"uv": [6, 2, 10, 7], "texture": "#0"},
				"up": {"uv": [7, 3, 9, 4], "texture": "#0"},
				"down": {"uv": [7, 6, 9, 7], "texture": "#0"}
			}
		},
		{
			"from": [9, 0, 8],
			"to": [10, 2, 9],
			"faces": {
				"north": {"uv": [9, 11, 10, 12], "texture": "#0"},
				"east": {"uv": [7, 14, 8, 16], "texture": "#0"},
				"south": {"uv": [8, 14, 9, 16], "texture": "#0"},
				"west": {"uv": [8, 14, 9, 16], "texture": "#0"},
				"up": {"uv": [7, 14, 8, 15], "texture": "#0"},
				"down": {"uv": [7, 15, 9, 16], "texture": "#0"}
			}
		},
		{
			"from": [9, 10, 9],
			"to": [11, 13, 11],
			"faces": {
				"north": {"uv": [9, 3, 10, 6], "texture": "#0"},
				"east": {"uv": [9, 3, 10, 6], "texture": "#0"},
				"south": {"uv": [9, 3, 10, 6], "texture": "#0"},
				"west": {"uv": [9, 3, 10, 6], "texture": "#0"},
				"up": {"uv": [9, 4, 11, 5], "texture": "#0"},
				"down": {"uv": [9, 4, 11, 5], "texture": "#0"}
			}
		},
		{
			"from": [5, 10, 9],
			"to": [7, 13, 11],
			"faces": {
				"north": {"uv": [9, 3, 10, 6], "texture": "#0"},
				"east": {"uv": [9, 3, 10, 6], "texture": "#0"},
				"south": {"uv": [9, 3, 10, 6], "texture": "#0"},
				"west": {"uv": [9, 3, 10, 6], "texture": "#0"},
				"up": {"uv": [9, 4, 11, 5], "texture": "#0"},
				"down": {"uv": [9, 4, 11, 5], "texture": "#0"}
			}
		},
		{
			"from": [5, 10, 5],
			"to": [7, 13, 7],
			"faces": {
				"north": {"uv": [9, 3, 10, 6], "texture": "#0"},
				"east": {"uv": [9, 3, 10, 6], "texture": "#0"},
				"south": {"uv": [9, 3, 10, 6], "texture": "#0"},
				"west": {"uv": [9, 3, 10, 6], "texture": "#0"},
				"up": {"uv": [9, 4, 11, 5], "texture": "#0"},
				"down": {"uv": [9, 4, 11, 5], "texture": "#0"}
			}
		}
	]
}