{
	"credit": "Made with Blockbench, a free, modern block model editor by JannisX11",
	"ambientocclusion": false,
	"textures": {
		"0": "block/sunflower_front",
		"1": "block/sunflower_top",
		"2": "block/sunflower_back",
		"particle": "block/sunflower_front"
	},
	"elements": [
		{
			"name": "cube",
			"from": [7, 0, 7],
			"to": [9, 8, 9],
			"faces": {
				"north": {"uv": [7, 6, 9, 16], "texture": "#1"},
				"east": {"uv": [7, 6, 9, 16], "texture": "#1"},
				"south": {"uv": [7, 6, 9, 16], "texture": "#1"},
				"west": {"uv": [7, 6, 9, 16], "texture": "#1"},
				"up": {"uv": [8, 15, 9, 16], "texture": "#1"}
			}
		},
		{
			"name": "cube",
			"from": [3, 1, 4],
			"to": [7, 2, 8],
			"faces": {
				"north": {"uv": [9, 11, 11, 12], "texture": "#1"},
				"east": {"uv": [9, 11, 11, 12], "texture": "#1"},
				"south": {"uv": [9, 11, 11, 12], "texture": "#1"},
				"west": {"uv": [5, 14, 7, 15], "texture": "#1"},
				"up": {"uv": [10, 11, 11, 12], "texture": "#1"},
				"down": {"uv": [10, 11, 11, 12], "texture": "#1"}
			}
		},
		{
			"name": "cube",
			"from": [8.1, 4, 4],
			"to": [9.1, 12, 12],
			"rotation": {
				"angle": 22.5,
				"axis": "z",
				"origin": [8.6, 8, 8]
			},
			"faces": {
				"north": {"uv": [11, 4, 12, 12], "texture": "#0"},
				"east": {"uv": [4, 4, 12, 12], "texture": "#0"},
				"south": {"uv": [4, 4, 5, 12], "texture": "#0"},
				"west": {"uv": [4, 4, 12, 12], "texture": "#2"},
				"up": {"uv": [4, 4, 12, 5], "texture": "#0"},
				"down": {"uv": [4, 11, 12, 12], "texture": "#0"}
			}
		},
		{
			"name": "cube",
			"from": [4, 4, 9],
			"to": [8, 5, 13],
			"faces": {
				"north": {"uv": [9, 11, 11, 12], "texture": "#1"},
				"east": {"uv": [9, 11, 11, 12], "texture": "#1"},
				"south": {"uv": [9, 11, 11, 12], "texture": "#1"},
				"west": {"uv": [5, 14, 7, 15], "texture": "#1"},
				"up": {"uv": [10, 11, 11, 12], "texture": "#1"},
				"down": {"uv": [10, 11, 11, 12], "texture": "#1"}
			}
		}
	]
}