{
	"credit": "Made with Blockbench",
	"texture_size": [48, 48],
	"textures": {
		"3": "default/amethyst_battleaxe"
	},
	"elements": [
		{
			"from": [7, -12, 6],
			"to": [9, 18, 8],
			"rotation": {"angle": 0, "axis": "y", "origin": [8, 2, 7]},
			"faces": {
				"north": {"uv": [0, 0, 0.66667, 10], "texture": "#3"},
				"east": {"uv": [0.66667, 0, 1.33333, 10], "texture": "#3"},
				"south": {"uv": [1.33333, 0, 2, 10], "texture": "#3"},
				"west": {"uv": [2, 0, 2.66667, 10], "texture": "#3"},
				"up": {"uv": [12.66667, 5.33333, 12, 4.66667], "texture": "#3"},
				"down": {"uv": [10, 12, 9.33333, 12.66667], "texture": "#3"}
			}
		},
		{
			"from": [5, 18, 5],
			"to": [11, 26, 9],
			"rotation": {"angle": 0, "axis": "y", "origin": [0, 2, -1]},
			"faces": {
				"north": {"uv": [7, 5, 5, 7.66667], "texture": "#3"},
				"east": {"uv": [7, 2.33333, 8.33333, 5], "texture": "#3"},
				"south": {"uv": [5, 5, 7, 7.66667], "texture": "#3"},
				"west": {"uv": [2.66667, 7, 4, 9.66667], "texture": "#3"},
				"up": {"uv": [11.33333, 8.66667, 9.33333, 7.33333], "texture": "#3"},
				"down": {"uv": [11.33333, 8.66667, 9.33333, 10], "texture": "#3"}
			}
		},
		{
			"from": [10.7915, 11.51019, 6.502],
			"to": [17.7875, 15.50619, 7.498],
			"rotation": {"angle": -45, "axis": "z", "origin": [16.7895, 17.50819, 7.5]},
			"faces": {
				"north": {"uv": [7, 5, 9.33333, 6.33333], "texture": "#3"},
				"east": {"uv": [5.66667, 12, 6, 13.33333], "texture": "#3"},
				"south": {"uv": [7, 6.33333, 9.33333, 7.66667], "texture": "#3"},
				"west": {"uv": [10, 12, 10.33333, 13.33333], "texture": "#3"},
				"up": {"uv": [13.66667, 8.66667, 11.33333, 8.33333], "texture": "#3"},
				"down": {"uv": [13.66667, 8.66667, 11.33333, 9], "texture": "#3"}
			}
		},
		{
			"from": [9.68925, 15.46508, 6.5],
			"to": [17.68925, 17.46508, 7.5],
			"rotation": {"angle": -22.5, "axis": "z", "origin": [16.68925, 19.46508, 7.5]},
			"faces": {
				"north": {"uv": [10.33333, 3.33333, 13, 4], "texture": "#3"},
				"east": {"uv": [13.33333, 13.33333, 13.66667, 14], "texture": "#3"},
				"south": {"uv": [10.33333, 4, 13, 4.66667], "texture": "#3"},
				"west": {"uv": [0, 13.66667, 0.33333, 14.33333], "texture": "#3"},
				"up": {"uv": [14, 8, 11.33333, 7.66667], "texture": "#3"},
				"down": {"uv": [14, 8, 11.33333, 8.33333], "texture": "#3"}
			}
		},
		{
			"from": [15.68925, 17.46508, 6.5],
			"to": [17.68925, 22.46508, 7.5],
			"rotation": {"angle": -22.5, "axis": "z", "origin": [16.68925, 19.46508, 7.5]},
			"faces": {
				"north": {"uv": [6.66667, 10.66667, 7.33333, 12.33333], "texture": "#3"},
				"east": {"uv": [4.33333, 12, 4.66667, 13.66667], "texture": "#3"},
				"south": {"uv": [7.33333, 10.66667, 8, 12.33333], "texture": "#3"},
				"west": {"uv": [4.66667, 12, 5, 13.66667], "texture": "#3"},
				"up": {"uv": [13.66667, 5.66667, 13, 5.33333], "texture": "#3"},
				"down": {"uv": [13.66667, 10.66667, 13, 11], "texture": "#3"}
			}
		},
		{
			"from": [15.68925, 21.24299, 6.5],
			"to": [17.68925, 26.24299, 7.5],
			"rotation": {"angle": 22.5, "axis": "z", "origin": [16.68925, 24.24299, 7.5]},
			"faces": {
				"north": {"uv": [2.66667, 9.66667, 3.33333, 11.33333], "texture": "#3"},
				"east": {"uv": [6, 9, 6.33333, 10.66667], "texture": "#3"},
				"south": {"uv": [3.33333, 9.66667, 4, 11.33333], "texture": "#3"},
				"west": {"uv": [1.33333, 12, 1.66667, 13.66667], "texture": "#3"},
				"up": {"uv": [10.33333, 1.33333, 9.66667, 1], "texture": "#3"},
				"down": {"uv": [2.66667, 11, 2, 11.33333], "texture": "#3"}
			}
		},
		{
			"from": [9.68925, 26.24299, 6.5],
			"to": [17.68925, 29.24299, 7.5],
			"rotation": {"angle": 22.5, "axis": "z", "origin": [16.68925, 24.24299, 6.5]},
			"faces": {
				"north": {"uv": [9.66667, 0, 12.33333, 1], "texture": "#3"},
				"east": {"uv": [11, 12, 11.33333, 13], "texture": "#3"},
				"south": {"uv": [0, 10, 2.66667, 11], "texture": "#3"},
				"west": {"uv": [2, 12.33333, 2.33333, 13.33333], "texture": "#3"},
				"up": {"uv": [13.66667, 6, 11, 5.66667], "texture": "#3"},
				"down": {"uv": [13.66667, 6, 11, 6.33333], "texture": "#3"}
			}
		},
		{
			"from": [10.31084, 18.35203, 6.499],
			"to": [17.31484, 25.35603, 7.503],
			"rotation": {"angle": -45, "axis": "z", "origin": [13.81284, 21.85403, 7.001]},
			"faces": {
				"north": {"uv": [2.66667, 0, 5, 2.33333], "texture": "#3"},
				"east": {"uv": [3, 11.33333, 3.33333, 13.66667], "texture": "#3"},
				"south": {"uv": [2.66667, 2.33333, 5, 4.66667], "texture": "#3"},
				"west": {"uv": [3.33333, 11.33333, 3.66667, 13.66667], "texture": "#3"},
				"up": {"uv": [13.66667, 9.33333, 11.33333, 9], "texture": "#3"},
				"down": {"uv": [13.66667, 9.33333, 11.33333, 9.66667], "texture": "#3"}
			}
		},
		{
			"from": [-1.68925, 26.24299, 6.5],
			"to": [6.31075, 29.24299, 7.5],
			"rotation": {"angle": -22.5, "axis": "z", "origin": [-0.68925, 24.24299, 6.5]},
			"faces": {
				"north": {"uv": [9.33333, 10, 12, 11], "texture": "#3"},
				"east": {"uv": [2.33333, 12.33333, 2.66667, 13.33333], "texture": "#3"},
				"south": {"uv": [10.33333, 1, 13, 2], "texture": "#3"},
				"west": {"uv": [2.66667, 12.33333, 3, 13.33333], "texture": "#3"},
				"up": {"uv": [14, 6.66667, 11.33333, 6.33333], "texture": "#3"},
				"down": {"uv": [14, 6.66667, 11.33333, 7], "texture": "#3"}
			}
		},
		{
			"from": [-1.68794, 21.24245, 6.501],
			"to": [0.31206, 26.24245, 7.501],
			"rotation": {"angle": -22.5, "axis": "z", "origin": [-0.68794, 24.24245, 7.501]},
			"faces": {
				"north": {"uv": [10.33333, 4.66667, 11, 6.33333], "texture": "#3"},
				"east": {"uv": [1.66667, 12, 2, 13.66667], "texture": "#3"},
				"south": {"uv": [6, 10.66667, 6.66667, 12.33333], "texture": "#3"},
				"west": {"uv": [4, 12, 4.33333, 13.66667], "texture": "#3"},
				"up": {"uv": [13, 1, 12.33333, 0.66667], "texture": "#3"},
				"down": {"uv": [13.33333, 4.66667, 12.66667, 5], "texture": "#3"}
			}
		},
		{
			"from": [-1.68825, 17.46608, 6.501],
			"to": [0.30975, 22.46408, 7.499],
			"rotation": {"angle": 22.5, "axis": "z", "origin": [-0.68925, 19.46508, 7.5]},
			"faces": {
				"north": {"uv": [8, 10.66667, 8.66667, 12.33333], "texture": "#3"},
				"east": {"uv": [5, 12, 5.33333, 13.66667], "texture": "#3"},
				"south": {"uv": [8.66667, 10.66667, 9.33333, 12.33333], "texture": "#3"},
				"west": {"uv": [5.33333, 12, 5.66667, 13.66667], "texture": "#3"},
				"up": {"uv": [14.33333, 0.33333, 13.66667, 0], "texture": "#3"},
				"down": {"uv": [1, 13.66667, 0.33333, 14], "texture": "#3"}
			}
		},
		{
			"from": [-1.68925, 15.46508, 6.5],
			"to": [6.31075, 17.46508, 7.5],
			"rotation": {"angle": 22.5, "axis": "z", "origin": [-0.68925, 19.46508, 7.5]},
			"faces": {
				"north": {"uv": [10.33333, 2, 13, 2.66667], "texture": "#3"},
				"east": {"uv": [9.66667, 12.66667, 10, 13.33333], "texture": "#3"},
				"south": {"uv": [10.33333, 2.66667, 13, 3.33333], "texture": "#3"},
				"west": {"uv": [12.66667, 10, 13, 10.66667], "texture": "#3"},
				"up": {"uv": [14, 7.33333, 11.33333, 7], "texture": "#3"},
				"down": {"uv": [14, 7.33333, 11.33333, 7.66667], "texture": "#3"}
			}
		},
		{
			"from": [-1.7875, 11.51019, 6.502],
			"to": [5.2085, 15.50619, 7.498],
			"rotation": {"angle": 45, "axis": "z", "origin": [-0.7895, 17.50819, 7.5]},
			"faces": {
				"north": {"uv": [7.33333, 0, 9.66667, 1.33333], "texture": "#3"},
				"east": {"uv": [10.33333, 12, 10.66667, 13.33333], "texture": "#3"},
				"south": {"uv": [4, 7.66667, 6.33333, 9], "texture": "#3"},
				"west": {"uv": [10.66667, 12, 11, 13.33333], "texture": "#3"},
				"up": {"uv": [13.66667, 10, 11.33333, 9.66667], "texture": "#3"},
				"down": {"uv": [13.66667, 11, 11.33333, 11.33333], "texture": "#3"}
			}
		},
		{
			"from": [-1.31684, 18.35003, 6.497],
			"to": [5.69116, 25.35803, 7.505],
			"rotation": {"angle": 45, "axis": "z", "origin": [2.18716, 21.85403, 7.001]},
			"faces": {
				"north": {"uv": [2.66667, 4.66667, 5, 7], "texture": "#3"},
				"east": {"uv": [3.66667, 11.33333, 4, 13.66667], "texture": "#3"},
				"south": {"uv": [5, 0, 7.33333, 2.33333], "texture": "#3"},
				"west": {"uv": [11.33333, 11.33333, 11.66667, 13.66667], "texture": "#3"},
				"up": {"uv": [14, 11.66667, 11.66667, 11.33333], "texture": "#3"},
				"down": {"uv": [14, 11.66667, 11.66667, 12], "texture": "#3"}
			}
		},
		{
			"from": [7, 26, 6],
			"to": [9, 27, 8],
			"rotation": {"angle": 0, "axis": "y", "origin": [0, 2, -1]},
			"faces": {
				"north": {"uv": [12.66667, 5, 13.33333, 5.33333], "texture": "#3"},
				"east": {"uv": [11.66667, 12.66667, 12.33333, 13], "texture": "#3"},
				"south": {"uv": [12.66667, 12, 13.33333, 12.33333], "texture": "#3"},
				"west": {"uv": [12.66667, 12.33333, 13.33333, 12.66667], "texture": "#3"},
				"up": {"uv": [12.66667, 10.66667, 12, 10], "texture": "#3"},
				"down": {"uv": [12.33333, 12, 11.66667, 12.66667], "texture": "#3"}
			}
		},
		{
			"from": [6.5, -12.05, 5.5],
			"to": [9.5, -11.05, 8.5],
			"rotation": {"angle": 0, "axis": "y", "origin": [8, -13.11066, 7]},
			"faces": {
				"north": {"uv": [12, 5.33333, 13, 5.66667], "texture": "#3"},
				"east": {"uv": [12, 10.66667, 13, 11], "texture": "#3"},
				"south": {"uv": [12.33333, 0, 13.33333, 0.33333], "texture": "#3"},
				"west": {"uv": [12.33333, 0.33333, 13.33333, 0.66667], "texture": "#3"},
				"up": {"uv": [1, 12, 0, 11], "texture": "#3"},
				"down": {"uv": [2, 11, 1, 12], "texture": "#3"}
			}
		},
		{
			"from": [6.29467, -14.8, 6],
			"to": [9.29467, -11.8, 8],
			"rotation": {"angle": -45, "axis": "z", "origin": [8.09467, -13.4731, 7]},
			"faces": {
				"north": {"uv": [7.33333, 1.33333, 8.33333, 2.33333], "texture": "#3"},
				"east": {"uv": [0, 12, 0.66667, 13], "texture": "#3"},
				"south": {"uv": [10.33333, 6.33333, 11.33333, 7.33333], "texture": "#3"},
				"west": {"uv": [0.66667, 12, 1.33333, 13], "texture": "#3"},
				"up": {"uv": [5, 7.66667, 4, 7], "texture": "#3"},
				"down": {"uv": [9.33333, 4.33333, 8.33333, 5], "texture": "#3"}
			}
		},
		{
			"from": [7.501, 27.41921, 8.46121],
			"to": [8.497, 28.11721, 9.15921],
			"rotation": {"angle": 0, "axis": "y", "origin": [7.98531, 28.08857, 7.0442]},
			"faces": {
				"north": {"uv": [6.33333, 14, 6.66667, 14.33333], "texture": "#3"},
				"east": {"uv": [14, 6.33333, 14.33333, 6.66667], "texture": "#3"},
				"south": {"uv": [6.66667, 14, 7, 14.33333], "texture": "#3"},
				"west": {"uv": [14, 6.66667, 14.33333, 7], "texture": "#3"},
				"up": {"uv": [7.33333, 14.33333, 7, 14], "texture": "#3"},
				"down": {"uv": [14.33333, 7, 14, 7.33333], "texture": "#3"}
			}
		},
		{
			"from": [7.5, 27.11265, 5.06643],
			"to": [8.5, 29.11265, 6.06643],
			"rotation": {"angle": -45, "axis": "x", "origin": [7.98531, 28.08857, 7.0442]},
			"faces": {
				"north": {"uv": [7, 13.33333, 7.33333, 14], "texture": "#3"},
				"east": {"uv": [7.33333, 13.33333, 7.66667, 14], "texture": "#3"},
				"south": {"uv": [7.66667, 13.33333, 8, 14], "texture": "#3"},
				"west": {"uv": [8, 13.33333, 8.33333, 14], "texture": "#3"},
				"up": {"uv": [7.66667, 14.33333, 7.33333, 14], "texture": "#3"},
				"down": {"uv": [14.33333, 7.33333, 14, 7.66667], "texture": "#3"}
			}
		},
		{
			"from": [7.501, 27.41921, 4.92657],
			"to": [8.489, 28.11721, 5.62457],
			"rotation": {"angle": 0, "axis": "y", "origin": [7.98531, 28.08857, 7.0442]},
			"faces": {
				"north": {"uv": [7.66667, 14, 8, 14.33333], "texture": "#3"},
				"east": {"uv": [14, 7.66667, 14.33333, 8], "texture": "#3"},
				"south": {"uv": [8, 14, 8.33333, 14.33333], "texture": "#3"},
				"west": {"uv": [14, 8, 14.33333, 8.33333], "texture": "#3"},
				"up": {"uv": [8.66667, 14.33333, 8.33333, 14], "texture": "#3"},
				"down": {"uv": [14.33333, 8.33333, 14, 8.66667], "texture": "#3"}
			}
		},
		{
			"from": [5.86679, 28.12443, 6.54736],
			"to": [6.56679, 28.82443, 7.54236],
			"rotation": {"angle": 0, "axis": "y", "origin": [7.98531, 28.08857, 7.0442]},
			"faces": {
				"north": {"uv": [8.66667, 14, 9, 14.33333], "texture": "#3"},
				"east": {"uv": [14, 8.66667, 14.33333, 9], "texture": "#3"},
				"south": {"uv": [9, 14, 9.33333, 14.33333], "texture": "#3"},
				"west": {"uv": [14, 9, 14.33333, 9.33333], "texture": "#3"},
				"up": {"uv": [9.66667, 14.33333, 9.33333, 14], "texture": "#3"},
				"down": {"uv": [14.33333, 9.33333, 14, 9.66667], "texture": "#3"}
			}
		},
		{
			"from": [6.50825, 27.61195, 6.54289],
			"to": [7.50825, 29.61195, 7.54289],
			"rotation": {"angle": 45, "axis": "z", "origin": [7.98531, 28.08857, 7.0442]},
			"faces": {
				"north": {"uv": [8.33333, 13.33333, 8.66667, 14], "texture": "#3"},
				"east": {"uv": [8.66667, 13.33333, 9, 14], "texture": "#3"},
				"south": {"uv": [9, 13.33333, 9.33333, 14], "texture": "#3"},
				"west": {"uv": [9.66667, 13.33333, 10, 14], "texture": "#3"},
				"up": {"uv": [10, 14.33333, 9.66667, 14], "texture": "#3"},
				"down": {"uv": [14.33333, 9.66667, 14, 10], "texture": "#3"}
			}
		},
		{
			"from": [7.5, 27.11081, 8.02011],
			"to": [8.5, 29.11081, 9.02011],
			"rotation": {"angle": 45, "axis": "x", "origin": [7.98531, 28.08857, 7.0442]},
			"faces": {
				"north": {"uv": [10, 13.33333, 10.33333, 14], "texture": "#3"},
				"east": {"uv": [13.33333, 10, 13.66667, 10.66667], "texture": "#3"},
				"south": {"uv": [10.33333, 13.33333, 10.66667, 14], "texture": "#3"},
				"west": {"uv": [10.66667, 13.33333, 11, 14], "texture": "#3"},
				"up": {"uv": [10.33333, 14.33333, 10, 14], "texture": "#3"},
				"down": {"uv": [14.33333, 10, 14, 10.33333], "texture": "#3"}
			}
		},
		{
			"from": [7.501, 29.17962, 5.26051],
			"to": [8.499, 29.87762, 5.95851],
			"rotation": {"angle": 45, "axis": "x", "origin": [7.98531, 28.08857, 7.0442]},
			"faces": {
				"north": {"uv": [10.33333, 14, 10.66667, 14.33333], "texture": "#3"},
				"east": {"uv": [14, 10.33333, 14.33333, 10.66667], "texture": "#3"},
				"south": {"uv": [10.66667, 14, 11, 14.33333], "texture": "#3"},
				"west": {"uv": [14, 10.66667, 14.33333, 11], "texture": "#3"},
				"up": {"uv": [11.33333, 14.33333, 11, 14], "texture": "#3"},
				"down": {"uv": [14.33333, 11, 14, 11.33333], "texture": "#3"}
			}
		},
		{
			"from": [7.5, 27.12132, 6.54736],
			"to": [8.5, 30.12132, 7.54736],
			"rotation": {"angle": 0, "axis": "y", "origin": [7.98531, 28.08857, 7.0442]},
			"faces": {
				"north": {"uv": [8.66667, 12.33333, 9, 13.33333], "texture": "#3"},
				"east": {"uv": [9, 12.33333, 9.33333, 13.33333], "texture": "#3"},
				"south": {"uv": [12.33333, 12, 12.66667, 13], "texture": "#3"},
				"west": {"uv": [9.33333, 12.66667, 9.66667, 13.66667], "texture": "#3"},
				"up": {"uv": [11.66667, 14.33333, 11.33333, 14], "texture": "#3"},
				"down": {"uv": [14.33333, 11.33333, 14, 11.66667], "texture": "#3"}
			}
		},
		{
			"from": [9.40232, 28.12532, 6.54689],
			"to": [10.10232, 28.82532, 7.54189],
			"rotation": {"angle": 0, "axis": "y", "origin": [7.98531, 28.08857, 7.0442]},
			"faces": {
				"north": {"uv": [11.66667, 14, 12, 14.33333], "texture": "#3"},
				"east": {"uv": [14, 11.66667, 14.33333, 12], "texture": "#3"},
				"south": {"uv": [12, 14, 12.33333, 14.33333], "texture": "#3"},
				"west": {"uv": [14, 12, 14.33333, 12.33333], "texture": "#3"},
				"up": {"uv": [12.66667, 14.33333, 12.33333, 14], "texture": "#3"},
				"down": {"uv": [14.33333, 12.33333, 14, 12.66667], "texture": "#3"}
			}
		},
		{
			"from": [8.46193, 27.61151, 6.54289],
			"to": [9.46193, 29.61151, 7.54289],
			"rotation": {"angle": -45, "axis": "z", "origin": [7.98531, 28.08857, 7.0442]},
			"faces": {
				"north": {"uv": [13.33333, 12, 13.66667, 12.66667], "texture": "#3"},
				"east": {"uv": [12.66667, 13.33333, 13, 14], "texture": "#3"},
				"south": {"uv": [13.33333, 12.66667, 13.66667, 13.33333], "texture": "#3"},
				"west": {"uv": [13, 13.33333, 13.33333, 14], "texture": "#3"},
				"up": {"uv": [13, 14.33333, 12.66667, 14], "texture": "#3"},
				"down": {"uv": [14.33333, 12.66667, 14, 13], "texture": "#3"}
			}
		},
		{
			"from": [6.5, 2, 5.5],
			"to": [9.5, 11, 8.5],
			"rotation": {"angle": 0, "axis": "y", "origin": [8.3282, 0.86684, -13.49955]},
			"faces": {
				"north": {"uv": [4, 9, 5, 12], "texture": "#3"},
				"east": {"uv": [5, 9, 6, 12], "texture": "#3"},
				"south": {"uv": [9.33333, 1.33333, 10.33333, 4.33333], "texture": "#3"},
				"west": {"uv": [9.33333, 4.33333, 10.33333, 7.33333], "texture": "#3"},
				"up": {"uv": [11.33333, 12, 10.33333, 11], "texture": "#3"},
				"down": {"uv": [3, 11.33333, 2, 12.33333], "texture": "#3"}
			}
		}
	],
	"display": {
		"thirdperson_righthand": {
			"rotation": [0, 90, 0],
			"translation": [0.5, 5.5, 1.5],
			"scale": [0.57, 0.57, 0.57]
		},
		"thirdperson_lefthand": {
			"rotation": [0, 90, 0],
			"translation": [0.5, 5.5, 1.5],
			"scale": [0.57, 0.57, 0.57]
		},
		"firstperson_righthand": {
			"rotation": [-5.25, 87.25, 0],
			"translation": [2.25, 3.25, -0.5],
			"scale": [0.4, 0.4, 0.4]
		},
		"firstperson_lefthand": {
			"rotation": [-5.25, 87.25, 0],
			"translation": [2.25, 3.25, -0.5],
			"scale": [0.4, 0.4, 0.4]
		},
		"ground": {
			"rotation": [45, 0, 0],
			"translation": [0, 5.5, 0],
			"scale": [0.5, 0.5, 0.5]
		},
		"gui": {
			"rotation": [2.75, -2, -47.5],
			"translation": [-0.75, -0.75, -2.5],
			"scale": [0.39, 0.39, 0.39]
		},
		"fixed": {
			"rotation": [-0.75, -177, -46.5],
			"translation": [0.75, -1, -2],
			"scale": [0.5, 0.5, 0.5]
		}
	}
}