{
	"credit": "Made with Blockbench",
	"texture_size": [32, 32],
	"textures": {
		"1": "default/amethyst_sword"
	},
	"elements": [
		{
			"from": [6.46447, -9, 7.03553],
			"to": [9.46447, -8, 10.03553],
			"rotation": {"angle": 0, "axis": "y", "origin": [-0.53553, -9, 16.53553]},
			"faces": {
				"north": {"uv": [3, 10.5, 4.5, 11], "texture": "#1"},
				"east": {"uv": [10.5, 3.5, 12, 4], "texture": "#1"},
				"south": {"uv": [10.5, 4, 12, 4.5], "texture": "#1"},
				"west": {"uv": [10.5, 7, 12, 7.5], "texture": "#1"},
				"up": {"uv": [9, 8.5, 7.5, 7], "texture": "#1"},
				"down": {"uv": [6.5, 8, 5, 9.5], "texture": "#1"}
			}
		},
		{
			"from": [8.33995, -9.73492, 8.03553],
			"to": [9.33995, -7.73492, 9.03553],
			"rotation": {"angle": 45, "axis": "z", "origin": [8.98995, -8.48492, 9.53553]},
			"faces": {
				"north": {"uv": [1.5, 12, 2, 13], "texture": "#1"},
				"east": {"uv": [2, 12, 2.5, 13], "texture": "#1"},
				"south": {"uv": [2.5, 12, 3, 13], "texture": "#1"},
				"west": {"uv": [3, 12, 3.5, 13], "texture": "#1"},
				"up": {"uv": [13, 7.5, 12.5, 7], "texture": "#1"},
				"down": {"uv": [8, 12.5, 7.5, 13], "texture": "#1"}
			}
		},
		{
			"from": [7.5, -11.37132, 8.04],
			"to": [8.5, -8.37132, 9.04],
			"rotation": {"angle": 0, "axis": "y", "origin": [9.15, -7.12132, 8.62132]},
			"faces": {
				"north": {"uv": [11, 8, 11.5, 9.5], "texture": "#1"},
				"east": {"uv": [9, 11, 9.5, 12.5], "texture": "#1"},
				"south": {"uv": [9.5, 11, 10, 12.5], "texture": "#1"},
				"west": {"uv": [10, 11, 10.5, 12.5], "texture": "#1"},
				"up": {"uv": [13, 5.5, 12.5, 5], "texture": "#1"},
				"down": {"uv": [6, 12.5, 5.5, 13], "texture": "#1"}
			}
		},
		{
			"from": [6.66005, -9.73492, 8.03553],
			"to": [7.66005, -7.73492, 9.03553],
			"rotation": {"angle": -45, "axis": "z", "origin": [7.01005, -8.48492, 9.53553]},
			"faces": {
				"north": {"uv": [7.5, 11.5, 8, 12.5], "texture": "#1"},
				"east": {"uv": [8, 11.5, 8.5, 12.5], "texture": "#1"},
				"south": {"uv": [11.5, 8, 12, 9], "texture": "#1"},
				"west": {"uv": [8.5, 11.5, 9, 12.5], "texture": "#1"},
				"up": {"uv": [13, 2.5, 12.5, 2], "texture": "#1"},
				"down": {"uv": [13, 2.5, 12.5, 3], "texture": "#1"}
			}
		},
		{
			"from": [7.5, -11.21569, 7.89706],
			"to": [8.5, -9.21569, 8.89706],
			"rotation": {"angle": -45, "axis": "x", "origin": [7, -7.81569, 6.69706]},
			"faces": {
				"north": {"uv": [11.5, 11, 12, 12], "texture": "#1"},
				"east": {"uv": [0, 12, 0.5, 13], "texture": "#1"},
				"south": {"uv": [12, 0, 12.5, 1], "texture": "#1"},
				"west": {"uv": [0.5, 12, 1, 13], "texture": "#1"},
				"up": {"uv": [13, 3.5, 12.5, 3], "texture": "#1"},
				"down": {"uv": [4, 12.5, 3.5, 13], "texture": "#1"}
			}
		},
		{
			"from": [7.5, -10.45711, 7.74264],
			"to": [8.5, -8.45711, 8.74264],
			"rotation": {"angle": 45, "axis": "x", "origin": [7, -7.95711, 9.24264]},
			"faces": {
				"north": {"uv": [5.5, 11.5, 6, 12.5], "texture": "#1"},
				"east": {"uv": [6, 11.5, 6.5, 12.5], "texture": "#1"},
				"south": {"uv": [6.5, 11.5, 7, 12.5], "texture": "#1"},
				"west": {"uv": [7, 11.5, 7.5, 12.5], "texture": "#1"},
				"up": {"uv": [12.5, 10, 12, 9.5], "texture": "#1"},
				"down": {"uv": [12.5, 10, 12, 10.5], "texture": "#1"}
			}
		},
		{
			"from": [7.501, -9.37221, 6.41421],
			"to": [8.499, -8.66421, 7.12221],
			"rotation": {"angle": 0, "axis": "y", "origin": [8.004, -9.16821, 6.91821]},
			"faces": {
				"north": {"uv": [10.5, 12, 11, 12.5], "texture": "#1"},
				"east": {"uv": [12, 10.5, 12.5, 11], "texture": "#1"},
				"south": {"uv": [11, 12, 11.5, 12.5], "texture": "#1"},
				"west": {"uv": [12, 11, 12.5, 11.5], "texture": "#1"},
				"up": {"uv": [12, 12.5, 11.5, 12], "texture": "#1"},
				"down": {"uv": [12.5, 11.5, 12, 12], "texture": "#1"}
			}
		},
		{
			"from": [7.501, -11.87132, 8.12724],
			"to": [8.499, -11.17132, 8.82724],
			"rotation": {"angle": -45, "axis": "x", "origin": [8.004, -11.37132, 8.32724]},
			"faces": {
				"north": {"uv": [12.5, 3.5, 13, 4], "texture": "#1"},
				"east": {"uv": [4, 12.5, 4.5, 13], "texture": "#1"},
				"south": {"uv": [12.5, 4, 13, 4.5], "texture": "#1"},
				"west": {"uv": [4.5, 12.5, 5, 13], "texture": "#1"},
				"up": {"uv": [13, 5, 12.5, 4.5], "texture": "#1"},
				"down": {"uv": [5.5, 12.5, 5, 13], "texture": "#1"}
			}
		},
		{
			"from": [7.501, -9.36821, 9.95285],
			"to": [8.499, -8.66821, 10.65285],
			"rotation": {"angle": 0, "axis": "y", "origin": [7.996, -9.16821, 7.45285]},
			"faces": {
				"north": {"uv": [5, 12, 5.5, 12.5], "texture": "#1"},
				"east": {"uv": [12, 6.5, 12.5, 7], "texture": "#1"},
				"south": {"uv": [12, 7, 12.5, 7.5], "texture": "#1"},
				"west": {"uv": [12, 8, 12.5, 8.5], "texture": "#1"},
				"up": {"uv": [12.5, 9, 12, 8.5], "texture": "#1"},
				"down": {"uv": [12.5, 9, 12, 9.5], "texture": "#1"}
			}
		},
		{
			"from": [5.88179, -9.82443, 8.04],
			"to": [6.58179, -9.12443, 9.035],
			"rotation": {"angle": 0, "axis": "y", "origin": [9.08179, -9.62443, 8.53153]},
			"faces": {
				"north": {"uv": [12, 12, 12.5, 12.5], "texture": "#1"},
				"east": {"uv": [12.5, 0, 13, 0.5], "texture": "#1"},
				"south": {"uv": [12.5, 0.5, 13, 1], "texture": "#1"},
				"west": {"uv": [1, 12.5, 1.5, 13], "texture": "#1"},
				"up": {"uv": [13, 1.5, 12.5, 1], "texture": "#1"},
				"down": {"uv": [13, 1.5, 12.5, 2], "texture": "#1"}
			}
		},
		{
			"from": [9.41732, -9.82532, 8.03953],
			"to": [10.11732, -9.12532, 9.03453],
			"rotation": {"angle": 0, "axis": "y", "origin": [8.61732, -9.62532, 8.53953]},
			"faces": {
				"north": {"uv": [12.5, 5.5, 13, 6], "texture": "#1"},
				"east": {"uv": [6, 12.5, 6.5, 13], "texture": "#1"},
				"south": {"uv": [12.5, 6, 13, 6.5], "texture": "#1"},
				"west": {"uv": [6.5, 12.5, 7, 13], "texture": "#1"},
				"up": {"uv": [13, 7, 12.5, 6.5], "texture": "#1"},
				"down": {"uv": [7.5, 12.5, 7, 13], "texture": "#1"}
			}
		},
		{
			"from": [6.96447, -6.999, 7.53553],
			"to": [8.96447, 0.001, 9.53553],
			"rotation": {"angle": 0, "axis": "y", "origin": [-0.53553, -10, 16.53553]},
			"faces": {
				"north": {"uv": [5, 0, 6, 3.5], "texture": "#1"},
				"east": {"uv": [6, 0, 5, 3.5], "texture": "#1"},
				"south": {"uv": [5, 0, 6, 3.5], "texture": "#1"},
				"west": {"uv": [6, 0, 5, 3.5], "texture": "#1"},
				"up": {"uv": [7.5, 11, 6.5, 10], "texture": "#1"},
				"down": {"uv": [8.5, 10, 7.5, 11], "texture": "#1"}
			}
		},
		{
			"from": [5.96447, 2, 8.03553],
			"to": [9.96447, 20, 9.03553],
			"rotation": {"angle": 0, "axis": "y", "origin": [-0.53553, -17, 16.53553]},
			"faces": {
				"north": {"uv": [0, 0, 2, 9], "texture": "#1"},
				"east": {"uv": [4, 0, 4.5, 9], "texture": "#1"},
				"south": {"uv": [2, 0, 4, 9], "texture": "#1"},
				"west": {"uv": [4.5, 0, 5, 9], "texture": "#1"},
				"up": {"uv": [11.5, 7, 9.5, 6.5], "texture": "#1"},
				"down": {"uv": [12.5, 3, 10.5, 3.5], "texture": "#1"}
			}
		},
		{
			"from": [6.51915, 18.676, 8.03853],
			"to": [9.34215, 21.499, 9.03353],
			"rotation": {"angle": -45, "axis": "z", "origin": [7.84315, 20, 8.53747]},
			"faces": {
				"north": {"uv": [6.5, 8.5, 8, 10], "texture": "#1"},
				"east": {"uv": [10.5, 7.5, 11, 9], "texture": "#1"},
				"south": {"uv": [8, 8.5, 9.5, 10], "texture": "#1"},
				"west": {"uv": [10.5, 9, 11, 10.5], "texture": "#1"},
				"up": {"uv": [12, 11, 10.5, 10.5], "texture": "#1"},
				"down": {"uv": [4.5, 11, 3, 11.5], "texture": "#1"}
			}
		},
		{
			"from": [6.96447, 3.41421, 9.12132],
			"to": [8.96447, 6.41421, 11.12132],
			"rotation": {"angle": 45, "axis": "x", "origin": [5.96447, 3.41421, 7.12132]},
			"faces": {
				"north": {"uv": [9.5, 0, 10.5, 1.5], "texture": "#1"},
				"east": {"uv": [9.5, 1.5, 10.5, 3], "texture": "#1"},
				"south": {"uv": [9.5, 3, 10.5, 4.5], "texture": "#1"},
				"west": {"uv": [4.5, 9.5, 5.5, 11], "texture": "#1"},
				"up": {"uv": [9.5, 11, 8.5, 10], "texture": "#1"},
				"down": {"uv": [10.5, 10, 9.5, 11], "texture": "#1"}
			}
		},
		{
			"from": [6.96447, 3.41421, 5.29289],
			"to": [8.96447, 5.41421, 8.29289],
			"rotation": {"angle": 45, "axis": "x", "origin": [5.96447, 3.41421, 4.29289]},
			"faces": {
				"north": {"uv": [0, 10.5, 1, 11.5], "texture": "#1"},
				"east": {"uv": [9.5, 4.5, 11, 5.5], "texture": "#1"},
				"south": {"uv": [10.5, 0, 11.5, 1], "texture": "#1"},
				"west": {"uv": [9.5, 5.5, 11, 6.5], "texture": "#1"},
				"up": {"uv": [6.5, 11, 5.5, 9.5], "texture": "#1"},
				"down": {"uv": [10.5, 8.5, 9.5, 10], "texture": "#1"}
			}
		},
		{
			"from": [7.96447, 0, 7.53553],
			"to": [12.96447, 2, 9.53553],
			"rotation": {"angle": 22.5, "axis": "z", "origin": [7.96447, 2, 8.53553]},
			"faces": {
				"north": {"uv": [7, 4, 9.5, 5], "texture": "#1"},
				"east": {"uv": [2, 10.5, 3, 11.5], "texture": "#1"},
				"south": {"uv": [5, 7, 7.5, 8], "texture": "#1"},
				"west": {"uv": [10.5, 2, 11.5, 3], "texture": "#1"},
				"up": {"uv": [9.5, 6, 7, 5], "texture": "#1"},
				"down": {"uv": [9.5, 6, 7, 7], "texture": "#1"}
			}
		},
		{
			"from": [2.96447, 0, 7.53553],
			"to": [7.96447, 2, 9.53553],
			"rotation": {"angle": -22.5, "axis": "z", "origin": [7.96447, 2, 8.53553]},
			"faces": {
				"north": {"uv": [7, 0, 9.5, 1], "texture": "#1"},
				"east": {"uv": [1, 10.5, 2, 11.5], "texture": "#1"},
				"south": {"uv": [7, 1, 9.5, 2], "texture": "#1"},
				"west": {"uv": [10.5, 1, 11.5, 2], "texture": "#1"},
				"up": {"uv": [9.5, 3, 7, 2], "texture": "#1"},
				"down": {"uv": [9.5, 3, 7, 4], "texture": "#1"}
			}
		},
		{
			"from": [2.47072, 2.60632, 7.53853],
			"to": [3.88672, 4.02232, 9.53453],
			"rotation": {"angle": 22.5, "axis": "z", "origin": [3.89265, 2.60432, 8.53653]},
			"faces": {
				"north": {"uv": [4.5, 9, 5, 9.5], "texture": "#1"},
				"east": {"uv": [6.5, 8, 7.5, 8.5], "texture": "#1"},
				"south": {"uv": [11.5, 6.5, 12, 7], "texture": "#1"},
				"west": {"uv": [11, 9.5, 12, 10], "texture": "#1"},
				"up": {"uv": [11, 12, 10.5, 11], "texture": "#1"},
				"down": {"uv": [11.5, 11, 11, 12], "texture": "#1"}
			}
		},
		{
			"from": [6.96547, 2.70432, 4.99721],
			"to": [8.96147, 4.12032, 6.41321],
			"rotation": {"angle": 0, "axis": "y", "origin": [7.96347, 2.70232, 13.99128]},
			"faces": {
				"north": {"uv": [11.5, 1, 12.5, 1.5], "texture": "#1"},
				"east": {"uv": [12, 3.5, 12.5, 4], "texture": "#1"},
				"south": {"uv": [1.5, 11.5, 2.5, 12], "texture": "#1"},
				"west": {"uv": [4, 12, 4.5, 12.5], "texture": "#1"},
				"up": {"uv": [12.5, 2, 11.5, 1.5], "texture": "#1"},
				"down": {"uv": [12.5, 2, 11.5, 2.5], "texture": "#1"}
			}
		},
		{
			"from": [6.96547, 2.70432, 10.65785],
			"to": [8.96147, 4.12032, 12.07385],
			"rotation": {"angle": 0, "axis": "y", "origin": [7.96347, 2.70232, 10.65192]},
			"faces": {
				"north": {"uv": [2.5, 11.5, 3.5, 12], "texture": "#1"},
				"east": {"uv": [12, 4, 12.5, 4.5], "texture": "#1"},
				"south": {"uv": [11.5, 2.5, 12.5, 3], "texture": "#1"},
				"west": {"uv": [4.5, 12, 5, 12.5], "texture": "#1"},
				"up": {"uv": [4.5, 12, 3.5, 11.5], "texture": "#1"},
				"down": {"uv": [5.5, 11.5, 4.5, 12], "texture": "#1"}
			}
		},
		{
			"from": [12.25957, 2.27906, 7.53853],
			"to": [13.67557, 3.69506, 9.53453],
			"rotation": {"angle": -22.5, "axis": "z", "origin": [12.96757, 2.98706, 8.53653]},
			"faces": {
				"north": {"uv": [11.5, 9, 12, 9.5], "texture": "#1"},
				"east": {"uv": [11, 10, 12, 10.5], "texture": "#1"},
				"south": {"uv": [3.5, 12, 4, 12.5], "texture": "#1"},
				"west": {"uv": [0, 11.5, 1, 12], "texture": "#1"},
				"up": {"uv": [12, 1, 11.5, 0], "texture": "#1"},
				"down": {"uv": [1.5, 11.5, 1, 12.5], "texture": "#1"}
			}
		},
		{
			"from": [6.46447, -8, 7.03553],
			"to": [9.46447, -7, 10.03553],
			"rotation": {"angle": 0, "axis": "y", "origin": [-0.53553, -5, 16.53553]},
			"faces": {
				"north": {"uv": [6, 11, 7.5, 11.5], "texture": "#1"},
				"east": {"uv": [11, 6, 12.5, 6.5], "texture": "#1"},
				"south": {"uv": [7.5, 11, 9, 11.5], "texture": "#1"},
				"west": {"uv": [11, 7.5, 12.5, 8], "texture": "#1"},
				"up": {"uv": [4.5, 10.5, 3, 9], "texture": "#1"},
				"down": {"uv": [10.5, 7, 9, 8.5], "texture": "#1"}
			}
		},
		{
			"from": [6.46447, 0, 7.03553],
			"to": [9.46447, 1, 10.03553],
			"rotation": {"angle": 0, "axis": "y", "origin": [-0.53553, -10, 16.53553]},
			"faces": {
				"north": {"uv": [4.5, 11, 6, 11.5], "texture": "#1"},
				"east": {"uv": [11, 4.5, 12.5, 5], "texture": "#1"},
				"south": {"uv": [11, 5, 12.5, 5.5], "texture": "#1"},
				"west": {"uv": [11, 5.5, 12.5, 6], "texture": "#1"},
				"up": {"uv": [1.5, 10.5, 0, 9], "texture": "#1"},
				"down": {"uv": [3, 9, 1.5, 10.5], "texture": "#1"}
			}
		}
	],
	"display": {
		"thirdperson_righthand": {
			"rotation": [0, 90, 0],
			"translation": [0, 6.25, 1.75],
			"scale": [0.75, 0.75, 0.75]
		},
		"thirdperson_lefthand": {
			"rotation": [0, 90, 0],
			"translation": [0, 6.25, 1.75],
			"scale": [0.75, 0.75, 0.75]
		},
		"firstperson_righthand": {
			"rotation": [-12.25, -94, 0],
			"translation": [0.75, 5.75, 0.75],
			"scale": [0.5, 0.5, 0.5]
		},
		"firstperson_lefthand": {
			"rotation": [-12.25, -94, 0],
			"translation": [0.75, 5.75, 0.75],
			"scale": [0.5, 0.5, 0.5]
		},
		"ground": {
			"rotation": [45, 90, 0],
			"translation": [0, 3.5, 0],
			"scale": [0.5, 0.5, 0.5]
		},
		"gui": {
			"rotation": [0, 0, -45],
			"translation": [1, 1, -0.75],
			"scale": [0.6, 0.6, 0.6]
		},
		"fixed": {
			"rotation": [0, 0, 45],
			"translation": [-1, 1, -0.75],
			"scale": [0.7, 0.7, 0.7]
		}
	}
}