{
	"credit": "Made with Blockbench",
	"texture_size": [32, 32],
	"textures": {
		"4": "default/amethyst_hoe"
	},
	"elements": [
		{
			"from": [6.46447, 4, 7.03553],
			"to": [9.46447, 13, 10.03553],
			"rotation": {"angle": 0, "axis": "y", "origin": [7.79267, 18.86684, 8.53598]},
			"faces": {
				"north": {"uv": [0, 0, 1.5, 4.5], "texture": "#4"},
				"east": {"uv": [1.5, 0, 3, 4.5], "texture": "#4"},
				"south": {"uv": [3, 0, 4.5, 4.5], "texture": "#4"},
				"west": {"uv": [0, 4.5, 1.5, 9], "texture": "#4"},
				"up": {"uv": [8, 8, 6.5, 6.5], "texture": "#4"},
				"down": {"uv": [6, 7, 4.5, 8.5], "texture": "#4"}
			}
		},
		{
			"from": [6.96447, 13, 7.53553],
			"to": [8.96447, 20, 9.53553],
			"rotation": {"angle": 0, "axis": "y", "origin": [7.79267, 18.86684, 8.53598]},
			"faces": {
				"north": {"uv": [1.5, 8, 2.5, 4.5], "texture": "#4"},
				"east": {"uv": [2.5, 8, 1.5, 4.5], "texture": "#4"},
				"south": {"uv": [1.5, 8, 2.5, 4.5], "texture": "#4"},
				"west": {"uv": [2.5, 8, 1.5, 4.5], "texture": "#4"},
				"up": {"uv": [8, 10.5, 7, 9.5], "texture": "#4"},
				"down": {"uv": [10.5, 7, 9.5, 8], "texture": "#4"}
			}
		},
		{
			"from": [6.96447, -3, 7.53553],
			"to": [8.96447, 4, 9.53553],
			"rotation": {"angle": 0, "axis": "y", "origin": [7.79267, 18.86684, 8.53598]},
			"faces": {
				"north": {"uv": [1.5, 4.5, 2.5, 8], "texture": "#4"},
				"east": {"uv": [2.5, 4.5, 1.5, 8], "texture": "#4"},
				"south": {"uv": [1.5, 4.5, 2.5, 8], "texture": "#4"},
				"west": {"uv": [2.5, 4.5, 1.5, 8], "texture": "#4"},
				"up": {"uv": [9, 10.5, 8, 9.5], "texture": "#4"},
				"down": {"uv": [10, 9.5, 9, 10.5], "texture": "#4"}
			}
		},
		{
			"from": [6.46447, -4, 7.03553],
			"to": [9.46447, -3, 10.03553],
			"rotation": {"angle": 0, "axis": "y", "origin": [7.79267, 18.86684, 8.53598]},
			"faces": {
				"north": {"uv": [10, 2.5, 11.5, 3], "texture": "#4"},
				"east": {"uv": [10, 3, 11.5, 3.5], "texture": "#4"},
				"south": {"uv": [10, 3.5, 11.5, 4], "texture": "#4"},
				"west": {"uv": [10, 4, 11.5, 4.5], "texture": "#4"},
				"up": {"uv": [3, 9.5, 1.5, 8], "texture": "#4"},
				"down": {"uv": [4.5, 8, 3, 9.5], "texture": "#4"}
			}
		},
		{
			"from": [23.37634, 0.52613, 7.53553],
			"to": [26.37634, 3.52613, 9.53553],
			"rotation": {"angle": -45, "axis": "z", "origin": [7.79267, 18.86684, 8.53598]},
			"faces": {
				"north": {"uv": [7.5, 0, 9, 1.5], "texture": "#4"},
				"east": {"uv": [9, 1.5, 10, 3], "texture": "#4"},
				"south": {"uv": [7.5, 1.5, 9, 3], "texture": "#4"},
				"west": {"uv": [9, 8, 10, 9.5], "texture": "#4"},
				"up": {"uv": [3, 10.5, 1.5, 9.5], "texture": "#4"},
				"down": {"uv": [4.5, 9.5, 3, 10.5], "texture": "#4"}
			}
		},
		{
			"from": [6.46447, 20, 7.03553],
			"to": [9.46447, 23, 10.03553],
			"rotation": {"angle": 0, "axis": "y", "origin": [7.79267, 18.86684, 8.53598]},
			"faces": {
				"north": {"uv": [6, 8, 7.5, 9.5], "texture": "#4"},
				"east": {"uv": [8, 6.5, 9.5, 8], "texture": "#4"},
				"south": {"uv": [7.5, 8, 9, 9.5], "texture": "#4"},
				"west": {"uv": [8.5, 3, 10, 4.5], "texture": "#4"},
				"up": {"uv": [6, 10, 4.5, 8.5], "texture": "#4"},
				"down": {"uv": [10, 4.5, 8.5, 6], "texture": "#4"}
			}
		},
		{
			"from": [6.50179, 22.28977, 8.03553],
			"to": [8.50179, 23.28977, 9.03553],
			"rotation": {"angle": -45, "axis": "z", "origin": [5.79267, 18.86684, 8.53598]},
			"faces": {
				"north": {"uv": [10.5, 9.5, 11.5, 10], "texture": "#4"},
				"east": {"uv": [11.5, 5.5, 12, 6], "texture": "#4"},
				"south": {"uv": [10, 10.5, 11, 11], "texture": "#4"},
				"west": {"uv": [6, 11.5, 6.5, 12], "texture": "#4"},
				"up": {"uv": [1, 11.5, 0, 11], "texture": "#4"},
				"down": {"uv": [2, 11, 1, 11.5], "texture": "#4"}
			}
		},
		{
			"from": [10.12868, 19.37157, 8.03653],
			"to": [10.83668, 20.07957, 9.03453],
			"rotation": {"angle": 0, "axis": "y", "origin": [5.79267, 18.86684, 8.53598]},
			"faces": {
				"north": {"uv": [11.5, 4, 12, 4.5], "texture": "#4"},
				"east": {"uv": [4.5, 11.5, 5, 12], "texture": "#4"},
				"south": {"uv": [11.5, 4.5, 12, 5], "texture": "#4"},
				"west": {"uv": [5, 11.5, 5.5, 12], "texture": "#4"},
				"up": {"uv": [12, 5.5, 11.5, 5], "texture": "#4"},
				"down": {"uv": [6, 11.5, 5.5, 12], "texture": "#4"}
			}
		},
		{
			"from": [8.85901, 20.99289, 10.60169],
			"to": [10.85901, 21.99289, 11.60169],
			"rotation": {"angle": 45, "axis": "y", "origin": [5.79267, 18.86684, 8.53598]},
			"faces": {
				"north": {"uv": [10.5, 7.5, 11.5, 8], "texture": "#4"},
				"east": {"uv": [11.5, 3.5, 12, 4], "texture": "#4"},
				"south": {"uv": [8, 10.5, 9, 11], "texture": "#4"},
				"west": {"uv": [4, 11.5, 4.5, 12], "texture": "#4"},
				"up": {"uv": [10, 11, 9, 10.5], "texture": "#4"},
				"down": {"uv": [11.5, 9, 10.5, 9.5], "texture": "#4"}
			}
		},
		{
			"from": [10.83889, 20.99736, 6.41732],
			"to": [11.53889, 21.99236, 7.11732],
			"rotation": {"angle": 0, "axis": "y", "origin": [5.79267, 18.86684, 8.53598]},
			"faces": {
				"north": {"uv": [2, 11.5, 2.5, 12], "texture": "#4"},
				"east": {"uv": [2.5, 11.5, 3, 12], "texture": "#4"},
				"south": {"uv": [11.5, 2.5, 12, 3], "texture": "#4"},
				"west": {"uv": [3, 11.5, 3.5, 12], "texture": "#4"},
				"up": {"uv": [12, 3.5, 11.5, 3], "texture": "#4"},
				"down": {"uv": [4, 11.5, 3.5, 12], "texture": "#4"}
			}
		},
		{
			"from": [9.83579, 20.99736, 8.03553],
			"to": [11.83579, 21.99736, 9.03553],
			"rotation": {"angle": 0, "axis": "y", "origin": [5.79267, 18.86684, 8.53598]},
			"faces": {
				"north": {"uv": [10.5, 6, 11.5, 6.5], "texture": "#4"},
				"east": {"uv": [11.5, 1, 12, 1.5], "texture": "#4"},
				"south": {"uv": [10.5, 6.5, 11.5, 7], "texture": "#4"},
				"west": {"uv": [1.5, 11.5, 2, 12], "texture": "#4"},
				"up": {"uv": [8, 11, 7, 10.5], "texture": "#4"},
				"down": {"uv": [11.5, 7, 10.5, 7.5], "texture": "#4"}
			}
		},
		{
			"from": [11.5783, 16.11061, 8.03753],
			"to": [12.2743, 16.80661, 9.03353],
			"rotation": {"angle": 45, "axis": "z", "origin": [5.79267, 18.87124, 8.53198]},
			"faces": {
				"north": {"uv": [11, 11, 11.5, 11.5], "texture": "#4"},
				"east": {"uv": [0, 11.5, 0.5, 12], "texture": "#4"},
				"south": {"uv": [11.5, 0, 12, 0.5], "texture": "#4"},
				"west": {"uv": [0.5, 11.5, 1, 12], "texture": "#4"},
				"up": {"uv": [12, 1, 11.5, 0.5], "texture": "#4"},
				"down": {"uv": [1.5, 11.5, 1, 12], "texture": "#4"}
			}
		},
		{
			"from": [10.83979, 20.99689, 9.95285],
			"to": [11.53979, 21.99189, 10.65285],
			"rotation": {"angle": 0, "axis": "y", "origin": [5.79267, 18.86684, 8.53598]},
			"faces": {
				"north": {"uv": [9, 11, 9.5, 11.5], "texture": "#4"},
				"east": {"uv": [9.5, 11, 10, 11.5], "texture": "#4"},
				"south": {"uv": [10, 11, 10.5, 11.5], "texture": "#4"},
				"west": {"uv": [11, 10, 11.5, 10.5], "texture": "#4"},
				"up": {"uv": [11, 11.5, 10.5, 11], "texture": "#4"},
				"down": {"uv": [11.5, 10.5, 11, 11], "texture": "#4"}
			}
		},
		{
			"from": [8.85837, 20.99289, 5.46964],
			"to": [10.85837, 21.99289, 6.46964],
			"rotation": {"angle": -45, "axis": "y", "origin": [5.79267, 18.86684, 8.53598]},
			"faces": {
				"north": {"uv": [10.5, 4.5, 11.5, 5], "texture": "#4"},
				"east": {"uv": [8, 11, 8.5, 11.5], "texture": "#4"},
				"south": {"uv": [10.5, 5, 11.5, 5.5], "texture": "#4"},
				"west": {"uv": [8.5, 11, 9, 11.5], "texture": "#4"},
				"up": {"uv": [11.5, 6, 10.5, 5.5], "texture": "#4"},
				"down": {"uv": [7, 10.5, 6, 11], "texture": "#4"}
			}
		},
		{
			"from": [10.13268, 22.91021, 8.03653],
			"to": [10.83268, 23.61021, 9.03453],
			"rotation": {"angle": 0, "axis": "y", "origin": [5.79267, 18.86684, 8.53598]},
			"faces": {
				"north": {"uv": [3.5, 11, 4, 11.5], "texture": "#4"},
				"east": {"uv": [4, 11, 4.5, 11.5], "texture": "#4"},
				"south": {"uv": [6, 11, 6.5, 11.5], "texture": "#4"},
				"west": {"uv": [6.5, 11, 7, 11.5], "texture": "#4"},
				"up": {"uv": [7.5, 11.5, 7, 11], "texture": "#4"},
				"down": {"uv": [8, 11, 7.5, 11.5], "texture": "#4"}
			}
		},
		{
			"from": [10.21559, 18.15772, 8.03553],
			"to": [12.21559, 19.15772, 9.03553],
			"rotation": {"angle": 45, "axis": "z", "origin": [5.79267, 18.86684, 8.53598]},
			"faces": {
				"north": {"uv": [1, 10.5, 2, 11], "texture": "#4"},
				"east": {"uv": [2.5, 11, 3, 11.5], "texture": "#4"},
				"south": {"uv": [10.5, 1, 11.5, 1.5], "texture": "#4"},
				"west": {"uv": [3, 11, 3.5, 11.5], "texture": "#4"},
				"up": {"uv": [3, 11, 2, 10.5], "texture": "#4"},
				"down": {"uv": [4, 10.5, 3, 11], "texture": "#4"}
			}
		},
		{
			"from": [2.46447, 20, 8.03553],
			"to": [6.46447, 23, 9.03553],
			"rotation": {"angle": 0, "axis": "y", "origin": [5.46447, 20, 7.03553]},
			"faces": {
				"north": {"uv": [6.5, 3.5, 8.5, 5], "texture": "#4"},
				"east": {"uv": [4.5, 10, 5, 11.5], "texture": "#4"},
				"south": {"uv": [6.5, 5, 8.5, 6.5], "texture": "#4"},
				"west": {"uv": [10, 4.5, 10.5, 6], "texture": "#4"},
				"up": {"uv": [12, 2, 10, 1.5], "texture": "#4"},
				"down": {"uv": [12, 2, 10, 2.5], "texture": "#4"}
			}
		},
		{
			"from": [0.00247, 21.30129, 8.03653],
			"to": [3.00047, 24.29929, 9.03453],
			"rotation": {"angle": 22.5, "axis": "z", "origin": [6.00147, 22.30029, 7.03553]},
			"faces": {
				"north": {"uv": [0, 9, 1.5, 10.5], "texture": "#4"},
				"east": {"uv": [5, 10, 5.5, 11.5], "texture": "#4"},
				"south": {"uv": [1.5, 9, 0, 10.5], "texture": "#4"},
				"west": {"uv": [5.5, 10, 6, 11.5], "texture": "#4"},
				"up": {"uv": [11.5, 8.5, 10, 8], "texture": "#4"},
				"down": {"uv": [11.5, 8.5, 10, 9], "texture": "#4"}
			}
		},
		{
			"from": [-1.99853, 22.30029, 8.03553],
			"to": [0.00147, 24.30029, 9.03553],
			"rotation": {"angle": 22.5, "axis": "z", "origin": [6.00147, 22.30029, 7.03553]},
			"faces": {
				"north": {"uv": [6, 9.5, 7, 10.5], "texture": "#4"},
				"east": {"uv": [6, 7, 6.5, 8], "texture": "#4"},
				"south": {"uv": [9.5, 6, 10.5, 7], "texture": "#4"},
				"west": {"uv": [10, 9, 10.5, 10], "texture": "#4"},
				"up": {"uv": [8.5, 3.5, 7.5, 3], "texture": "#4"},
				"down": {"uv": [9.5, 6, 8.5, 6.5], "texture": "#4"}
			}
		},
		{
			"from": [-3.99853, 23.30029, 8.03553],
			"to": [-1.99853, 24.30029, 9.03553],
			"rotation": {"angle": 22.5, "axis": "z", "origin": [6.00147, 22.30029, 7.03553]},
			"faces": {
				"north": {"uv": [10, 10, 11, 10.5], "texture": "#4"},
				"east": {"uv": [4, 10.5, 4.5, 11], "texture": "#4"},
				"south": {"uv": [0, 10.5, 1, 11], "texture": "#4"},
				"west": {"uv": [2, 11, 2.5, 11.5], "texture": "#4"},
				"up": {"uv": [11.5, 0.5, 10.5, 0], "texture": "#4"},
				"down": {"uv": [11.5, 0.5, 10.5, 1], "texture": "#4"}
			}
		}
	],
	"display": {
		"thirdperson_righthand": {
			"rotation": [0, -90, 0],
			"translation": [0.5, 2.5, 1.75],
			"scale": [0.6, 0.6, 0.6]
		},
		"thirdperson_lefthand": {
			"rotation": [0, 90, 0],
			"translation": [-0.25, 2.5, 1.75],
			"scale": [0.6, 0.6, 0.6]
		},
		"firstperson_righthand": {
			"rotation": [-11.25, -97.75, 0],
			"translation": [1.25, 2.25, 2.5],
			"scale": [0.45, 0.45, 0.45]
		},
		"firstperson_lefthand": {
			"rotation": [-11.25, 80, 0],
			"translation": [1, 2.5, 2.5],
			"scale": [0.45, 0.45, 0.45]
		},
		"ground": {
			"rotation": [0, 0, 45],
			"translation": [0, 2.5, 0],
			"scale": [0.5, 0.5, 0.5]
		},
		"gui": {
			"rotation": [0, -180, 45],
			"translation": [-1.5, -0.5, 0],
			"scale": [0.5, 0.5, 0.5]
		},
		"fixed": {
			"rotation": [0, 0, 45],
			"translation": [1.75, -1, -1.5],
			"scale": [0.6, 0.6, 0.6]
		}
	}
}