{
	"credit": "Made with Blockbench",
	"texture_size": [48, 48],
	"textures": {
		"1": "default/amethyst_shield",
		"particle": "default/amethyst_shield"
	},
	"elements": [
		{
			"from": [2, 5, 15],
			"to": [18, 21, 16],
			"rotation": {"angle": -45, "axis": "z", "origin": [10, 13, 6.5]},
			"faces": {
				"north": {"uv": [0, 0, 5.33333, 5.33333], "texture": "#1"},
				"east": {"uv": [5.33333, 9, 5.66667, 14.33333], "texture": "#1"},
				"south": {"uv": [0, 5.33333, 5.33333, 10.66667], "texture": "#1"},
				"west": {"uv": [5.66667, 9, 6, 14.33333], "texture": "#1"},
				"up": {"uv": [14.66667, 0.33333, 9.33333, 0], "texture": "#1"},
				"down": {"uv": [14.66667, 0.33333, 9.33333, 0.66667], "texture": "#1"}
			}
		},
		{
			"from": [2, 21, 15],
			"to": [10, 25, 16],
			"rotation": {"angle": -45, "axis": "z", "origin": [10, 13, 6.5]},
			"faces": {
				"north": {"uv": [6.66667, 0, 9.33333, 1.33333], "texture": "#1"},
				"east": {"uv": [8.66667, 10.33333, 9, 11.66667], "texture": "#1"},
				"south": {"uv": [6.66667, 1.33333, 9.33333, 2.66667], "texture": "#1"},
				"west": {"uv": [9, 10.33333, 9.33333, 11.66667], "texture": "#1"},
				"up": {"uv": [12.33333, 8, 9.66667, 7.66667], "texture": "#1"},
				"down": {"uv": [9.33333, 10, 6.66667, 10.33333], "texture": "#1"}
			}
		},
		{
			"from": [-2, 13, 15],
			"to": [2, 21, 16],
			"rotation": {"angle": -45, "axis": "z", "origin": [10, 13, 6.5]},
			"faces": {
				"north": {"uv": [6.66667, 2.66667, 8, 5.33333], "texture": "#1"},
				"east": {"uv": [9.33333, 10, 9.66667, 12.66667], "texture": "#1"},
				"south": {"uv": [6.66667, 5.33333, 8, 8], "texture": "#1"},
				"west": {"uv": [9.66667, 10, 10, 12.66667], "texture": "#1"},
				"up": {"uv": [12, 4.66667, 10.66667, 4.33333], "texture": "#1"},
				"down": {"uv": [12, 4.66667, 10.66667, 5], "texture": "#1"}
			}
		},
		{
			"from": [5, 8, 16],
			"to": [8, 11, 17],
			"rotation": {"angle": -45, "axis": "z", "origin": [10, 13, 6.5]},
			"faces": {
				"north": {"uv": [6.66667, 9, 7.66667, 10], "texture": "#1"},
				"east": {"uv": [10.66667, 6.33333, 11, 7.33333], "texture": "#1"},
				"south": {"uv": [9.33333, 0.66667, 10.33333, 1.66667], "texture": "#1"},
				"west": {"uv": [10.66667, 8.66667, 11, 9.66667], "texture": "#1"},
				"up": {"uv": [11.66667, 5.33333, 10.66667, 5], "texture": "#1"},
				"down": {"uv": [11.66667, 9.66667, 10.66667, 10], "texture": "#1"}
			}
		},
		{
			"from": [4.55025, 11.5, 17],
			"to": [5.55025, 14.5, 19],
			"rotation": {"angle": 0, "axis": "y", "origin": [5.05025, 13, 17.5]},
			"faces": {
				"north": {"uv": [11, 1, 11.33333, 2], "texture": "#1"},
				"east": {"uv": [10, 8.66667, 10.66667, 9.66667], "texture": "#1"},
				"south": {"uv": [1.33333, 11, 1.66667, 12], "texture": "#1"},
				"west": {"uv": [10, 10, 10.66667, 11], "texture": "#1"},
				"up": {"uv": [8, 9.66667, 7.66667, 9], "texture": "#1"},
				"down": {"uv": [8.33333, 9, 8, 9.66667], "texture": "#1"}
			}
		},
		{
			"from": [14.55025, 11.5, 17],
			"to": [15.55025, 14.5, 19],
			"rotation": {"angle": 0, "axis": "y", "origin": [5.05025, 13, 17.5]},
			"faces": {
				"north": {"uv": [1.66667, 11, 2, 12], "texture": "#1"},
				"east": {"uv": [10.33333, 0.66667, 11, 1.66667], "texture": "#1"},
				"south": {"uv": [2, 11, 2.33333, 12], "texture": "#1"},
				"west": {"uv": [10.33333, 1.66667, 11, 2.66667], "texture": "#1"},
				"up": {"uv": [11.33333, 2.66667, 11, 2], "texture": "#1"},
				"down": {"uv": [3.33333, 11, 3, 11.66667], "texture": "#1"}
			}
		},
		{
			"from": [5.55025, 11.5, 18],
			"to": [14.55025, 14.5, 19],
			"rotation": {"angle": 0, "axis": "y", "origin": [5.05025, 13, 17.5]},
			"faces": {
				"north": {"uv": [8, 5.33333, 11, 6.33333], "texture": "#1"},
				"east": {"uv": [2.33333, 11, 2.66667, 12], "texture": "#1"},
				"south": {"uv": [8, 5.33333, 11, 6.33333], "texture": "#1"},
				"west": {"uv": [2.66667, 11, 3, 12], "texture": "#1"},
				"up": {"uv": [12.66667, 7.66667, 9.66667, 7.33333], "texture": "#1"},
				"down": {"uv": [10.66667, 9.66667, 7.66667, 10], "texture": "#1"}
			}
		},
		{
			"from": [12, 15, 16],
			"to": [15, 18, 17],
			"rotation": {"angle": -45, "axis": "z", "origin": [10, 13, 6.5]},
			"faces": {
				"north": {"uv": [9.33333, 1.66667, 10.33333, 2.66667], "texture": "#1"},
				"east": {"uv": [10.66667, 10, 11, 11], "texture": "#1"},
				"south": {"uv": [9.66667, 6.33333, 10.66667, 7.33333], "texture": "#1"},
				"west": {"uv": [0, 11, 0.33333, 12], "texture": "#1"},
				"up": {"uv": [1.33333, 11.33333, 0.33333, 11], "texture": "#1"},
				"down": {"uv": [12, 0.66667, 11, 1], "texture": "#1"}
			}
		},
		{
			"from": [18, 1, 15],
			"to": [22, 13, 16],
			"rotation": {"angle": -45, "axis": "z", "origin": [10, 13, 6.5]},
			"faces": {
				"north": {"uv": [5.33333, 0, 6.66667, 4], "texture": "#1"},
				"east": {"uv": [6, 9, 6.33333, 13], "texture": "#1"},
				"south": {"uv": [5.33333, 4, 6.66667, 8], "texture": "#1"},
				"west": {"uv": [6.33333, 9, 6.66667, 13], "texture": "#1"},
				"up": {"uv": [12, 4, 10.66667, 3.66667], "texture": "#1"},
				"down": {"uv": [12, 4, 10.66667, 4.33333], "texture": "#1"}
			}
		},
		{
			"from": [10, 1, 15],
			"to": [18, 5, 16],
			"rotation": {"angle": -45, "axis": "z", "origin": [10, 13, 6.5]},
			"faces": {
				"north": {"uv": [8, 2.66667, 10.66667, 4], "texture": "#1"},
				"east": {"uv": [4.66667, 10.66667, 5, 12], "texture": "#1"},
				"south": {"uv": [8, 4, 10.66667, 5.33333], "texture": "#1"},
				"west": {"uv": [5, 10.66667, 5.33333, 12], "texture": "#1"},
				"up": {"uv": [12.66667, 8.33333, 10, 8], "texture": "#1"},
				"down": {"uv": [12.66667, 8.33333, 10, 8.66667], "texture": "#1"}
			}
		},
		{
			"from": [10.89949, 4, 14.5],
			"to": [15.89949, 9, 15.5],
			"rotation": {"angle": -45, "axis": "z", "origin": [19.89949, 13, -2]},
			"faces": {
				"north": {"uv": [8, 6.33333, 9.66667, 8], "texture": "#1"},
				"east": {"uv": [8, 10.33333, 8.33333, 12], "texture": "#1"},
				"south": {"uv": [8.33333, 8, 10, 9.66667], "texture": "#1"},
				"west": {"uv": [8.33333, 10.33333, 8.66667, 12], "texture": "#1"},
				"up": {"uv": [1.66667, 11, 0, 10.66667], "texture": "#1"},
				"down": {"uv": [3.33333, 10.66667, 1.66667, 11], "texture": "#1"}
			}
		},
		{
			"from": [9.89949, 3, 14.5],
			"to": [10.89949, 8, 15.5],
			"rotation": {"angle": -45, "axis": "z", "origin": [19.89949, 13, -2]},
			"faces": {
				"north": {"uv": [6.66667, 10.33333, 7, 12], "texture": "#1"},
				"east": {"uv": [7, 10.33333, 7.33333, 12], "texture": "#1"},
				"south": {"uv": [7.33333, 10.33333, 7.66667, 12], "texture": "#1"},
				"west": {"uv": [7.66667, 10.33333, 8, 12], "texture": "#1"},
				"up": {"uv": [4.33333, 11.33333, 4, 11], "texture": "#1"},
				"down": {"uv": [4.66667, 11, 4.33333, 11.33333], "texture": "#1"}
			}
		},
		{
			"from": [10.89949, 3, 14.5],
			"to": [14.89949, 4, 15.5],
			"rotation": {"angle": -45, "axis": "z", "origin": [19.89949, 13, -2]},
			"faces": {
				"north": {"uv": [10.66667, 2.66667, 12, 3], "texture": "#1"},
				"east": {"uv": [3.33333, 11, 3.66667, 11.33333], "texture": "#1"},
				"south": {"uv": [10.66667, 3, 12, 3.33333], "texture": "#1"},
				"west": {"uv": [3.66667, 11, 4, 11.33333], "texture": "#1"},
				"up": {"uv": [4.66667, 11, 3.33333, 10.66667], "texture": "#1"},
				"down": {"uv": [12, 3.33333, 10.66667, 3.66667], "texture": "#1"}
			}
		}
	],
	"display": {
		"thirdperson_righthand": {
			"rotation": [67.75, 0, 0],
			"translation": [-1.5, 3.75, -5.75],
			"scale": [0.65, 0.65, 0.65]
		},
		"thirdperson_lefthand": {
			"rotation": [67.75, 0, 0],
			"translation": [0.75, 3.75, -5.75],
			"scale": [0.65, 0.65, 0.65]
		},
		"firstperson_righthand": {
			"rotation": [-2.5, -14, 4.5],
			"translation": [-4, -1.5, 1.25],
			"scale": [0.4, 0.4, 0.4]
		},
		"firstperson_lefthand": {
			"rotation": [-2.5, -14, 4.5],
			"translation": [-2.25, -1.5, 1.25],
			"scale": [0.4, 0.4, 0.4]
		},
		"ground": {
			"rotation": [0, 0, 45],
			"translation": [0, 2.5, 0],
			"scale": [0.5, 0.5, 0.5]
		},
		"gui": {
			"rotation": [0, -180, 0],
			"translation": [1.25, -1.75, 0],
			"scale": [0.48, 0.48, 0.48]
		},
		"fixed": {
			"translation": [-1, -1.75, -5],
			"scale": [0.48, 0.48, 0.48]
		}
	}
}