{
	"credit": "Made with Blockbench",
	"texture_size": [48, 48],
	"textures": {
		"10": "default/amethyst_crossbow"
	},
	"elements": [
		{
			"from": [7, 8, 24],
			"to": [10, 10, 29],
			"rotation": {"angle": 0, "axis": "y", "origin": [0, -5, 16]},
			"faces": {
				"north": {"uv": [0, 8.66667, 1, 9.33333], "texture": "#10"},
				"east": {"uv": [8, 2.66667, 9.66667, 3.33333], "texture": "#10"},
				"south": {"uv": [5.66667, 10, 6.66667, 10.66667], "texture": "#10"},
				"west": {"uv": [8, 3.33333, 9.66667, 4], "texture": "#10"},
				"up": {"uv": [8.33333, 8, 7.33333, 6.33333], "texture": "#10"},
				"down": {"uv": [2, 7.66667, 1, 9.33333], "texture": "#10"}
			}
		},
		{
			"from": [8.36347, 7.999, 24.57057],
			"to": [11.36547, 10.001, 27.57257],
			"rotation": {"angle": -45, "axis": "y", "origin": [4.96447, 9, 26.17157]},
			"faces": {
				"north": {"uv": [11, 4.66667, 12, 5.33333], "texture": "#10"},
				"east": {"uv": [11, 5.33333, 12, 6], "texture": "#10"},
				"south": {"uv": [11, 6, 12, 6.66667], "texture": "#10"},
				"west": {"uv": [6.66667, 11, 7.66667, 11.66667], "texture": "#10"},
				"up": {"uv": [5, 8.66667, 4, 7.66667], "texture": "#10"},
				"down": {"uv": [8, 9.33333, 7, 10.33333], "texture": "#10"}
			}
		},
		{
			"from": [7.002, 10.24464, 6.58779],
			"to": [9.998, 12.24064, 22.58379],
			"rotation": {"angle": 0, "axis": "y", "origin": [0, -8.75736, 11.58579]},
			"faces": {
				"north": {"uv": [10, 9.33333, 11, 10], "texture": "#10"},
				"east": {"uv": [4, 5.33333, 9.33333, 6], "texture": "#10"},
				"south": {"uv": [10, 10, 11, 10.66667], "texture": "#10"},
				"west": {"uv": [6, 0, 11.33333, 0.66667], "texture": "#10"},
				"up": {"uv": [5, 5.33333, 4, 0], "texture": "#10"},
				"down": {"uv": [6, 0, 5, 5.33333], "texture": "#10"}
			}
		},
		{
			"from": [6.999, 13.36296, 1.46347],
			"to": [10.001, 14.36496, 20.46547],
			"rotation": {"angle": 0, "axis": "y", "origin": [0, -8.63604, 8.46447]},
			"faces": {
				"north": {"uv": [0, 12.33333, 1, 12.66667], "texture": "#10"},
				"east": {"uv": [4, 6, 10.33333, 6.33333], "texture": "#10"},
				"south": {"uv": [12.33333, 0, 13.33333, 0.33333], "texture": "#10"},
				"west": {"uv": [0, 6.33333, 6.33333, 6.66667], "texture": "#10"},
				"up": {"uv": [1, 6.33333, 0, 0], "texture": "#10"},
				"down": {"uv": [2, 0, 1, 6.33333], "texture": "#10"}
			}
		},
		{
			"from": [8, 14.11396, 18.46447],
			"to": [9, 15.11396, 19.46447],
			"rotation": {"angle": 22.5, "axis": "x", "origin": [8.5, 14.86396, 18.96447]},
			"faces": {
				"north": {"uv": [13.33333, 4, 13.66667, 4.33333], "texture": "#10"},
				"east": {"uv": [4.33333, 13.33333, 4.66667, 13.66667], "texture": "#10"},
				"south": {"uv": [13.33333, 4.33333, 13.66667, 4.66667], "texture": "#10"},
				"west": {"uv": [4.66667, 13.33333, 5, 13.66667], "texture": "#10"},
				"up": {"uv": [13.66667, 5, 13.33333, 4.66667], "texture": "#10"},
				"down": {"uv": [5.33333, 13.33333, 5, 13.66667], "texture": "#10"}
			}
		},
		{
			"from": [6.19657, 12.86396, 16.42537],
			"to": [7.19657, 13.86396, 20.42537],
			"rotation": {"angle": 22.5, "axis": "y", "origin": [6.69657, 13.86396, 18.42537]},
			"faces": {
				"north": {"uv": [6, 8, 6.33333, 8.33333], "texture": "#10"},
				"east": {"uv": [6, 8.33333, 7.33333, 8.66667], "texture": "#10"},
				"south": {"uv": [3.66667, 8.33333, 4, 8.66667], "texture": "#10"},
				"west": {"uv": [11.33333, 9, 12.66667, 9.33333], "texture": "#10"},
				"up": {"uv": [6.33333, 8, 6, 6.66667], "texture": "#10"},
				"down": {"uv": [9.33333, 11.66667, 9, 13], "texture": "#10"}
			}
		},
		{
			"from": [5.64348, 12.86396, 16.19311],
			"to": [6.36848, 13.86396, 16.89311],
			"rotation": {"angle": -22.5, "axis": "y", "origin": [5.86848, 13.36396, 16.39311]},
			"faces": {
				"north": {"uv": [13, 0.66667, 13.33333, 1], "texture": "#10"},
				"east": {"uv": [13, 1, 13.33333, 1.33333], "texture": "#10"},
				"south": {"uv": [1.33333, 13, 1.66667, 13.33333], "texture": "#10"},
				"west": {"uv": [13, 1.33333, 13.33333, 1.66667], "texture": "#10"},
				"up": {"uv": [2, 13.33333, 1.66667, 13], "texture": "#10"},
				"down": {"uv": [13.33333, 1.66667, 13, 2], "texture": "#10"}
			}
		},
		{
			"from": [11.92132, 8.72475, -0.03553],
			"to": [12.62132, 9.44975, 0.96447],
			"rotation": {"angle": 0, "axis": "y", "origin": [12.42132, 8.94975, 0.46447]},
			"faces": {
				"north": {"uv": [13.33333, 3, 13.66667, 3.33333], "texture": "#10"},
				"east": {"uv": [3.33333, 13.33333, 3.66667, 13.66667], "texture": "#10"},
				"south": {"uv": [13.33333, 3.33333, 13.66667, 3.66667], "texture": "#10"},
				"west": {"uv": [3.66667, 13.33333, 4, 13.66667], "texture": "#10"},
				"up": {"uv": [13.66667, 4, 13.33333, 3.66667], "texture": "#10"},
				"down": {"uv": [4.33333, 13.33333, 4, 13.66667], "texture": "#10"}
			}
		},
		{
			"from": [4.37868, 8.72475, -0.03553],
			"to": [5.07868, 9.44975, 0.96447],
			"rotation": {"angle": 0, "axis": "y", "origin": [4.87868, 8.94975, 0.46447]},
			"faces": {
				"north": {"uv": [12.33333, 13.33333, 12.66667, 13.66667], "texture": "#10"},
				"east": {"uv": [13.33333, 12.33333, 13.66667, 12.66667], "texture": "#10"},
				"south": {"uv": [12.66667, 13.33333, 13, 13.66667], "texture": "#10"},
				"west": {"uv": [13.33333, 12.66667, 13.66667, 13], "texture": "#10"},
				"up": {"uv": [13.33333, 13.66667, 13, 13.33333], "texture": "#10"},
				"down": {"uv": [13.66667, 13, 13.33333, 13.33333], "texture": "#10"}
			}
		},
		{
			"from": [4.93894, 11.86396, 18.36705],
			"to": [5.66394, 12.86396, 19.06705],
			"rotation": {"angle": 0, "axis": "y", "origin": [5.30144, 12.36396, 18.71705]},
			"faces": {
				"north": {"uv": [2, 13, 2.33333, 13.33333], "texture": "#10"},
				"east": {"uv": [4.33333, 13, 4.66667, 13.33333], "texture": "#10"},
				"south": {"uv": [4.66667, 13, 5, 13.33333], "texture": "#10"},
				"west": {"uv": [5, 13, 5.33333, 13.33333], "texture": "#10"},
				"up": {"uv": [13.33333, 5.66667, 13, 5.33333], "texture": "#10"},
				"down": {"uv": [13.33333, 5.66667, 13, 6], "texture": "#10"}
			}
		},
		{
			"from": [5.09059, 10.86396, 20.16853],
			"to": [5.81559, 11.86396, 20.86853],
			"rotation": {"angle": 22.5, "axis": "y", "origin": [5.45309, 11.36396, 20.51853]},
			"faces": {
				"north": {"uv": [13, 6, 13.33333, 6.33333], "texture": "#10"},
				"east": {"uv": [13, 8, 13.33333, 8.33333], "texture": "#10"},
				"south": {"uv": [9, 13, 9.33333, 13.33333], "texture": "#10"},
				"west": {"uv": [9.33333, 13, 9.66667, 13.33333], "texture": "#10"},
				"up": {"uv": [13.33333, 10, 13, 9.66667], "texture": "#10"},
				"down": {"uv": [10.33333, 13, 10, 13.33333], "texture": "#10"}
			}
		},
		{
			"from": [5.02993, 11.86396, 17.78671],
			"to": [6.02993, 12.86396, 20.78671],
			"rotation": {"angle": 45, "axis": "y", "origin": [6.52993, 12.86396, 18.53671]},
			"faces": {
				"north": {"uv": [1.66667, 9.33333, 2, 9.66667], "texture": "#10"},
				"east": {"uv": [12.33333, 0.33333, 13.33333, 0.66667], "texture": "#10"},
				"south": {"uv": [6.66667, 10, 7, 10.33333], "texture": "#10"},
				"west": {"uv": [12.33333, 2, 13.33333, 2.33333], "texture": "#10"},
				"up": {"uv": [4, 13.33333, 3.66667, 12.33333], "texture": "#10"},
				"down": {"uv": [4.33333, 12.33333, 4, 13.33333], "texture": "#10"}
			}
		},
		{
			"from": [5.75107, 10.86396, 21.47224],
			"to": [7.75107, 11.86396, 22.47224],
			"rotation": {"angle": -22.5, "axis": "y", "origin": [9.25107, 12.86396, 20.47224]},
			"faces": {
				"north": {"uv": [8.33333, 7.66667, 9, 8], "texture": "#10"},
				"east": {"uv": [9.66667, 10.33333, 10, 10.66667], "texture": "#10"},
				"south": {"uv": [10.33333, 6, 11, 6.33333], "texture": "#10"},
				"west": {"uv": [6.33333, 11.33333, 6.66667, 11.66667], "texture": "#10"},
				"up": {"uv": [11.66667, 7.66667, 11, 7.33333], "texture": "#10"},
				"down": {"uv": [10.66667, 12.66667, 10, 13], "texture": "#10"}
			}
		},
		{
			"from": [9.24893, 10.86396, 21.47224],
			"to": [11.24893, 11.86396, 22.47224],
			"rotation": {"angle": 22.5, "axis": "y", "origin": [7.74893, 12.86396, 20.47224]},
			"faces": {
				"north": {"uv": [12.66667, 10.33333, 13.33333, 10.66667], "texture": "#10"},
				"east": {"uv": [13.33333, 1.66667, 13.66667, 2], "texture": "#10"},
				"south": {"uv": [10.66667, 12.66667, 11.33333, 13], "texture": "#10"},
				"west": {"uv": [2, 13.33333, 2.33333, 13.66667], "texture": "#10"},
				"up": {"uv": [13.33333, 11.33333, 12.66667, 11], "texture": "#10"},
				"down": {"uv": [13.33333, 11.33333, 12.66667, 11.66667], "texture": "#10"}
			}
		},
		{
			"from": [11.18441, 10.86396, 20.16853],
			"to": [11.90941, 11.86396, 20.86853],
			"rotation": {"angle": -22.5, "axis": "y", "origin": [11.54691, 11.36396, 20.51853]},
			"faces": {
				"north": {"uv": [13.33333, 0.33333, 13.66667, 0.66667], "texture": "#10"},
				"east": {"uv": [13.33333, 0.66667, 13.66667, 1], "texture": "#10"},
				"south": {"uv": [13.33333, 1, 13.66667, 1.33333], "texture": "#10"},
				"west": {"uv": [1.33333, 13.33333, 1.66667, 13.66667], "texture": "#10"},
				"up": {"uv": [13.66667, 1.66667, 13.33333, 1.33333], "texture": "#10"},
				"down": {"uv": [2, 13.33333, 1.66667, 13.66667], "texture": "#10"}
			}
		},
		{
			"from": [11.33606, 11.86396, 18.36705],
			"to": [12.06106, 12.86396, 19.06705],
			"rotation": {"angle": 0, "axis": "y", "origin": [11.69856, 12.36396, 18.71705]},
			"faces": {
				"north": {"uv": [13, 12, 13.33333, 12.33333], "texture": "#10"},
				"east": {"uv": [13, 12.33333, 13.33333, 12.66667], "texture": "#10"},
				"south": {"uv": [12.66667, 13, 13, 13.33333], "texture": "#10"},
				"west": {"uv": [13, 12.66667, 13.33333, 13], "texture": "#10"},
				"up": {"uv": [13.33333, 13.33333, 13, 13], "texture": "#10"},
				"down": {"uv": [13.66667, 0, 13.33333, 0.33333], "texture": "#10"}
			}
		},
		{
			"from": [10.63152, 12.86396, 16.19311],
			"to": [11.35652, 13.86396, 16.89311],
			"rotation": {"angle": 22.5, "axis": "y", "origin": [11.13152, 13.36396, 16.39311]},
			"faces": {
				"north": {"uv": [13, 10, 13.33333, 10.33333], "texture": "#10"},
				"east": {"uv": [10.33333, 13, 10.66667, 13.33333], "texture": "#10"},
				"south": {"uv": [10.66667, 13, 11, 13.33333], "texture": "#10"},
				"west": {"uv": [13, 10.66667, 13.33333, 11], "texture": "#10"},
				"up": {"uv": [11.33333, 13.33333, 11, 13], "texture": "#10"},
				"down": {"uv": [13.33333, 11.66667, 13, 12], "texture": "#10"}
			}
		},
		{
			"from": [23.06092, 12.86396, 6.83163],
			"to": [23.78592, 13.86396, 7.53163],
			"rotation": {"angle": 0, "axis": "y", "origin": [23.56092, 13.36396, 7.03163]},
			"faces": {
				"north": {"uv": [13.33333, 5.33333, 13.66667, 5.66667], "texture": "#10"},
				"east": {"uv": [5.66667, 13.33333, 6, 13.66667], "texture": "#10"},
				"south": {"uv": [13.33333, 5.66667, 13.66667, 6], "texture": "#10"},
				"west": {"uv": [6, 13.33333, 6.33333, 13.66667], "texture": "#10"},
				"up": {"uv": [13.66667, 6.33333, 13.33333, 6], "texture": "#10"},
				"down": {"uv": [6.66667, 13.33333, 6.33333, 13.66667], "texture": "#10"}
			}
		},
		{
			"from": [22.01552, 12.86396, 8.8636],
			"to": [22.74052, 13.86396, 9.5636],
			"rotation": {"angle": -22.5, "axis": "y", "origin": [22.51552, 13.36396, 9.0636]},
			"faces": {
				"north": {"uv": [13.33333, 6.33333, 13.66667, 6.66667], "texture": "#10"},
				"east": {"uv": [6.66667, 13.33333, 7, 13.66667], "texture": "#10"},
				"south": {"uv": [13.33333, 7.33333, 13.66667, 7.66667], "texture": "#10"},
				"west": {"uv": [13.33333, 7.66667, 13.66667, 8], "texture": "#10"},
				"up": {"uv": [8.33333, 13.66667, 8, 13.33333], "texture": "#10"},
				"down": {"uv": [13.66667, 8, 13.33333, 8.33333], "texture": "#10"}
			}
		},
		{
			"from": [9.80343, 12.86396, 16.42537],
			"to": [10.80343, 13.86396, 20.42537],
			"rotation": {"angle": -22.5, "axis": "y", "origin": [10.30343, 13.86396, 18.42537]},
			"faces": {
				"north": {"uv": [12.66667, 12.33333, 13, 12.66667], "texture": "#10"},
				"east": {"uv": [11.66667, 8, 13, 8.33333], "texture": "#10"},
				"south": {"uv": [12.66667, 12.66667, 13, 13], "texture": "#10"},
				"west": {"uv": [11.66667, 10.66667, 13, 11], "texture": "#10"},
				"up": {"uv": [9.66667, 13, 9.33333, 11.66667], "texture": "#10"},
				"down": {"uv": [12, 11, 11.66667, 12.33333], "texture": "#10"}
			}
		},
		{
			"from": [10.97007, 11.86396, 17.78671],
			"to": [11.97007, 12.86396, 20.78671],
			"rotation": {"angle": -45, "axis": "y", "origin": [10.47007, 12.86396, 18.53671]},
			"faces": {
				"north": {"uv": [13.33333, 5, 13.66667, 5.33333], "texture": "#10"},
				"east": {"uv": [12.33333, 6.33333, 13.33333, 6.66667], "texture": "#10"},
				"south": {"uv": [5.33333, 13.33333, 5.66667, 13.66667], "texture": "#10"},
				"west": {"uv": [7, 12.33333, 8, 12.66667], "texture": "#10"},
				"up": {"uv": [8.33333, 13.33333, 8, 12.33333], "texture": "#10"},
				"down": {"uv": [8.66667, 12.33333, 8.33333, 13.33333], "texture": "#10"}
			}
		},
		{
			"from": [5.999, 12.36296, -0.53653],
			"to": [11.001, 14.36496, 1.46547],
			"rotation": {"angle": 0, "axis": "y", "origin": [0, -8.63604, 8.46447]},
			"faces": {
				"north": {"uv": [7.33333, 8, 9, 8.66667], "texture": "#10"},
				"east": {"uv": [1, 10, 1.66667, 10.66667], "texture": "#10"},
				"south": {"uv": [2, 8.33333, 3.66667, 9], "texture": "#10"},
				"west": {"uv": [3, 11.66667, 3.66667, 12.33333], "texture": "#10"},
				"up": {"uv": [10, 7, 8.33333, 6.33333], "texture": "#10"},
				"down": {"uv": [10, 7, 8.33333, 7.66667], "texture": "#10"}
			}
		},
		{
			"from": [6, 10.36396, -0.53553],
			"to": [11, 12.36396, 1.46447],
			"rotation": {"angle": 0, "axis": "y", "origin": [0, -8.63604, 8.46447]},
			"faces": {
				"north": {"uv": [2, 9, 3.66667, 9.66667], "texture": "#10"},
				"east": {"uv": [1, 12, 1.66667, 12.66667], "texture": "#10"},
				"south": {"uv": [9, 7.66667, 10.66667, 8.33333], "texture": "#10"},
				"west": {"uv": [1.66667, 12, 2.33333, 12.66667], "texture": "#10"},
				"up": {"uv": [1.66667, 10, 0, 9.33333], "texture": "#10"},
				"down": {"uv": [5.33333, 9.33333, 3.66667, 10], "texture": "#10"}
			}
		},
		{
			"from": [10, 8.36396, -0.03553],
			"to": [11, 11.36396, 0.96447],
			"rotation": {"angle": 45, "axis": "z", "origin": [10.5, 10.86396, 0.46447]},
			"faces": {
				"north": {"uv": [5.66667, 12.33333, 6, 13.33333], "texture": "#10"},
				"east": {"uv": [6, 12.33333, 6.33333, 13.33333], "texture": "#10"},
				"south": {"uv": [6.33333, 12.33333, 6.66667, 13.33333], "texture": "#10"},
				"west": {"uv": [6.66667, 12.33333, 7, 13.33333], "texture": "#10"},
				"up": {"uv": [13.66667, 3, 13.33333, 2.66667], "texture": "#10"},
				"down": {"uv": [3.33333, 13.33333, 3, 13.66667], "texture": "#10"}
			}
		},
		{
			"from": [6, 8.36396, -0.03553],
			"to": [7, 11.36396, 0.96447],
			"rotation": {"angle": -45, "axis": "z", "origin": [6.5, 10.86396, 0.46447]},
			"faces": {
				"north": {"uv": [12, 12.33333, 12.33333, 13.33333], "texture": "#10"},
				"east": {"uv": [12.33333, 12.33333, 12.66667, 13.33333], "texture": "#10"},
				"south": {"uv": [0, 12.66667, 0.33333, 13.66667], "texture": "#10"},
				"west": {"uv": [0.33333, 12.66667, 0.66667, 13.66667], "texture": "#10"},
				"up": {"uv": [12.33333, 13.66667, 12, 13.33333], "texture": "#10"},
				"down": {"uv": [13.66667, 12, 13.33333, 12.33333], "texture": "#10"}
			}
		},
		{
			"from": [9.501, 12.36496, -4.65785],
			"to": [10.501, 13.36496, -0.65785],
			"rotation": {"angle": -45, "axis": "y", "origin": [9.001, 13.86496, -2.15785]},
			"faces": {
				"north": {"uv": [11, 13.33333, 11.33333, 13.66667], "texture": "#10"},
				"east": {"uv": [12, 2.66667, 13.33333, 3], "texture": "#10"},
				"south": {"uv": [13.33333, 11, 13.66667, 11.33333], "texture": "#10"},
				"west": {"uv": [12, 3, 13.33333, 3.33333], "texture": "#10"},
				"up": {"uv": [2.66667, 13.33333, 2.33333, 12], "texture": "#10"},
				"down": {"uv": [3, 12, 2.66667, 13.33333], "texture": "#10"}
			}
		},
		{
			"from": [6.14545, 12.36496, -4.51141],
			"to": [7.14545, 13.36496, -0.51141],
			"rotation": {"angle": 45, "axis": "y", "origin": [7.64545, 12.86496, -2.51141]},
			"faces": {
				"north": {"uv": [11.33333, 13.33333, 11.66667, 13.66667], "texture": "#10"},
				"east": {"uv": [12, 3.33333, 13.33333, 3.66667], "texture": "#10"},
				"south": {"uv": [13.33333, 11.33333, 13.66667, 11.66667], "texture": "#10"},
				"west": {"uv": [12, 3.66667, 13.33333, 4], "texture": "#10"},
				"up": {"uv": [12.33333, 5.33333, 12, 4], "texture": "#10"},
				"down": {"uv": [12.33333, 5.33333, 12, 6.66667], "texture": "#10"}
			}
		},
		{
			"from": [5.17057, 12.36496, -3.86496],
			"to": [11.83057, 13.36496, -2.86496],
			"rotation": {"angle": 0, "axis": "y", "origin": [7.17057, 12.86496, -2.36496]},
			"faces": {
				"north": {"uv": [9, 8.33333, 11.33333, 8.66667], "texture": "#10"},
				"east": {"uv": [11.66667, 13.33333, 12, 13.66667], "texture": "#10"},
				"south": {"uv": [9.66667, 3.66667, 12, 4], "texture": "#10"},
				"west": {"uv": [13.33333, 11.66667, 13.66667, 12], "texture": "#10"},
				"up": {"uv": [12.33333, 2.33333, 10, 2], "texture": "#10"},
				"down": {"uv": [12.33333, 2.33333, 10, 2.66667], "texture": "#10"}
			}
		},
		{
			"from": [10.31283, 12.36396, 0.91908],
			"to": [13.31283, 14.36396, 2.91908],
			"rotation": {"angle": -22.5, "axis": "y", "origin": [14.31283, 13.36396, 1.91908]},
			"faces": {
				"north": {"uv": [0, 11, 1, 11.66667], "texture": "#10"},
				"east": {"uv": [7.66667, 11.66667, 8.33333, 12.33333], "texture": "#10"},
				"south": {"uv": [3.66667, 11, 4.66667, 11.66667], "texture": "#10"},
				"west": {"uv": [8.33333, 11.66667, 9, 12.33333], "texture": "#10"},
				"up": {"uv": [12, 4.66667, 11, 4], "texture": "#10"},
				"down": {"uv": [5.66667, 11, 4.66667, 11.66667], "texture": "#10"}
			}
		},
		{
			"from": [13.64932, 12.36296, -1.09559],
			"to": [18.65132, 14.36496, 0.90641],
			"rotation": {"angle": -45, "axis": "y", "origin": [11.65032, 13.36396, -0.09459]},
			"faces": {
				"north": {"uv": [3.66667, 8.66667, 5.33333, 9.33333], "texture": "#10"},
				"east": {"uv": [7, 11.66667, 7.66667, 12.33333], "texture": "#10"},
				"south": {"uv": [5.33333, 8.66667, 7, 9.33333], "texture": "#10"},
				"west": {"uv": [11.66667, 7.33333, 12.33333, 8], "texture": "#10"},
				"up": {"uv": [8.66667, 9.33333, 7, 8.66667], "texture": "#10"},
				"down": {"uv": [10.33333, 8.66667, 8.66667, 9.33333], "texture": "#10"}
			}
		},
		{
			"from": [16.42788, 12.36396, 2.87302],
			"to": [19.42788, 14.36396, 4.87302],
			"rotation": {"angle": -22.5, "axis": "y", "origin": [14.42788, 13.36396, 3.87302]},
			"faces": {
				"north": {"uv": [5.66667, 10.66667, 6.66667, 11.33333], "texture": "#10"},
				"east": {"uv": [5, 11.66667, 5.66667, 12.33333], "texture": "#10"},
				"south": {"uv": [10.66667, 7.66667, 11.66667, 8.33333], "texture": "#10"},
				"west": {"uv": [6.33333, 11.66667, 7, 12.33333], "texture": "#10"},
				"up": {"uv": [10.66667, 11.33333, 9.66667, 10.66667], "texture": "#10"},
				"down": {"uv": [11.66667, 10.66667, 10.66667, 11.33333], "texture": "#10"}
			}
		},
		{
			"from": [19.97535, 12.36396, 6.17539],
			"to": [20.97535, 15.36396, 8.17539],
			"rotation": {"angle": -22.5, "axis": "y", "origin": [19.97535, 13.36396, 8.17539]},
			"faces": {
				"north": {"uv": [3, 12.33333, 3.33333, 13.33333], "texture": "#10"},
				"east": {"uv": [10.66667, 2.66667, 11.33333, 3.66667], "texture": "#10"},
				"south": {"uv": [3.33333, 12.33333, 3.66667, 13.33333], "texture": "#10"},
				"west": {"uv": [3, 10.66667, 3.66667, 11.66667], "texture": "#10"},
				"up": {"uv": [10, 13.33333, 9.66667, 12.66667], "texture": "#10"},
				"down": {"uv": [13, 9.66667, 12.66667, 10.33333], "texture": "#10"}
			}
		},
		{
			"from": [18.6656, 12.36496, 4.71131],
			"to": [21.6636, 14.36296, 6.70931],
			"rotation": {"angle": 0, "axis": "y", "origin": [16.6646, 13.36396, 5.71031]},
			"faces": {
				"north": {"uv": [8.66667, 10.33333, 9.66667, 11], "texture": "#10"},
				"east": {"uv": [3.66667, 11.66667, 4.33333, 12.33333], "texture": "#10"},
				"south": {"uv": [10.33333, 8.66667, 11.33333, 9.33333], "texture": "#10"},
				"west": {"uv": [4.33333, 11.66667, 5, 12.33333], "texture": "#10"},
				"up": {"uv": [2, 11.33333, 1, 10.66667], "texture": "#10"},
				"down": {"uv": [3, 10.66667, 2, 11.33333], "texture": "#10"}
			}
		},
		{
			"from": [21.01815, 12.86396, 5.27097],
			"to": [24.01815, 13.86396, 6.27097],
			"rotation": {"angle": -45, "axis": "y", "origin": [22.01815, 13.86396, 5.77097]},
			"faces": {
				"north": {"uv": [12.33333, 2.33333, 13.33333, 2.66667], "texture": "#10"},
				"east": {"uv": [13.33333, 2, 13.66667, 2.33333], "texture": "#10"},
				"south": {"uv": [12.33333, 4, 13.33333, 4.33333], "texture": "#10"},
				"west": {"uv": [2.33333, 13.33333, 2.66667, 13.66667], "texture": "#10"},
				"up": {"uv": [5.33333, 12.66667, 4.33333, 12.33333], "texture": "#10"},
				"down": {"uv": [13.33333, 4.33333, 12.33333, 4.66667], "texture": "#10"}
			}
		},
		{
			"from": [20.51815, 12.86396, 6.02097],
			"to": [21.51815, 13.86396, 9.02097],
			"rotation": {"angle": 22.5, "axis": "y", "origin": [22.01815, 13.86396, 5.77097]},
			"faces": {
				"north": {"uv": [13.33333, 2.33333, 13.66667, 2.66667], "texture": "#10"},
				"east": {"uv": [12.33333, 4.66667, 13.33333, 5], "texture": "#10"},
				"south": {"uv": [2.66667, 13.33333, 3, 13.66667], "texture": "#10"},
				"west": {"uv": [12.33333, 5, 13.33333, 5.33333], "texture": "#10"},
				"up": {"uv": [5.66667, 13.33333, 5.33333, 12.33333], "texture": "#10"},
				"down": {"uv": [12.66667, 5.33333, 12.33333, 6.33333], "texture": "#10"}
			}
		},
		{
			"from": [20.51815, 12.86396, 6.02097],
			"to": [21.51815, 13.86396, 9.02097],
			"rotation": {"angle": 22.5, "axis": "y", "origin": [22.01815, 13.86396, 5.77097]},
			"faces": {
				"north": {"uv": [10.66667, 13.33333, 11, 13.66667], "texture": "#10"},
				"east": {"uv": [12.33333, 7.33333, 13.33333, 7.66667], "texture": "#10"},
				"south": {"uv": [13.33333, 10.66667, 13.66667, 11], "texture": "#10"},
				"west": {"uv": [12.33333, 7.66667, 13.33333, 8], "texture": "#10"},
				"up": {"uv": [9, 13.33333, 8.66667, 12.33333], "texture": "#10"},
				"down": {"uv": [12, 12.33333, 11.66667, 13.33333], "texture": "#10"}
			}
		},
		{
			"from": [22.01552, 12.86396, 8.8636],
			"to": [22.74052, 13.86396, 9.5636],
			"rotation": {"angle": -22.5, "axis": "y", "origin": [22.51552, 13.36396, 9.0636]},
			"faces": {
				"north": {"uv": [9.66667, 13.33333, 10, 13.66667], "texture": "#10"},
				"east": {"uv": [13.33333, 9.66667, 13.66667, 10], "texture": "#10"},
				"south": {"uv": [10, 13.33333, 10.33333, 13.66667], "texture": "#10"},
				"west": {"uv": [13.33333, 10, 13.66667, 10.33333], "texture": "#10"},
				"up": {"uv": [10.66667, 13.66667, 10.33333, 13.33333], "texture": "#10"},
				"down": {"uv": [13.66667, 10.33333, 13.33333, 10.66667], "texture": "#10"}
			}
		},
		{
			"from": [23.06092, 12.86396, 6.83163],
			"to": [23.78592, 13.86396, 7.53163],
			"rotation": {"angle": 0, "axis": "y", "origin": [23.56092, 13.36396, 7.03163]},
			"faces": {
				"north": {"uv": [8.33333, 13.33333, 8.66667, 13.66667], "texture": "#10"},
				"east": {"uv": [13.33333, 8.33333, 13.66667, 8.66667], "texture": "#10"},
				"south": {"uv": [8.66667, 13.33333, 9, 13.66667], "texture": "#10"},
				"west": {"uv": [13.33333, 8.66667, 13.66667, 9], "texture": "#10"},
				"up": {"uv": [9.33333, 13.66667, 9, 13.33333], "texture": "#10"},
				"down": {"uv": [9.66667, 13.33333, 9.33333, 13.66667], "texture": "#10"}
			}
		},
		{
			"from": [-4.6636, 12.36496, 4.71131],
			"to": [-1.6656, 14.36296, 6.70931],
			"rotation": {"angle": 0, "axis": "y", "origin": [0.3354, 13.36396, 5.71031]},
			"faces": {
				"north": {"uv": [11.33333, 8.33333, 12.33333, 9], "texture": "#10"},
				"east": {"uv": [12, 11, 12.66667, 11.66667], "texture": "#10"},
				"south": {"uv": [9.66667, 11.33333, 10.66667, 12], "texture": "#10"},
				"west": {"uv": [12, 11.66667, 12.66667, 12.33333], "texture": "#10"},
				"up": {"uv": [11.66667, 12, 10.66667, 11.33333], "texture": "#10"},
				"down": {"uv": [1, 11.66667, 0, 12.33333], "texture": "#10"}
			}
		},
		{
			"from": [-3.97535, 12.36396, 6.17539],
			"to": [-2.97535, 15.36396, 8.17539],
			"rotation": {"angle": 22.5, "axis": "y", "origin": [-2.97535, 13.36396, 8.17539]},
			"faces": {
				"north": {"uv": [7.33333, 12.66667, 7.66667, 13.66667], "texture": "#10"},
				"east": {"uv": [11.33333, 2.66667, 12, 3.66667], "texture": "#10"},
				"south": {"uv": [7.66667, 12.66667, 8, 13.66667], "texture": "#10"},
				"west": {"uv": [5.66667, 11.33333, 6.33333, 12.33333], "texture": "#10"},
				"up": {"uv": [11.66667, 13.33333, 11.33333, 12.66667], "texture": "#10"},
				"down": {"uv": [13, 11.66667, 12.66667, 12.33333], "texture": "#10"}
			}
		},
		{
			"from": [2.999, 14.46396, 6.96547],
			"to": [20.999, 14.46396, 7.96547],
			"rotation": {"angle": 0, "axis": "y", "origin": [20.499, 14.46396, 7.46547]},
			"faces": {
				"north": {"uv": [0, 0, 6, 0], "texture": "#10"},
				"east": {"uv": [0, 0, 0.33333, 0], "texture": "#10"},
				"south": {"uv": [0, 0, 6, 0], "texture": "#10"},
				"west": {"uv": [0, 0, 0.33333, 0], "texture": "#10"},
				"up": {"uv": [13, 1, 7, 0.66667], "texture": "#10"},
				"down": {"uv": [13, 1, 7, 1.33333], "texture": "#10"}
			}
		},
		{
			"from": [-4.001, 14.46396, 6.96547],
			"to": [13.999, 14.46396, 7.96547],
			"rotation": {"angle": 0, "axis": "y", "origin": [-3.501, 14.46396, 7.46547]},
			"faces": {
				"north": {"uv": [0, 0, 6, 0], "texture": "#10"},
				"east": {"uv": [0, 0, 0.33333, 0], "texture": "#10"},
				"south": {"uv": [0, 0, 6, 0], "texture": "#10"},
				"west": {"uv": [0, 0, 0.33333, 0], "texture": "#10"},
				"up": {"uv": [13, 1.66667, 7, 1.33333], "texture": "#10"},
				"down": {"uv": [13, 1.66667, 7, 2], "texture": "#10"}
			}
		},
		{
			"from": [-2.42788, 12.36396, 2.87302],
			"to": [0.57212, 14.36396, 4.87302],
			"rotation": {"angle": 22.5, "axis": "y", "origin": [2.57212, 13.36396, 3.87302]},
			"faces": {
				"north": {"uv": [11, 10, 12, 10.66667], "texture": "#10"},
				"east": {"uv": [10.33333, 12, 11, 12.66667], "texture": "#10"},
				"south": {"uv": [11.33333, 0, 12.33333, 0.66667], "texture": "#10"},
				"west": {"uv": [11, 12, 11.66667, 12.66667], "texture": "#10"},
				"up": {"uv": [2, 12, 1, 11.33333], "texture": "#10"},
				"down": {"uv": [3, 11.33333, 2, 12], "texture": "#10"}
			}
		},
		{
			"from": [-1.65132, 12.36296, -1.09559],
			"to": [3.35068, 14.36496, 0.90641],
			"rotation": {"angle": 45, "axis": "y", "origin": [5.34968, 13.36396, -0.09459]},
			"faces": {
				"north": {"uv": [9.33333, 4, 11, 4.66667], "texture": "#10"},
				"east": {"uv": [9.66667, 12, 10.33333, 12.66667], "texture": "#10"},
				"south": {"uv": [9.33333, 4.66667, 11, 5.33333], "texture": "#10"},
				"west": {"uv": [12, 10, 12.66667, 10.66667], "texture": "#10"},
				"up": {"uv": [7, 10, 5.33333, 9.33333], "texture": "#10"},
				"down": {"uv": [11, 5.33333, 9.33333, 6], "texture": "#10"}
			}
		},
		{
			"from": [3.68717, 12.36396, 0.91908],
			"to": [6.68717, 14.36396, 2.91908],
			"rotation": {"angle": 22.5, "axis": "y", "origin": [2.68717, 13.36396, 1.91908]},
			"faces": {
				"north": {"uv": [11, 6.66667, 12, 7.33333], "texture": "#10"},
				"east": {"uv": [12, 6.66667, 12.66667, 7.33333], "texture": "#10"},
				"south": {"uv": [7.66667, 11, 8.66667, 11.66667], "texture": "#10"},
				"west": {"uv": [12, 9.33333, 12.66667, 10], "texture": "#10"},
				"up": {"uv": [9.66667, 11.66667, 8.66667, 11], "texture": "#10"},
				"down": {"uv": [12, 9.33333, 11, 10], "texture": "#10"}
			}
		},
		{
			"from": [-7.01815, 12.86396, 5.27097],
			"to": [-4.01815, 13.86396, 6.27097],
			"rotation": {"angle": 45, "axis": "y", "origin": [-5.01815, 13.86396, 5.77097]},
			"faces": {
				"north": {"uv": [12.66667, 6.66667, 13.66667, 7], "texture": "#10"},
				"east": {"uv": [13.66667, 5.33333, 14, 5.66667], "texture": "#10"},
				"south": {"uv": [12.66667, 7, 13.66667, 7.33333], "texture": "#10"},
				"west": {"uv": [5.66667, 13.66667, 6, 14], "texture": "#10"},
				"up": {"uv": [13.66667, 9.33333, 12.66667, 9], "texture": "#10"},
				"down": {"uv": [13.66667, 9.33333, 12.66667, 9.66667], "texture": "#10"}
			}
		},
		{
			"from": [-4.51815, 12.86396, 6.02097],
			"to": [-3.51815, 13.86396, 9.02097],
			"rotation": {"angle": -22.5, "axis": "y", "origin": [-5.01815, 13.86396, 5.77097]},
			"faces": {
				"north": {"uv": [13.66667, 5, 14, 5.33333], "texture": "#10"},
				"east": {"uv": [1.33333, 12.66667, 2.33333, 13], "texture": "#10"},
				"south": {"uv": [5.33333, 13.66667, 5.66667, 14], "texture": "#10"},
				"west": {"uv": [4.33333, 12.66667, 5.33333, 13], "texture": "#10"},
				"up": {"uv": [13, 6.33333, 12.66667, 5.33333], "texture": "#10"},
				"down": {"uv": [7.33333, 12.66667, 7, 13.66667], "texture": "#10"}
			}
		},
		{
			"from": [4.37868, 8.72475, -0.03553],
			"to": [5.07868, 9.44975, 0.96447],
			"rotation": {"angle": 0, "axis": "y", "origin": [4.57868, 8.94975, 0.46447]},
			"faces": {
				"north": {"uv": [13.66667, 4, 14, 4.33333], "texture": "#10"},
				"east": {"uv": [4.33333, 13.66667, 4.66667, 14], "texture": "#10"},
				"south": {"uv": [13.66667, 4.33333, 14, 4.66667], "texture": "#10"},
				"west": {"uv": [4.66667, 13.66667, 5, 14], "texture": "#10"},
				"up": {"uv": [14, 5, 13.66667, 4.66667], "texture": "#10"},
				"down": {"uv": [5.33333, 13.66667, 5, 14], "texture": "#10"}
			}
		},
		{
			"from": [-6.78592, 12.86396, 6.83163],
			"to": [-6.06092, 13.86396, 7.53163],
			"rotation": {"angle": 0, "axis": "y", "origin": [-6.56092, 13.36396, 7.03163]},
			"faces": {
				"north": {"uv": [13.66667, 3, 14, 3.33333], "texture": "#10"},
				"east": {"uv": [3.33333, 13.66667, 3.66667, 14], "texture": "#10"},
				"south": {"uv": [13.66667, 3.33333, 14, 3.66667], "texture": "#10"},
				"west": {"uv": [3.66667, 13.66667, 4, 14], "texture": "#10"},
				"up": {"uv": [14, 4, 13.66667, 3.66667], "texture": "#10"},
				"down": {"uv": [4.33333, 13.66667, 4, 14], "texture": "#10"}
			}
		},
		{
			"from": [-5.74052, 12.86396, 8.8636],
			"to": [-5.01552, 13.86396, 9.5636],
			"rotation": {"angle": 22.5, "axis": "y", "origin": [-5.51552, 13.36396, 9.0636]},
			"faces": {
				"north": {"uv": [13.66667, 2, 14, 2.33333], "texture": "#10"},
				"east": {"uv": [2.33333, 13.66667, 2.66667, 14], "texture": "#10"},
				"south": {"uv": [13.66667, 2.33333, 14, 2.66667], "texture": "#10"},
				"west": {"uv": [2.66667, 13.66667, 3, 14], "texture": "#10"},
				"up": {"uv": [14, 3, 13.66667, 2.66667], "texture": "#10"},
				"down": {"uv": [3.33333, 13.66667, 3, 14], "texture": "#10"}
			}
		},
		{
			"from": [-6.78592, 12.86396, 6.83163],
			"to": [-6.06092, 13.86396, 7.53163],
			"rotation": {"angle": 0, "axis": "y", "origin": [-6.56092, 13.36396, 7.03163]},
			"faces": {
				"north": {"uv": [13.66667, 1, 14, 1.33333], "texture": "#10"},
				"east": {"uv": [1.33333, 13.66667, 1.66667, 14], "texture": "#10"},
				"south": {"uv": [13.66667, 1.33333, 14, 1.66667], "texture": "#10"},
				"west": {"uv": [1.66667, 13.66667, 2, 14], "texture": "#10"},
				"up": {"uv": [14, 2, 13.66667, 1.66667], "texture": "#10"},
				"down": {"uv": [2.33333, 13.66667, 2, 14], "texture": "#10"}
			}
		},
		{
			"from": [-5.74052, 12.86396, 8.8636],
			"to": [-5.01552, 13.86396, 9.5636],
			"rotation": {"angle": 22.5, "axis": "y", "origin": [-5.51552, 13.36396, 9.0636]},
			"faces": {
				"north": {"uv": [13.66667, 0, 14, 0.33333], "texture": "#10"},
				"east": {"uv": [0.33333, 13.66667, 0.66667, 14], "texture": "#10"},
				"south": {"uv": [13.66667, 0.33333, 14, 0.66667], "texture": "#10"},
				"west": {"uv": [0.66667, 13.66667, 1, 14], "texture": "#10"},
				"up": {"uv": [14, 1, 13.66667, 0.66667], "texture": "#10"},
				"down": {"uv": [1.33333, 13.66667, 1, 14], "texture": "#10"}
			}
		},
		{
			"from": [-4.51815, 12.86396, 6.02097],
			"to": [-3.51815, 13.86396, 9.02097],
			"rotation": {"angle": -22.5, "axis": "y", "origin": [-5.01815, 13.86396, 5.77097]},
			"faces": {
				"north": {"uv": [13.33333, 13.33333, 13.66667, 13.66667], "texture": "#10"},
				"east": {"uv": [12.33333, 8.33333, 13.33333, 8.66667], "texture": "#10"},
				"south": {"uv": [0, 13.66667, 0.33333, 14], "texture": "#10"},
				"west": {"uv": [12.33333, 8.66667, 13.33333, 9], "texture": "#10"},
				"up": {"uv": [1, 13.66667, 0.66667, 12.66667], "texture": "#10"},
				"down": {"uv": [1.33333, 12.66667, 1, 13.66667], "texture": "#10"}
			}
		},
		{
			"from": [7, 11.12323, 1.15877],
			"to": [10, 13.12323, 7.15877],
			"rotation": {"angle": 22.5, "axis": "x", "origin": [8, 12.12323, 4.65877]},
			"faces": {
				"north": {"uv": [6.66667, 10.33333, 7.66667, 11], "texture": "#10"},
				"east": {"uv": [2, 7.66667, 4, 8.33333], "texture": "#10"},
				"south": {"uv": [7.66667, 10.33333, 8.66667, 11], "texture": "#10"},
				"west": {"uv": [8, 2, 10, 2.66667], "texture": "#10"},
				"up": {"uv": [7.33333, 8.33333, 6.33333, 6.33333], "texture": "#10"},
				"down": {"uv": [1, 6.66667, 0, 8.66667], "texture": "#10"}
			}
		},
		{
			"from": [7.001, 8.76877, 18.14745],
			"to": [9.999, 10.76677, 25.14545],
			"rotation": {"angle": 45, "axis": "x", "origin": [8, 9.76777, 23.64645]},
			"faces": {
				"north": {"uv": [10, 6.33333, 11, 7], "texture": "#10"},
				"east": {"uv": [7, 4, 9.33333, 4.66667], "texture": "#10"},
				"south": {"uv": [10, 7, 11, 7.66667], "texture": "#10"},
				"west": {"uv": [7, 4.66667, 9.33333, 5.33333], "texture": "#10"},
				"up": {"uv": [7, 3, 6, 0.66667], "texture": "#10"},
				"down": {"uv": [7, 3, 6, 5.33333], "texture": "#10"}
			}
		},
		{
			"from": [7, 14.5, 1],
			"to": [10, 17.5, 4],
			"rotation": {"angle": -45, "axis": "x", "origin": [8.5, 16, 2.5]},
			"faces": {
				"north": {"uv": [8, 9.33333, 9, 10.33333], "texture": "#10"},
				"east": {"uv": [9, 9.33333, 10, 10.33333], "texture": "#10"},
				"south": {"uv": [1.66667, 9.66667, 2.66667, 10.66667], "texture": "#10"},
				"west": {"uv": [2.66667, 9.66667, 3.66667, 10.66667], "texture": "#10"},
				"up": {"uv": [10.66667, 3.66667, 9.66667, 2.66667], "texture": "#10"},
				"down": {"uv": [1, 10, 0, 11], "texture": "#10"}
			}
		},
		{
			"from": [6.999, 14.499, 1.999],
			"to": [10.001, 17.501, 8.001],
			"rotation": {"angle": 0, "axis": "y", "origin": [8.5, 16, 2.5]},
			"faces": {
				"north": {"uv": [3.66667, 10, 4.66667, 11], "texture": "#10"},
				"east": {"uv": [1, 6.66667, 3, 7.66667], "texture": "#10"},
				"south": {"uv": [4.66667, 10, 5.66667, 11], "texture": "#10"},
				"west": {"uv": [3, 6.66667, 5, 7.66667], "texture": "#10"},
				"up": {"uv": [6, 8.66667, 5, 6.66667], "texture": "#10"},
				"down": {"uv": [8, 2, 7, 4], "texture": "#10"}
			}
		}
	],
	"display": {
		"thirdperson_righthand": {
			"rotation": [69.75, 0, 0],
			"translation": [0, 7, -3.25],
			"scale": [0.6, 0.6, 0.6]
		},
		"thirdperson_lefthand": {
			"rotation": [59.5, 0, 0],
			"translation": [0, 3, -3],
			"scale": [0.6, 0.6, 0.6]
		},
		"firstperson_righthand": {
			"rotation": [2.75, -5.25, 3.25],
			"translation": [-0.75, 1.75, 1.75],
			"scale": [0.4, 0.4, 0.4]
		},
		"firstperson_lefthand": {
			"rotation": [-0.5, -13, 3.25],
			"translation": [-0.5, 2.5, 0.75],
			"scale": [0.4, 0.4, 0.4]
		},
		"ground": {
			"rotation": [-45, 0, 0],
			"translation": [0, 4, 0],
			"scale": [0.5, 0.5, 0.5]
		},
		"gui": {
			"rotation": [95, -45, 171],
			"translation": [1.5, 0.75, 0.75],
			"scale": [0.5, 0.5, 0.5]
		},
		"fixed": {
			"rotation": [95, 45, 171],
			"translation": [-0.5, 1, 0.75],
			"scale": [0.5, 0.5, 0.5]
		}
	}
}