{
	"credit": "Made with Blockbench",
	"texture_size": [32, 32],
	"textures": {
		"2": "default/amethyst_fishing_rod"
	},
	"elements": [
		{
			"from": [6.999, -2.251, 26.999],
			"to": [9.001, 11.751, 29.001],
			"rotation": {"angle": 0, "axis": "y", "origin": [0, -7.25, 20]},
			"faces": {
				"north": {"uv": [0, 0, 1, 7], "texture": "#2"},
				"east": {"uv": [1, 0, 2, 7], "texture": "#2"},
				"south": {"uv": [2, 0, 3, 7], "texture": "#2"},
				"west": {"uv": [3, 0, 4, 7], "texture": "#2"},
				"up": {"uv": [12, 1, 11, 0], "texture": "#2"},
				"down": {"uv": [12, 1, 11, 2], "texture": "#2"}
			}
		},
		{
			"from": [7.001, 11.21608, 26.31175],
			"to": [8.999, 19.21408, 27.30975],
			"rotation": {"angle": -22.5, "axis": "x", "origin": [8, 13.21508, 27.31075]},
			"faces": {
				"north": {"uv": [4, 0, 5, 4], "texture": "#2"},
				"east": {"uv": [3, 7, 3.5, 11], "texture": "#2"},
				"south": {"uv": [4, 4, 5, 8], "texture": "#2"},
				"west": {"uv": [3.5, 7, 4, 11], "texture": "#2"},
				"up": {"uv": [11.5, 5, 10.5, 4.5], "texture": "#2"},
				"down": {"uv": [12.5, 8.5, 11.5, 9], "texture": "#2"}
			}
		},
		{
			"from": [7.501, 11.21608, 27.31175],
			"to": [8.499, 19.21408, 28.30975],
			"rotation": {"angle": -22.5, "axis": "x", "origin": [8, 13.21508, 27.31075]},
			"faces": {
				"north": {"uv": [5, 7.5, 5.5, 11.5], "texture": "#2"},
				"east": {"uv": [5.5, 7.5, 6, 11.5], "texture": "#2"},
				"south": {"uv": [6, 7.5, 6.5, 11.5], "texture": "#2"},
				"west": {"uv": [6.5, 7.5, 7, 11.5], "texture": "#2"},
				"up": {"uv": [11.5, 2.5, 11, 2], "texture": "#2"},
				"down": {"uv": [12.5, 4.5, 12, 5], "texture": "#2"}
			}
		},
		{
			"from": [7.502, 18.87396, 26.29496],
			"to": [8.498, 24.75, 27.29096],
			"rotation": {"angle": -45, "axis": "x", "origin": [8, 17.37196, 26.29296]},
			"faces": {
				"north": {"uv": [9, 0, 9.5, 3], "texture": "#2"},
				"east": {"uv": [9, 3, 9.5, 6], "texture": "#2"},
				"south": {"uv": [9, 6, 9.5, 9], "texture": "#2"},
				"west": {"uv": [9, 9, 9.5, 12], "texture": "#2"},
				"up": {"uv": [3, 13.5, 2.5, 13], "texture": "#2"},
				"down": {"uv": [13.5, 2.5, 13, 3], "texture": "#2"}
			}
		},
		{
			"from": [7.004, 19.19939, 25.0806],
			"to": [8.998, 25.07342, 26.0746],
			"rotation": {"angle": -45, "axis": "x", "origin": [8.001, 17.69639, 26.0776]},
			"faces": {
				"north": {"uv": [5, 0, 6, 3], "texture": "#2"},
				"east": {"uv": [2.5, 8.5, 3, 11.5], "texture": "#2"},
				"south": {"uv": [5, 3, 6, 6], "texture": "#2"},
				"west": {"uv": [8.5, 7, 9, 10], "texture": "#2"},
				"up": {"uv": [12.5, 9.5, 11.5, 9], "texture": "#2"},
				"down": {"uv": [10.5, 11.5, 9.5, 12], "texture": "#2"}
			}
		},
		{
			"from": [7.502, 23.37722, 17.35957],
			"to": [8.498, 24.37322, 22.23561],
			"rotation": {"angle": 22.5, "axis": "x", "origin": [8, 24.97522, 19.29759]},
			"faces": {
				"north": {"uv": [3, 13, 3.5, 13.5], "texture": "#2"},
				"east": {"uv": [10, 5, 12.5, 5.5], "texture": "#2"},
				"south": {"uv": [13, 3, 13.5, 3.5], "texture": "#2"},
				"west": {"uv": [10, 5.5, 12.5, 6], "texture": "#2"},
				"up": {"uv": [9, 12.5, 8.5, 10], "texture": "#2"},
				"down": {"uv": [11, 0, 10.5, 2.5], "texture": "#2"}
			}
		},
		{
			"from": [8.89355, 7.27774, 27.5],
			"to": [9.89355, 11.27774, 28.5],
			"rotation": {"angle": -22.5, "axis": "z", "origin": [8, 9.40762, 28]},
			"faces": {
				"north": {"uv": [8.5, 3, 9, 5], "texture": "#2"},
				"east": {"uv": [8, 10.5, 8.5, 12.5], "texture": "#2"},
				"south": {"uv": [3, 11, 3.5, 13], "texture": "#2"},
				"west": {"uv": [3.5, 11, 4, 13], "texture": "#2"},
				"up": {"uv": [13, 12, 12.5, 11.5], "texture": "#2"},
				"down": {"uv": [12.5, 12.5, 12, 13], "texture": "#2"}
			}
		},
		{
			"from": [6.10645, 7.27774, 27.5],
			"to": [7.10645, 11.27774, 28.5],
			"rotation": {"angle": 22.5, "axis": "z", "origin": [8, 9.40762, 28]},
			"faces": {
				"north": {"uv": [7, 11, 7.5, 13], "texture": "#2"},
				"east": {"uv": [7.5, 11, 8, 13], "texture": "#2"},
				"south": {"uv": [10.5, 11, 11, 13], "texture": "#2"},
				"west": {"uv": [11, 11, 11.5, 13], "texture": "#2"},
				"up": {"uv": [13, 12.5, 12.5, 12], "texture": "#2"},
				"down": {"uv": [13, 12.5, 12.5, 13], "texture": "#2"}
			}
		},
		{
			"from": [7.5, 6.17774, 28.89355],
			"to": [8.5, 11.17774, 29.89355],
			"rotation": {"angle": 22.5, "axis": "x", "origin": [8, 8.30762, 28]},
			"faces": {
				"north": {"uv": [10, 0, 10.5, 2.5], "texture": "#2"},
				"east": {"uv": [10, 2.5, 10.5, 5], "texture": "#2"},
				"south": {"uv": [4, 10, 4.5, 12.5], "texture": "#2"},
				"west": {"uv": [4.5, 10, 5, 12.5], "texture": "#2"},
				"up": {"uv": [0.5, 13.5, 0, 13], "texture": "#2"},
				"down": {"uv": [13.5, 0, 13, 0.5], "texture": "#2"}
			}
		},
		{
			"from": [7.501, 10.09857, 29.96841],
			"to": [8.499, 10.80527, 30.67511],
			"rotation": {"angle": -22.5, "axis": "x", "origin": [8, 10.59757, 30.41741]},
			"faces": {
				"north": {"uv": [3.5, 13, 4, 13.5], "texture": "#2"},
				"east": {"uv": [13, 3.5, 13.5, 4], "texture": "#2"},
				"south": {"uv": [13, 4, 13.5, 4.5], "texture": "#2"},
				"west": {"uv": [13, 4.5, 13.5, 5], "texture": "#2"},
				"up": {"uv": [5.5, 13.5, 5, 13], "texture": "#2"},
				"down": {"uv": [13.5, 5, 13, 5.5], "texture": "#2"}
			}
		},
		{
			"from": [7.5, 28.7267, 22.56577],
			"to": [8.498, 29.4334, 23.27247],
			"rotation": {"angle": -22.5, "axis": "x", "origin": [7.999, 12.2257, 31.01477]},
			"faces": {
				"north": {"uv": [9, 13, 9.5, 13.5], "texture": "#2"},
				"east": {"uv": [13, 9, 13.5, 9.5], "texture": "#2"},
				"south": {"uv": [9.5, 13, 10, 13.5], "texture": "#2"},
				"west": {"uv": [13, 9.5, 13.5, 10], "texture": "#2"},
				"up": {"uv": [10.5, 13.5, 10, 13], "texture": "#2"},
				"down": {"uv": [13.5, 10, 13, 10.5], "texture": "#2"}
			}
		},
		{
			"from": [5.70549, 10.27383, 27.501],
			"to": [6.41219, 10.98053, 28.499],
			"rotation": {"angle": -22.5, "axis": "z", "origin": [5.96319, 10.77283, 28]},
			"faces": {
				"north": {"uv": [5.5, 13, 6, 13.5], "texture": "#2"},
				"east": {"uv": [13, 5.5, 13.5, 6], "texture": "#2"},
				"south": {"uv": [6, 13, 6.5, 13.5], "texture": "#2"},
				"west": {"uv": [13, 6, 13.5, 6.5], "texture": "#2"},
				"up": {"uv": [7, 13.5, 6.5, 13], "texture": "#2"},
				"down": {"uv": [13.5, 6.5, 13, 7], "texture": "#2"}
			}
		},
		{
			"from": [9.58573, 10.27469, 27.501],
			"to": [10.29243, 10.98139, 28.499],
			"rotation": {"angle": 22.5, "axis": "z", "origin": [10.03473, 10.77369, 28]},
			"faces": {
				"north": {"uv": [7, 13, 7.5, 13.5], "texture": "#2"},
				"east": {"uv": [13, 7, 13.5, 7.5], "texture": "#2"},
				"south": {"uv": [7.5, 13, 8, 13.5], "texture": "#2"},
				"west": {"uv": [13, 7.5, 13.5, 8], "texture": "#2"},
				"up": {"uv": [13.5, 8.5, 13, 8], "texture": "#2"},
				"down": {"uv": [13.5, 8.5, 13, 9], "texture": "#2"}
			}
		},
		{
			"from": [6.5, 2.10165, 24.85901],
			"to": [9.5, 5.10165, 27.85901],
			"rotation": {"angle": -45, "axis": "x", "origin": [8.5, 5.65165, 26.40901]},
			"faces": {
				"north": {"uv": [6, 0, 7.5, 1.5], "texture": "#2"},
				"east": {"uv": [6, 1.5, 7.5, 3], "texture": "#2"},
				"south": {"uv": [6, 3, 7.5, 4.5], "texture": "#2"},
				"west": {"uv": [6, 4.5, 7.5, 6], "texture": "#2"},
				"up": {"uv": [6.5, 7.5, 5, 6], "texture": "#2"},
				"down": {"uv": [8, 6, 6.5, 7.5], "texture": "#2"}
			}
		},
		{
			"from": [5.5, 3.60165, 26.35901],
			"to": [6.5, 4.60165, 27.35901],
			"rotation": {"angle": -45, "axis": "x", "origin": [8.5, 5.65165, 26.40901]},
			"faces": {
				"north": {"uv": [13, 0.5, 13.5, 1], "texture": "#2"},
				"east": {"uv": [13, 1, 13.5, 1.5], "texture": "#2"},
				"south": {"uv": [1.5, 13, 2, 13.5], "texture": "#2"},
				"west": {"uv": [13, 1.5, 13.5, 2], "texture": "#2"},
				"up": {"uv": [2.5, 13.5, 2, 13], "texture": "#2"},
				"down": {"uv": [13.5, 2, 13, 2.5], "texture": "#2"}
			}
		},
		{
			"from": [4.5, 3.37383, 27.32322],
			"to": [5.5, 6.37383, 28.32322],
			"rotation": {"angle": -45, "axis": "x", "origin": [5, 4.87383, 27.82322]},
			"faces": {
				"north": {"uv": [11.5, 2, 12, 3.5], "texture": "#2"},
				"east": {"uv": [2.5, 11.5, 3, 13], "texture": "#2"},
				"south": {"uv": [11.5, 3.5, 12, 5], "texture": "#2"},
				"west": {"uv": [5, 11.5, 5.5, 13], "texture": "#2"},
				"up": {"uv": [13, 11.5, 12.5, 11], "texture": "#2"},
				"down": {"uv": [12, 12.5, 11.5, 13], "texture": "#2"}
			}
		},
		{
			"from": [6.999, -5.75414, 27.4969],
			"to": [8.999, -1.75414, 29.4969],
			"rotation": {"angle": -22.5, "axis": "x", "origin": [7.999, -3.25414, 28.4969]},
			"faces": {
				"north": {"uv": [7.5, 3, 8.5, 5], "texture": "#2"},
				"east": {"uv": [7, 7.5, 8, 9.5], "texture": "#2"},
				"south": {"uv": [4, 8, 5, 10], "texture": "#2"},
				"west": {"uv": [8, 5, 9, 7], "texture": "#2"},
				"up": {"uv": [10.5, 11.5, 9.5, 10.5], "texture": "#2"},
				"down": {"uv": [11.5, 10, 10.5, 11], "texture": "#2"}
			}
		},
		{
			"from": [7.999, 4.38388, 26.3269],
			"to": [7.999, 11.38388, 26.5769],
			"rotation": {"angle": 0, "axis": "y", "origin": [-1.501, -1.61612, 19.8269]},
			"faces": {
				"north": {"uv": [0, 0, 0, 3.5], "texture": "#2"},
				"east": {"uv": [0.5, 8.5, 1, 12], "texture": "#2"},
				"south": {"uv": [0, 0, 0, 3.5], "texture": "#2"},
				"west": {"uv": [1, 8.5, 1.5, 12], "texture": "#2"},
				"up": {"uv": [0, 0.5, 0, 0], "texture": "#2"},
				"down": {"uv": [0, 0, 0, 0.5], "texture": "#2"}
			}
		},
		{
			"from": [7.999, 13.22222, 24.56885],
			"to": [7.999, 20.22222, 24.81885],
			"rotation": {"angle": -22.5, "axis": "x", "origin": [7.999, 16.72222, 30.31885]},
			"faces": {
				"north": {"uv": [0, 0, 0, 3.5], "texture": "#2"},
				"east": {"uv": [1.5, 8.5, 2, 12], "texture": "#2"},
				"south": {"uv": [0, 0, 0, 3.5], "texture": "#2"},
				"west": {"uv": [2, 8.5, 2.5, 12], "texture": "#2"},
				"up": {"uv": [0, 0.5, 0, 0], "texture": "#2"},
				"down": {"uv": [0, 0, 0, 0.5], "texture": "#2"}
			}
		},
		{
			"from": [7.999, 18.81551, 26.97655],
			"to": [7.999, 24.81551, 27.22655],
			"rotation": {"angle": -45, "axis": "x", "origin": [7.999, 14.31551, 26.72655]},
			"faces": {
				"north": {"uv": [0, 0, 0, 3], "texture": "#2"},
				"east": {"uv": [9.5, 0, 10, 3], "texture": "#2"},
				"south": {"uv": [0, 0, 0, 3], "texture": "#2"},
				"west": {"uv": [9.5, 3, 10, 6], "texture": "#2"},
				"up": {"uv": [0, 0.5, 0, 0], "texture": "#2"},
				"down": {"uv": [0, 0, 0, 0.5], "texture": "#2"}
			}
		},
		{
			"from": [7.999, 21.49906, 16.13802],
			"to": [7.999, 21.74906, 19.38802],
			"rotation": {"angle": 22.5, "axis": "x", "origin": [7.999, 21.24906, 20.38802]},
			"faces": {
				"north": {"uv": [0, 0, 0, 0.5], "texture": "#2"},
				"east": {"uv": [5.5, 11.5, 7, 12], "texture": "#2"},
				"south": {"uv": [0, 0, 0, 0.5], "texture": "#2"},
				"west": {"uv": [11.5, 6, 13, 6.5], "texture": "#2"},
				"up": {"uv": [0, 1.5, 0, 0], "texture": "#2"},
				"down": {"uv": [0, 0, 0, 1.5], "texture": "#2"}
			}
		},
		{
			"from": [7.999, 16.27562, 14.94982],
			"to": [7.999, 23.52562, 15.19982],
			"rotation": {"angle": 22.5, "axis": "x", "origin": [7.999, 19.27562, 14.69982]},
			"faces": {
				"north": {"uv": [0, 0, 0, 3.5], "texture": "#2"},
				"east": {"uv": [8, 7, 8.5, 10.5], "texture": "#2"},
				"south": {"uv": [0, 0, 0, 3.5], "texture": "#2"},
				"west": {"uv": [0, 8.5, 0.5, 12], "texture": "#2"},
				"up": {"uv": [0, 0.5, 0, 0], "texture": "#2"},
				"down": {"uv": [0, 0, 0, 0.5], "texture": "#2"}
			}
		},
		{
			"from": [6.499, -7.3631, 23.93544],
			"to": [9.499, -6.3631, 26.93544],
			"rotation": {"angle": -22.5, "axis": "x", "origin": [7.999, 4.1369, 25.43544]},
			"faces": {
				"north": {"uv": [11.5, 6.5, 13, 7], "texture": "#2"},
				"east": {"uv": [11.5, 7, 13, 7.5], "texture": "#2"},
				"south": {"uv": [11.5, 7.5, 13, 8], "texture": "#2"},
				"west": {"uv": [11.5, 8, 13, 8.5], "texture": "#2"},
				"up": {"uv": [9, 1.5, 7.5, 0], "texture": "#2"},
				"down": {"uv": [9, 1.5, 7.5, 3], "texture": "#2"}
			}
		},
		{
			"from": [6.999, -9.03761, 28.77118],
			"to": [8.999, -6.03761, 31.77118],
			"rotation": {"angle": 22.5, "axis": "x", "origin": [7.999, -7.53761, 30.27118]},
			"faces": {
				"north": {"uv": [9.5, 6, 10.5, 7.5], "texture": "#2"},
				"east": {"uv": [0, 7, 1.5, 8.5], "texture": "#2"},
				"south": {"uv": [7, 9.5, 8, 11], "texture": "#2"},
				"west": {"uv": [1.5, 7, 3, 8.5], "texture": "#2"},
				"up": {"uv": [10.5, 9, 9.5, 7.5], "texture": "#2"},
				"down": {"uv": [10.5, 9, 9.5, 10.5], "texture": "#2"}
			}
		},
		{
			"from": [8.249, 9.58914, 30.42367],
			"to": [8.499, 9.83914, 31.92367],
			"rotation": {"angle": -22.5, "axis": "x", "origin": [7.499, -2.11086, 23.42367]},
			"faces": {
				"north": {"uv": [10.5, 13, 11, 13.5], "texture": "#2"},
				"east": {"uv": [11.5, 10.5, 12.5, 11], "texture": "#2"},
				"south": {"uv": [13, 10.5, 13.5, 11], "texture": "#2"},
				"west": {"uv": [11.5, 11, 12.5, 11.5], "texture": "#2"},
				"up": {"uv": [12, 12.5, 11.5, 11.5], "texture": "#2"},
				"down": {"uv": [0.5, 12, 0, 13], "texture": "#2"}
			}
		},
		{
			"from": [7.499, 9.58914, 30.42367],
			"to": [7.749, 9.83914, 31.92367],
			"rotation": {"angle": -22.5, "axis": "x", "origin": [7.499, -2.11086, 23.42367]},
			"faces": {
				"north": {"uv": [11, 13, 11.5, 13.5], "texture": "#2"},
				"east": {"uv": [12, 0, 13, 0.5], "texture": "#2"},
				"south": {"uv": [13, 11, 13.5, 11.5], "texture": "#2"},
				"west": {"uv": [0.5, 12, 1.5, 12.5], "texture": "#2"},
				"up": {"uv": [12.5, 1.5, 12, 0.5], "texture": "#2"},
				"down": {"uv": [2, 12, 1.5, 13], "texture": "#2"}
			}
		},
		{
			"from": [7.749, 9.58914, 30.42367],
			"to": [8.249, 9.83914, 30.67367],
			"rotation": {"angle": -22.5, "axis": "x", "origin": [7.499, -2.11086, 23.42367]},
			"faces": {
				"north": {"uv": [11.5, 13, 12, 13.5], "texture": "#2"},
				"east": {"uv": [13, 11.5, 13.5, 12], "texture": "#2"},
				"south": {"uv": [12, 13, 12.5, 13.5], "texture": "#2"},
				"west": {"uv": [13, 12, 13.5, 12.5], "texture": "#2"},
				"up": {"uv": [13, 13.5, 12.5, 13], "texture": "#2"},
				"down": {"uv": [13.5, 12.5, 13, 13], "texture": "#2"}
			}
		},
		{
			"from": [7.749, 16.68317, 23.9527],
			"to": [8.249, 16.93317, 24.2027],
			"rotation": {"angle": -45, "axis": "x", "origin": [7.999, 16.05817, 23.84437]},
			"faces": {
				"north": {"uv": [13.5, 0.5, 14, 1], "texture": "#2"},
				"east": {"uv": [1, 13.5, 1.5, 14], "texture": "#2"},
				"south": {"uv": [13.5, 1, 14, 1.5], "texture": "#2"},
				"west": {"uv": [1.5, 13.5, 2, 14], "texture": "#2"},
				"up": {"uv": [14, 2, 13.5, 1.5], "texture": "#2"},
				"down": {"uv": [2.5, 13.5, 2, 14], "texture": "#2"}
			}
		},
		{
			"from": [8.249, 16.68317, 23.9527],
			"to": [8.499, 16.93317, 25.4527],
			"rotation": {"angle": -45, "axis": "x", "origin": [7.999, 16.05817, 23.84437]},
			"faces": {
				"north": {"uv": [13.5, 0, 14, 0.5], "texture": "#2"},
				"east": {"uv": [12, 3.5, 13, 4], "texture": "#2"},
				"south": {"uv": [0.5, 13.5, 1, 14], "texture": "#2"},
				"west": {"uv": [12, 4, 13, 4.5], "texture": "#2"},
				"up": {"uv": [6, 13, 5.5, 12], "texture": "#2"},
				"down": {"uv": [6.5, 12, 6, 13], "texture": "#2"}
			}
		},
		{
			"from": [7.499, 16.68317, 23.9527],
			"to": [7.749, 16.93317, 25.4527],
			"rotation": {"angle": -45, "axis": "x", "origin": [7.999, 16.05817, 23.84437]},
			"faces": {
				"north": {"uv": [13, 13, 13.5, 13.5], "texture": "#2"},
				"east": {"uv": [12, 1.5, 13, 2], "texture": "#2"},
				"south": {"uv": [0, 13.5, 0.5, 14], "texture": "#2"},
				"west": {"uv": [12, 2, 13, 2.5], "texture": "#2"},
				"up": {"uv": [2.5, 13, 2, 12], "texture": "#2"},
				"down": {"uv": [12.5, 2.5, 12, 3.5], "texture": "#2"}
			}
		},
		{
			"from": [7.749, 18.61651, 18.41937],
			"to": [8.249, 18.86651, 18.66937],
			"rotation": {"angle": 22.5, "axis": "x", "origin": [7.999, 16.05817, 23.84437]},
			"faces": {
				"north": {"uv": [13.5, 3, 14, 3.5], "texture": "#2"},
				"east": {"uv": [3.5, 13.5, 4, 14], "texture": "#2"},
				"south": {"uv": [13.5, 3.5, 14, 4], "texture": "#2"},
				"west": {"uv": [4, 13.5, 4.5, 14], "texture": "#2"},
				"up": {"uv": [14, 4.5, 13.5, 4], "texture": "#2"},
				"down": {"uv": [5, 13.5, 4.5, 14], "texture": "#2"}
			}
		},
		{
			"from": [8.249, 18.61651, 18.41937],
			"to": [8.499, 20.11651, 18.66937],
			"rotation": {"angle": 22.5, "axis": "x", "origin": [7.999, 16.05817, 23.84437]},
			"faces": {
				"north": {"uv": [10, 12, 10.5, 13], "texture": "#2"},
				"east": {"uv": [12, 11.5, 12.5, 12.5], "texture": "#2"},
				"south": {"uv": [0.5, 12.5, 1, 13.5], "texture": "#2"},
				"west": {"uv": [12.5, 0.5, 13, 1.5], "texture": "#2"},
				"up": {"uv": [14, 3, 13.5, 2.5], "texture": "#2"},
				"down": {"uv": [3.5, 13.5, 3, 14], "texture": "#2"}
			}
		},
		{
			"from": [7.499, 18.61651, 18.41937],
			"to": [7.749, 20.11651, 18.66937],
			"rotation": {"angle": 22.5, "axis": "x", "origin": [7.999, 16.05817, 23.84437]},
			"faces": {
				"north": {"uv": [6.5, 12, 7, 13], "texture": "#2"},
				"east": {"uv": [9, 12, 9.5, 13], "texture": "#2"},
				"south": {"uv": [9.5, 12, 10, 13], "texture": "#2"},
				"west": {"uv": [12, 9.5, 12.5, 10.5], "texture": "#2"},
				"up": {"uv": [14, 2.5, 13.5, 2], "texture": "#2"},
				"down": {"uv": [3, 13.5, 2.5, 14], "texture": "#2"}
			}
		},
		{
			"from": [7.505, 22.5348, 16.97438],
			"to": [7.749, 24.2788, 17.21838],
			"rotation": {"angle": 0, "axis": "y", "origin": [7.752, 19.87347, 22.02138]},
			"faces": {
				"north": {"uv": [12.5, 4.5, 13, 5.5], "texture": "#2"},
				"east": {"uv": [8, 12.5, 8.5, 13.5], "texture": "#2"},
				"south": {"uv": [8.5, 12.5, 9, 13.5], "texture": "#2"},
				"west": {"uv": [12.5, 8.5, 13, 9.5], "texture": "#2"},
				"up": {"uv": [14, 7, 13.5, 6.5], "texture": "#2"},
				"down": {"uv": [7.5, 13.5, 7, 14], "texture": "#2"}
			}
		},
		{
			"from": [7.752, 22.5318, 16.97138],
			"to": [8.252, 22.7818, 17.22138],
			"rotation": {"angle": 0, "axis": "y", "origin": [7.752, 19.87347, 22.02138]},
			"faces": {
				"north": {"uv": [13.5, 5, 14, 5.5], "texture": "#2"},
				"east": {"uv": [5.5, 13.5, 6, 14], "texture": "#2"},
				"south": {"uv": [13.5, 5.5, 14, 6], "texture": "#2"},
				"west": {"uv": [6, 13.5, 6.5, 14], "texture": "#2"},
				"up": {"uv": [14, 6.5, 13.5, 6], "texture": "#2"},
				"down": {"uv": [7, 13.5, 6.5, 14], "texture": "#2"}
			}
		},
		{
			"from": [8.257, 22.5368, 16.97638],
			"to": [8.497, 24.2768, 17.21638],
			"rotation": {"angle": 0, "axis": "y", "origin": [7.752, 19.87347, 22.02138]},
			"faces": {
				"north": {"uv": [1, 12.5, 1.5, 13.5], "texture": "#2"},
				"east": {"uv": [12.5, 2.5, 13, 3.5], "texture": "#2"},
				"south": {"uv": [4, 12.5, 4.5, 13.5], "texture": "#2"},
				"west": {"uv": [4.5, 12.5, 5, 13.5], "texture": "#2"},
				"up": {"uv": [14, 5, 13.5, 4.5], "texture": "#2"},
				"down": {"uv": [5.5, 13.5, 5, 14], "texture": "#2"}
			}
		},
		{
			"from": [6.999, 14.15935, 12.68431],
			"to": [8.999, 16.15935, 14.68431],
			"rotation": {"angle": 22.5, "axis": "x", "origin": [7.499, 15.65935, 14.28431]},
			"faces": {
				"north": {"uv": [0, 14, 1.5, 15.5], "texture": "#2"},
				"east": {"uv": [0, 14, 1.5, 15.5], "texture": "#2"},
				"south": {"uv": [0, 14, 1.5, 15.5], "texture": "#2"},
				"west": {"uv": [0, 14, 1.5, 15.5], "texture": "#2"},
				"up": {"uv": [3, 15.5, 1.5, 14], "texture": "#2"},
				"down": {"uv": [3, 14, 1.5, 15.5], "texture": "#2"}
			}
		},
		{
			"from": [7.999, 12.15935, 13.18431],
			"to": [7.999, 14.15935, 14.18431],
			"rotation": {"angle": 22.5, "axis": "x", "origin": [7.499, 15.65935, 14.28431]},
			"faces": {
				"north": {"uv": [0, 0, 0, 1], "texture": "#2"},
				"east": {"uv": [7.5, 5, 8, 6], "texture": "#2"},
				"south": {"uv": [0, 0, 0, 1], "texture": "#2"},
				"west": {"uv": [11.5, 9.5, 12, 10.5], "texture": "#2"},
				"up": {"uv": [0, 0.5, 0, 0], "texture": "#2"},
				"down": {"uv": [0, 0, 0, 0.5], "texture": "#2"}
			}
		},
		{
			"from": [7.999, 11.15935, 12.18431],
			"to": [7.999, 12.15935, 13.18431],
			"rotation": {"angle": 22.5, "axis": "x", "origin": [7.499, 15.65935, 14.28431]},
			"faces": {
				"north": {"uv": [0, 0, 0, 0.5], "texture": "#2"},
				"east": {"uv": [12.5, 5.5, 13, 6], "texture": "#2"},
				"south": {"uv": [0, 0, 0, 0.5], "texture": "#2"},
				"west": {"uv": [12.5, 9.5, 13, 10], "texture": "#2"},
				"up": {"uv": [0, 0.5, 0, 0], "texture": "#2"},
				"down": {"uv": [0, 0, 0, 0.5], "texture": "#2"}
			}
		},
		{
			"from": [7.999, 12.15935, 11.18431],
			"to": [7.999, 13.15935, 12.18431],
			"rotation": {"angle": 22.5, "axis": "x", "origin": [7.499, 15.65935, 14.28431]},
			"faces": {
				"north": {"uv": [0, 0, 0, 0.5], "texture": "#2"},
				"east": {"uv": [12.5, 10, 13, 10.5], "texture": "#2"},
				"south": {"uv": [0, 0, 0, 0.5], "texture": "#2"},
				"west": {"uv": [12.5, 10.5, 13, 11], "texture": "#2"},
				"up": {"uv": [0, 0.5, 0, 0], "texture": "#2"},
				"down": {"uv": [0, 0, 0, 0.5], "texture": "#2"}
			}
		}
	],
	"display": {
		"thirdperson_righthand": {
			"rotation": [25.25, 0, 0],
			"translation": [0, 6.75, -6.75],
			"scale": [0.55, 0.55, 0.55]
		},
		"thirdperson_lefthand": {
			"rotation": [25.25, 0, 0],
			"translation": [0, 6.75, -6.75],
			"scale": [0.55, 0.55, 0.55]
		},
		"firstperson_righthand": {
			"rotation": [-27, -12.75, -5],
			"translation": [0.75, 0.75, -2.75],
			"scale": [0.38, 0.38, 0.38]
		},
		"firstperson_lefthand": {
			"rotation": [-27, -12.75, -5],
			"translation": [0.75, 0.75, -2.75],
			"scale": [0.38, 0.38, 0.38]
		},
		"ground": {
			"rotation": [-68, 69.25, 28.5],
			"translation": [-7, -0.25, 0],
			"scale": [0.5, 0.5, 0.5]
		},
		"gui": {
			"rotation": [77, -117, 77],
			"translation": [7, -3.75, -2],
			"scale": [0.5, 0.5, 0.5]
		},
		"head": {
			"translation": [0, 7.5, -17.5]
		},
		"fixed": {
			"rotation": [-75, 61.75, 75.25],
			"translation": [-7, -4, -2],
			"scale": [0.5, 0.5, 0.5]
		}
	}
}