{
	"credit": "Made with Blockbench",
	"texture_size": [32, 32],
	"textures": {
		"2": "default/amethyst_axe"
	},
	"elements": [
		{
			"from": [6.46447, 8, 7.03553],
			"to": [9.46447, 17, 10.03553],
			"rotation": {"angle": 0, "axis": "y", "origin": [7.79267, 22.86684, 8.53598]},
			"faces": {
				"north": {"uv": [0, 3.5, 1.5, 8], "texture": "#2"},
				"east": {"uv": [1.5, 3.5, 3, 8], "texture": "#2"},
				"south": {"uv": [3, 3.5, 4.5, 8], "texture": "#2"},
				"west": {"uv": [4.5, 3.5, 6, 8], "texture": "#2"},
				"up": {"uv": [9.5, 7.5, 8, 6], "texture": "#2"},
				"down": {"uv": [9.5, 7.5, 8, 9], "texture": "#2"}
			}
		},
		{
			"from": [6.96447, 17, 7.53553],
			"to": [8.96447, 24, 9.53553],
			"rotation": {"angle": 0, "axis": "y", "origin": [7.79267, 22.86684, 8.53598]},
			"faces": {
				"north": {"uv": [6, 6, 7, 9.5], "texture": "#2"},
				"east": {"uv": [7, 6, 8, 9.5], "texture": "#2"},
				"south": {"uv": [0, 8, 1, 11.5], "texture": "#2"},
				"west": {"uv": [1, 8, 2, 11.5], "texture": "#2"},
				"up": {"uv": [5.5, 12.5, 4.5, 11.5], "texture": "#2"},
				"down": {"uv": [12.5, 4.5, 11.5, 5.5], "texture": "#2"}
			}
		},
		{
			"from": [6.96447, 1, 7.53553],
			"to": [8.96447, 8, 9.53553],
			"rotation": {"angle": 0, "axis": "y", "origin": [7.79267, 22.86684, 8.53598]},
			"faces": {
				"north": {"uv": [2, 8, 3, 11.5], "texture": "#2"},
				"east": {"uv": [3, 8, 4, 11.5], "texture": "#2"},
				"south": {"uv": [4, 8, 5, 11.5], "texture": "#2"},
				"west": {"uv": [5, 8, 6, 11.5], "texture": "#2"},
				"up": {"uv": [12.5, 6.5, 11.5, 5.5], "texture": "#2"},
				"down": {"uv": [13, 2, 12, 3], "texture": "#2"}
			}
		},
		{
			"from": [6.46447, 0, 7.03553],
			"to": [9.46447, 1, 10.03553],
			"rotation": {"angle": 0, "axis": "y", "origin": [7.79267, 22.86684, 8.53598]},
			"faces": {
				"north": {"uv": [12, 4, 13.5, 4.5], "texture": "#2"},
				"east": {"uv": [12, 7.5, 13.5, 8], "texture": "#2"},
				"south": {"uv": [12, 8, 13.5, 8.5], "texture": "#2"},
				"west": {"uv": [10.5, 12, 12, 12.5], "texture": "#2"},
				"up": {"uv": [11, 3, 9.5, 1.5], "texture": "#2"},
				"down": {"uv": [11, 3, 9.5, 4.5], "texture": "#2"}
			}
		},
		{
			"from": [23.37634, 4.52613, 7.53553],
			"to": [26.37634, 7.52613, 9.53553],
			"rotation": {"angle": -45, "axis": "z", "origin": [7.79267, 22.86684, 8.53598]},
			"faces": {
				"north": {"uv": [8, 9, 9.5, 10.5], "texture": "#2"},
				"east": {"uv": [11, 7, 12, 8.5], "texture": "#2"},
				"south": {"uv": [9.5, 0, 11, 1.5], "texture": "#2"},
				"west": {"uv": [8, 11, 9, 12.5], "texture": "#2"},
				"up": {"uv": [10.5, 12, 9, 11], "texture": "#2"},
				"down": {"uv": [12, 11, 10.5, 12], "texture": "#2"}
			}
		},
		{
			"from": [4.46447, 24, 7.03553],
			"to": [11.46447, 27, 10.03553],
			"rotation": {"angle": 0, "axis": "y", "origin": [7.79267, 22.86684, 8.53598]},
			"faces": {
				"north": {"uv": [6, 0, 9.5, 1.5], "texture": "#2"},
				"east": {"uv": [9.5, 4.5, 11, 6], "texture": "#2"},
				"south": {"uv": [6, 1.5, 9.5, 3], "texture": "#2"},
				"west": {"uv": [6, 9.5, 7.5, 11], "texture": "#2"},
				"up": {"uv": [9.5, 4.5, 6, 3], "texture": "#2"},
				"down": {"uv": [9.5, 4.5, 6, 6], "texture": "#2"}
			}
		},
		{
			"from": [8.42693, 28.61151, 8.03553],
			"to": [9.42693, 30.61151, 9.03553],
			"rotation": {"angle": -45, "axis": "z", "origin": [7.95031, 29.08857, 8.53684]},
			"faces": {
				"north": {"uv": [13, 9, 13.5, 10], "texture": "#2"},
				"east": {"uv": [10.5, 13, 11, 14], "texture": "#2"},
				"south": {"uv": [11, 13, 11.5, 14], "texture": "#2"},
				"west": {"uv": [13, 11, 13.5, 12], "texture": "#2"},
				"up": {"uv": [13, 14.5, 12.5, 14], "texture": "#2"},
				"down": {"uv": [14.5, 12.5, 14, 13], "texture": "#2"}
			}
		},
		{
			"from": [7.465, 28.12132, 8.04],
			"to": [8.465, 31.12132, 9.04],
			"rotation": {"angle": 0, "axis": "y", "origin": [7.95031, 29.08857, 8.53684]},
			"faces": {
				"north": {"uv": [12, 11, 12.5, 12.5], "texture": "#2"},
				"east": {"uv": [0, 12.5, 0.5, 14], "texture": "#2"},
				"south": {"uv": [0.5, 12.5, 1, 14], "texture": "#2"},
				"west": {"uv": [1, 12.5, 1.5, 14], "texture": "#2"},
				"up": {"uv": [11, 14.5, 10.5, 14], "texture": "#2"},
				"down": {"uv": [14.5, 10.5, 14, 11], "texture": "#2"}
			}
		},
		{
			"from": [6.47325, 28.61195, 8.03553],
			"to": [7.47325, 30.61195, 9.03553],
			"rotation": {"angle": 45, "axis": "z", "origin": [7.95031, 29.08857, 8.53684]},
			"faces": {
				"north": {"uv": [12, 12.5, 12.5, 13.5], "texture": "#2"},
				"east": {"uv": [12.5, 12, 13, 13], "texture": "#2"},
				"south": {"uv": [13, 0, 13.5, 1], "texture": "#2"},
				"west": {"uv": [13, 1, 13.5, 2], "texture": "#2"},
				"up": {"uv": [6, 14.5, 5.5, 14], "texture": "#2"},
				"down": {"uv": [14.5, 5.5, 14, 6], "texture": "#2"}
			}
		},
		{
			"from": [7.465, 28.11081, 9.51276],
			"to": [8.465, 30.11081, 10.51276],
			"rotation": {"angle": 45, "axis": "x", "origin": [7.95031, 29.08857, 8.53684]},
			"faces": {
				"north": {"uv": [13, 2, 13.5, 3], "texture": "#2"},
				"east": {"uv": [13, 3, 13.5, 4], "texture": "#2"},
				"south": {"uv": [13, 4.5, 13.5, 5.5], "texture": "#2"},
				"west": {"uv": [13, 6.5, 13.5, 7.5], "texture": "#2"},
				"up": {"uv": [14.5, 6.5, 14, 6], "texture": "#2"},
				"down": {"uv": [8.5, 14, 8, 14.5], "texture": "#2"}
			}
		},
		{
			"from": [7.465, 28.11265, 6.55908],
			"to": [8.465, 30.11265, 7.55908],
			"rotation": {"angle": -45, "axis": "x", "origin": [7.95031, 29.08857, 8.53684]},
			"faces": {
				"north": {"uv": [7.5, 9.5, 8, 10.5], "texture": "#2"},
				"east": {"uv": [8, 12.5, 8.5, 13.5], "texture": "#2"},
				"south": {"uv": [8.5, 12.5, 9, 13.5], "texture": "#2"},
				"west": {"uv": [12.5, 11, 13, 12], "texture": "#2"},
				"up": {"uv": [14, 13, 13.5, 12.5], "texture": "#2"},
				"down": {"uv": [14, 13, 13.5, 13.5], "texture": "#2"}
			}
		},
		{
			"from": [7.466, 28.41921, 6.41921],
			"to": [8.454, 29.11721, 7.11721],
			"rotation": {"angle": 0, "axis": "y", "origin": [7.95031, 29.08857, 8.53684]},
			"faces": {
				"north": {"uv": [13.5, 13.5, 14, 14], "texture": "#2"},
				"east": {"uv": [0, 14, 0.5, 14.5], "texture": "#2"},
				"south": {"uv": [0.5, 14, 1, 14.5], "texture": "#2"},
				"west": {"uv": [1, 14, 1.5, 14.5], "texture": "#2"},
				"up": {"uv": [2, 14.5, 1.5, 14], "texture": "#2"},
				"down": {"uv": [2.5, 14, 2, 14.5], "texture": "#2"}
			}
		},
		{
			"from": [7.466, 30.17962, 6.75315],
			"to": [8.464, 30.87762, 7.45115],
			"rotation": {"angle": 45, "axis": "x", "origin": [7.95031, 29.08857, 8.53684]},
			"faces": {
				"north": {"uv": [8.5, 14, 9, 14.5], "texture": "#2"},
				"east": {"uv": [14, 8.5, 14.5, 9], "texture": "#2"},
				"south": {"uv": [9, 14, 9.5, 14.5], "texture": "#2"},
				"west": {"uv": [9.5, 14, 10, 14.5], "texture": "#2"},
				"up": {"uv": [10.5, 14.5, 10, 14], "texture": "#2"},
				"down": {"uv": [14.5, 10, 14, 10.5], "texture": "#2"}
			}
		},
		{
			"from": [7.466, 28.41921, 9.95385],
			"to": [8.462, 29.11721, 10.65185],
			"rotation": {"angle": 0, "axis": "y", "origin": [7.95031, 29.08857, 8.53684]},
			"faces": {
				"north": {"uv": [11.5, 6.5, 12, 7], "texture": "#2"},
				"east": {"uv": [5.5, 13.5, 6, 14], "texture": "#2"},
				"south": {"uv": [13.5, 11, 14, 11.5], "texture": "#2"},
				"west": {"uv": [13.5, 11.5, 14, 12], "texture": "#2"},
				"up": {"uv": [12.5, 14, 12, 13.5], "texture": "#2"},
				"down": {"uv": [14, 12, 13.5, 12.5], "texture": "#2"}
			}
		},
		{
			"from": [5.83179, 29.12443, 8.04],
			"to": [6.53179, 29.82443, 9.035],
			"rotation": {"angle": 0, "axis": "y", "origin": [7.95031, 29.08857, 8.53684]},
			"faces": {
				"north": {"uv": [2.5, 14, 3, 14.5], "texture": "#2"},
				"east": {"uv": [3, 14, 3.5, 14.5], "texture": "#2"},
				"south": {"uv": [3.5, 14, 4, 14.5], "texture": "#2"},
				"west": {"uv": [4, 14, 4.5, 14.5], "texture": "#2"},
				"up": {"uv": [5, 14.5, 4.5, 14], "texture": "#2"},
				"down": {"uv": [5.5, 14, 5, 14.5], "texture": "#2"}
			}
		},
		{
			"from": [9.36732, 29.12532, 8.03953],
			"to": [10.06732, 29.82532, 9.03453],
			"rotation": {"angle": 0, "axis": "y", "origin": [7.95031, 29.08857, 8.53684]},
			"faces": {
				"north": {"uv": [11, 14, 11.5, 14.5], "texture": "#2"},
				"east": {"uv": [14, 11, 14.5, 11.5], "texture": "#2"},
				"south": {"uv": [11.5, 14, 12, 14.5], "texture": "#2"},
				"west": {"uv": [14, 11.5, 14.5, 12], "texture": "#2"},
				"up": {"uv": [12.5, 14.5, 12, 14], "texture": "#2"},
				"down": {"uv": [14.5, 12, 14, 12.5], "texture": "#2"}
			}
		},
		{
			"from": [8.50179, 26.28977, 8.03553],
			"to": [10.50179, 27.28977, 9.03553],
			"rotation": {"angle": -45, "axis": "z", "origin": [7.79267, 22.86684, 8.53598]},
			"faces": {
				"north": {"uv": [8, 13.5, 9, 14], "texture": "#2"},
				"east": {"uv": [14.5, 12.5, 15, 13], "texture": "#2"},
				"south": {"uv": [13.5, 8, 14.5, 8.5], "texture": "#2"},
				"west": {"uv": [13, 14.5, 13.5, 15], "texture": "#2"},
				"up": {"uv": [14.5, 9.5, 13.5, 9], "texture": "#2"},
				"down": {"uv": [14.5, 9.5, 13.5, 10], "texture": "#2"}
			}
		},
		{
			"from": [12.12868, 23.37157, 8.03653],
			"to": [12.83668, 24.07957, 9.03453],
			"rotation": {"angle": 0, "axis": "y", "origin": [7.79267, 22.86684, 8.53598]},
			"faces": {
				"north": {"uv": [14.5, 11, 15, 11.5], "texture": "#2"},
				"east": {"uv": [11.5, 14.5, 12, 15], "texture": "#2"},
				"south": {"uv": [14.5, 11.5, 15, 12], "texture": "#2"},
				"west": {"uv": [12, 14.5, 12.5, 15], "texture": "#2"},
				"up": {"uv": [15, 12.5, 14.5, 12], "texture": "#2"},
				"down": {"uv": [13, 14.5, 12.5, 15], "texture": "#2"}
			}
		},
		{
			"from": [10.85901, 24.99289, 10.60169],
			"to": [12.85901, 25.99289, 11.60169],
			"rotation": {"angle": 45, "axis": "y", "origin": [7.79267, 22.86684, 8.53598]},
			"faces": {
				"north": {"uv": [13.5, 5, 14.5, 5.5], "texture": "#2"},
				"east": {"uv": [14.5, 10.5, 15, 11], "texture": "#2"},
				"south": {"uv": [13.5, 6.5, 14.5, 7], "texture": "#2"},
				"west": {"uv": [11, 14.5, 11.5, 15], "texture": "#2"},
				"up": {"uv": [14.5, 7.5, 13.5, 7], "texture": "#2"},
				"down": {"uv": [14.5, 7.5, 13.5, 8], "texture": "#2"}
			}
		},
		{
			"from": [12.83889, 24.99736, 6.41732],
			"to": [13.53889, 25.99236, 7.11732],
			"rotation": {"angle": 0, "axis": "y", "origin": [7.79267, 22.86684, 8.53598]},
			"faces": {
				"north": {"uv": [14.5, 9, 15, 9.5], "texture": "#2"},
				"east": {"uv": [9.5, 14.5, 10, 15], "texture": "#2"},
				"south": {"uv": [14.5, 9.5, 15, 10], "texture": "#2"},
				"west": {"uv": [10, 14.5, 10.5, 15], "texture": "#2"},
				"up": {"uv": [15, 10.5, 14.5, 10], "texture": "#2"},
				"down": {"uv": [11, 14.5, 10.5, 15], "texture": "#2"}
			}
		},
		{
			"from": [11.83579, 24.99736, 8.03553],
			"to": [13.83579, 25.99736, 9.03553],
			"rotation": {"angle": 0, "axis": "y", "origin": [7.79267, 22.86684, 8.53598]},
			"faces": {
				"north": {"uv": [13.5, 3, 14.5, 3.5], "texture": "#2"},
				"east": {"uv": [14.5, 8.5, 15, 9], "texture": "#2"},
				"south": {"uv": [13.5, 3.5, 14.5, 4], "texture": "#2"},
				"west": {"uv": [9, 14.5, 9.5, 15], "texture": "#2"},
				"up": {"uv": [14.5, 4.5, 13.5, 4], "texture": "#2"},
				"down": {"uv": [14.5, 4.5, 13.5, 5], "texture": "#2"}
			}
		},
		{
			"from": [13.5773, 20.10521, 8.036],
			"to": [14.2753, 20.80321, 9.034],
			"rotation": {"angle": 45, "axis": "z", "origin": [7.79267, 22.86684, 8.53598]},
			"faces": {
				"north": {"uv": [14.5, 7, 15, 7.5], "texture": "#2"},
				"east": {"uv": [7.5, 14.5, 8, 15], "texture": "#2"},
				"south": {"uv": [14.5, 7.5, 15, 8], "texture": "#2"},
				"west": {"uv": [8, 14.5, 8.5, 15], "texture": "#2"},
				"up": {"uv": [15, 8.5, 14.5, 8], "texture": "#2"},
				"down": {"uv": [9, 14.5, 8.5, 15], "texture": "#2"}
			}
		},
		{
			"from": [12.83979, 24.99689, 9.95285],
			"to": [13.53979, 25.99189, 10.65285],
			"rotation": {"angle": 0, "axis": "y", "origin": [7.79267, 22.86684, 8.53598]},
			"faces": {
				"north": {"uv": [14.5, 5.5, 15, 6], "texture": "#2"},
				"east": {"uv": [6, 14.5, 6.5, 15], "texture": "#2"},
				"south": {"uv": [14.5, 6, 15, 6.5], "texture": "#2"},
				"west": {"uv": [6.5, 14.5, 7, 15], "texture": "#2"},
				"up": {"uv": [15, 7, 14.5, 6.5], "texture": "#2"},
				"down": {"uv": [7.5, 14.5, 7, 15], "texture": "#2"}
			}
		},
		{
			"from": [10.85837, 24.99289, 5.46964],
			"to": [12.85837, 25.99289, 6.46964],
			"rotation": {"angle": -45, "axis": "y", "origin": [7.79267, 22.86684, 8.53598]},
			"faces": {
				"north": {"uv": [13.5, 1, 14.5, 1.5], "texture": "#2"},
				"east": {"uv": [14.5, 5, 15, 5.5], "texture": "#2"},
				"south": {"uv": [13.5, 1.5, 14.5, 2], "texture": "#2"},
				"west": {"uv": [5.5, 14.5, 6, 15], "texture": "#2"},
				"up": {"uv": [14.5, 2.5, 13.5, 2], "texture": "#2"},
				"down": {"uv": [14.5, 2.5, 13.5, 3], "texture": "#2"}
			}
		},
		{
			"from": [12.13268, 26.91021, 8.03653],
			"to": [12.83268, 27.61021, 9.03453],
			"rotation": {"angle": 0, "axis": "y", "origin": [7.79267, 22.86684, 8.53598]},
			"faces": {
				"north": {"uv": [14.5, 3.5, 15, 4], "texture": "#2"},
				"east": {"uv": [4, 14.5, 4.5, 15], "texture": "#2"},
				"south": {"uv": [14.5, 4, 15, 4.5], "texture": "#2"},
				"west": {"uv": [4.5, 14.5, 5, 15], "texture": "#2"},
				"up": {"uv": [15, 5, 14.5, 4.5], "texture": "#2"},
				"down": {"uv": [5.5, 14.5, 5, 15], "texture": "#2"}
			}
		},
		{
			"from": [12.21559, 22.15772, 8.03553],
			"to": [14.21559, 23.15772, 9.03553],
			"rotation": {"angle": 45, "axis": "z", "origin": [7.79267, 22.86684, 8.53598]},
			"faces": {
				"north": {"uv": [13, 5.5, 14, 6], "texture": "#2"},
				"east": {"uv": [14.5, 3, 15, 3.5], "texture": "#2"},
				"south": {"uv": [13, 10, 14, 10.5], "texture": "#2"},
				"west": {"uv": [3.5, 14.5, 4, 15], "texture": "#2"},
				"up": {"uv": [14.5, 0.5, 13.5, 0], "texture": "#2"},
				"down": {"uv": [14.5, 0.5, 13.5, 1], "texture": "#2"}
			}
		},
		{
			"from": [4.464, 25.28874, 10.95725],
			"to": [11.466, 26.29074, 11.95925],
			"rotation": {"angle": -45, "axis": "x", "origin": [7.79267, 22.86684, 8.53598]},
			"faces": {
				"north": {"uv": [9.5, 9, 13, 9.5], "texture": "#2"},
				"east": {"uv": [13, 14, 13.5, 14.5], "texture": "#2"},
				"south": {"uv": [9.5, 9.5, 13, 10], "texture": "#2"},
				"west": {"uv": [14, 13, 14.5, 13.5], "texture": "#2"},
				"up": {"uv": [13, 10.5, 9.5, 10], "texture": "#2"},
				"down": {"uv": [11, 10.5, 7.5, 11], "texture": "#2"}
			}
		},
		{
			"from": [6.46447, 24.72003, 10.45074],
			"to": [9.46247, 26.84303, 12.57374],
			"rotation": {"angle": -45, "axis": "x", "origin": [3.75613, 22.79613, 8.55247]},
			"faces": {
				"north": {"uv": [0, 11.5, 1.5, 12.5], "texture": "#2"},
				"east": {"uv": [12, 3, 13, 4], "texture": "#2"},
				"south": {"uv": [11.5, 0, 13, 1], "texture": "#2"},
				"west": {"uv": [12, 6.5, 13, 7.5], "texture": "#2"},
				"up": {"uv": [13, 2, 11.5, 1], "texture": "#2"},
				"down": {"uv": [3, 11.5, 1.5, 12.5], "texture": "#2"}
			}
		},
		{
			"from": [-1.53753, 19.998, 8.03353],
			"to": [4.46647, 27.002, 9.03753],
			"rotation": {"angle": 0, "axis": "y", "origin": [7.79267, 22.86684, 8.53598]},
			"faces": {
				"north": {"uv": [0, 0, 3, 3.5], "texture": "#2"},
				"east": {"uv": [11, 0, 11.5, 3.5], "texture": "#2"},
				"south": {"uv": [3, 0, 6, 3.5], "texture": "#2"},
				"west": {"uv": [11, 3.5, 11.5, 7], "texture": "#2"},
				"up": {"uv": [14, 9, 11, 8.5], "texture": "#2"},
				"down": {"uv": [14, 10.5, 11, 11], "texture": "#2"}
			}
		},
		{
			"from": [4.46447, 21, 8.03553],
			"to": [7.46447, 24, 9.03553],
			"rotation": {"angle": 0, "axis": "y", "origin": [7.79267, 22.86684, 8.53598]},
			"faces": {
				"north": {"uv": [9.5, 6, 11, 7.5], "texture": "#2"},
				"east": {"uv": [12.5, 4.5, 13, 6], "texture": "#2"},
				"south": {"uv": [9.5, 7.5, 11, 9], "texture": "#2"},
				"west": {"uv": [5, 12.5, 5.5, 14], "texture": "#2"},
				"up": {"uv": [14, 6.5, 12.5, 6], "texture": "#2"},
				"down": {"uv": [12, 12.5, 10.5, 13], "texture": "#2"}
			}
		},
		{
			"from": [-2.53553, 19, 8.03553],
			"to": [-1.53553, 26, 9.03553],
			"rotation": {"angle": 0, "axis": "y", "origin": [7.79267, 22.86684, 8.53598]},
			"faces": {
				"north": {"uv": [6, 11, 6.5, 14.5], "texture": "#2"},
				"east": {"uv": [6.5, 11, 7, 14.5], "texture": "#2"},
				"south": {"uv": [7, 11, 7.5, 14.5], "texture": "#2"},
				"west": {"uv": [7.5, 11, 8, 14.5], "texture": "#2"},
				"up": {"uv": [14, 14.5, 13.5, 14], "texture": "#2"},
				"down": {"uv": [14.5, 13.5, 14, 14], "texture": "#2"}
			}
		},
		{
			"from": [-1.53553, 18, 8.03553],
			"to": [-0.53553, 20, 9.03553],
			"rotation": {"angle": 0, "axis": "y", "origin": [7.79267, 22.86684, 8.53598]},
			"faces": {
				"north": {"uv": [11.5, 13, 12, 14], "texture": "#2"},
				"east": {"uv": [13, 12, 13.5, 13], "texture": "#2"},
				"south": {"uv": [12.5, 13, 13, 14], "texture": "#2"},
				"west": {"uv": [13, 13, 13.5, 14], "texture": "#2"},
				"up": {"uv": [14.5, 14.5, 14, 14], "texture": "#2"},
				"down": {"uv": [0.5, 14.5, 0, 15], "texture": "#2"}
			}
		},
		{
			"from": [-0.53553, 16, 8.03553],
			"to": [0.46447, 20, 9.03553],
			"rotation": {"angle": 0, "axis": "y", "origin": [7.79267, 22.86684, 8.53598]},
			"faces": {
				"north": {"uv": [5.5, 11.5, 6, 13.5], "texture": "#2"},
				"east": {"uv": [9, 12, 9.5, 14], "texture": "#2"},
				"south": {"uv": [9.5, 12, 10, 14], "texture": "#2"},
				"west": {"uv": [10, 12, 10.5, 14], "texture": "#2"},
				"up": {"uv": [15, 0.5, 14.5, 0], "texture": "#2"},
				"down": {"uv": [1, 14.5, 0.5, 15], "texture": "#2"}
			}
		},
		{
			"from": [1.46447, 17, 8.03553],
			"to": [2.46447, 20, 9.03553],
			"rotation": {"angle": 0, "axis": "y", "origin": [7.79267, 22.86684, 8.53598]},
			"faces": {
				"north": {"uv": [1.5, 12.5, 2, 14], "texture": "#2"},
				"east": {"uv": [2, 12.5, 2.5, 14], "texture": "#2"},
				"south": {"uv": [2.5, 12.5, 3, 14], "texture": "#2"},
				"west": {"uv": [4.5, 12.5, 5, 14], "texture": "#2"},
				"up": {"uv": [15, 1.5, 14.5, 1], "texture": "#2"},
				"down": {"uv": [2, 14.5, 1.5, 15], "texture": "#2"}
			}
		},
		{
			"from": [2.46147, 18.997, 8.03253],
			"to": [3.46747, 20.003, 9.03853],
			"rotation": {"angle": 0, "axis": "y", "origin": [7.79267, 22.86684, 8.53598]},
			"faces": {
				"north": {"uv": [14.5, 1.5, 15, 2], "texture": "#2"},
				"east": {"uv": [2, 14.5, 2.5, 15], "texture": "#2"},
				"south": {"uv": [14.5, 2, 15, 2.5], "texture": "#2"},
				"west": {"uv": [2.5, 14.5, 3, 15], "texture": "#2"},
				"up": {"uv": [15, 3, 14.5, 2.5], "texture": "#2"},
				"down": {"uv": [3.5, 14.5, 3, 15], "texture": "#2"}
			}
		},
		{
			"from": [0.46447, 15, 8.03553],
			"to": [1.46447, 20, 9.03553],
			"rotation": {"angle": 0, "axis": "y", "origin": [7.79267, 22.86684, 8.53598]},
			"faces": {
				"north": {"uv": [11.5, 2, 12, 4.5], "texture": "#2"},
				"east": {"uv": [3, 11.5, 3.5, 14], "texture": "#2"},
				"south": {"uv": [3.5, 11.5, 4, 14], "texture": "#2"},
				"west": {"uv": [4, 11.5, 4.5, 14], "texture": "#2"},
				"up": {"uv": [15, 1, 14.5, 0.5], "texture": "#2"},
				"down": {"uv": [1.5, 14.5, 1, 15], "texture": "#2"}
			}
		}
	],
	"display": {
		"thirdperson_righthand": {
			"rotation": [0, -90, 0],
			"translation": [0, 3.25, 1.75],
			"scale": [0.7, 0.7, 0.7]
		},
		"thirdperson_lefthand": {
			"rotation": [0, 90, 0],
			"translation": [-0.5, 3.5, 1.75],
			"scale": [0.75, 0.75, 0.75]
		},
		"firstperson_righthand": {
			"rotation": [-9.25, -95.25, 0],
			"translation": [3, -1, 0.25],
			"scale": [0.5, 0.5, 0.5]
		},
		"firstperson_lefthand": {
			"rotation": [-9.25, 82, 0],
			"translation": [2.5, -1, 0.25],
			"scale": [0.5, 0.5, 0.5]
		},
		"ground": {
			"rotation": [0, 0, 45],
			"translation": [0, 2.5, 0],
			"scale": [0.5, 0.5, 0.5]
		},
		"gui": {
			"rotation": [0, -180, 45],
			"translation": [-3, -2.5, 0],
			"scale": [0.52, 0.52, 0.52]
		},
		"fixed": {
			"rotation": [0, 0, 45],
			"translation": [3.75, -2.25, -1.5],
			"scale": [0.6, 0.6, 0.6]
		}
	}
}