{
	"credit": "Made with Blockbench",
	"texture_size": [48, 48],
	"textures": {
		"3": "default/amethyst_shovel"
	},
	"elements": [
		{
			"from": [6.46447, -6, 7.03553],
			"to": [9.46447, 3, 10.03553],
			"rotation": {"angle": 0, "axis": "y", "origin": [-0.53553, -14, 16.53553]},
			"faces": {
				"north": {"uv": [3.33333, 4.66667, 4.33333, 7.66667], "texture": "#3"},
				"east": {"uv": [4.33333, 4.66667, 5.33333, 7.66667], "texture": "#3"},
				"south": {"uv": [5.33333, 4.66667, 6.33333, 7.66667], "texture": "#3"},
				"west": {"uv": [5.66667, 0, 6.66667, 3], "texture": "#3"},
				"up": {"uv": [8.66667, 8, 7.66667, 7], "texture": "#3"},
				"down": {"uv": [9, 0, 8, 1], "texture": "#3"}
			}
		},
		{
			"from": [6.96447, 3, 7.53553],
			"to": [8.96447, 10, 9.53553],
			"rotation": {"angle": 0, "axis": "y", "origin": [-0.53553, -14, 16.53553]},
			"faces": {
				"north": {"uv": [2.66667, 9, 3.33333, 6.66667], "texture": "#3"},
				"east": {"uv": [3.33333, 9, 2.66667, 6.66667], "texture": "#3"},
				"south": {"uv": [2.66667, 9, 3.33333, 6.66667], "texture": "#3"},
				"west": {"uv": [3.33333, 9, 2.66667, 6.66667], "texture": "#3"},
				"up": {"uv": [6.33333, 4.66667, 5.66667, 4], "texture": "#3"},
				"down": {"uv": [9.66667, 7, 9, 7.66667], "texture": "#3"}
			}
		},
		{
			"from": [6.96447, -13, 7.53553],
			"to": [8.96447, -6, 9.53553],
			"rotation": {"angle": 0, "axis": "y", "origin": [-0.53553, -14, 16.53553]},
			"faces": {
				"north": {"uv": [2.66667, 6.66667, 3.33333, 9], "texture": "#3"},
				"east": {"uv": [3.33333, 6.66667, 2.66667, 9], "texture": "#3"},
				"south": {"uv": [2.66667, 6.66667, 3.33333, 9], "texture": "#3"},
				"west": {"uv": [3.33333, 6.66667, 2.66667, 9], "texture": "#3"},
				"up": {"uv": [8.33333, 9.66667, 7.66667, 9], "texture": "#3"},
				"down": {"uv": [9.66667, 7.66667, 9, 8.33333], "texture": "#3"}
			}
		},
		{
			"from": [6.46447, -14, 7.03553],
			"to": [9.46447, -13, 10.03553],
			"rotation": {"angle": 0, "axis": "y", "origin": [-0.53553, -14, 16.53553]},
			"faces": {
				"north": {"uv": [9, 3.66667, 10, 4], "texture": "#3"},
				"east": {"uv": [0, 9.33333, 1, 9.66667], "texture": "#3"},
				"south": {"uv": [1, 9.33333, 2, 9.66667], "texture": "#3"},
				"west": {"uv": [6.33333, 9.33333, 7.33333, 9.66667], "texture": "#3"},
				"up": {"uv": [8.66667, 9, 7.66667, 8], "texture": "#3"},
				"down": {"uv": [9.66667, 4, 8.66667, 5], "texture": "#3"}
			}
		},
		{
			"from": [6.12452, -15.94203, 7.53553],
			"to": [9.12452, -12.94203, 9.53553],
			"rotation": {"angle": -45, "axis": "z", "origin": [6.97452, -15.19203, 8.53553]},
			"faces": {
				"north": {"uv": [8, 1, 9, 2], "texture": "#3"},
				"east": {"uv": [9, 0, 9.66667, 1], "texture": "#3"},
				"south": {"uv": [8, 3, 9, 4], "texture": "#3"},
				"west": {"uv": [9, 1, 9.66667, 2], "texture": "#3"},
				"up": {"uv": [3.33333, 9.66667, 2.33333, 9], "texture": "#3"},
				"down": {"uv": [10, 3, 9, 3.66667], "texture": "#3"}
			}
		},
		{
			"from": [4.46447, 10, 7.03553],
			"to": [11.46447, 13, 10.03553],
			"rotation": {"angle": 0, "axis": "y", "origin": [-0.53553, -14, 16.53553]},
			"faces": {
				"north": {"uv": [5.66667, 3, 8, 4], "texture": "#3"},
				"east": {"uv": [8.66667, 5, 9.66667, 6], "texture": "#3"},
				"south": {"uv": [6.33333, 4, 8.66667, 5], "texture": "#3"},
				"west": {"uv": [8.66667, 6, 9.66667, 7], "texture": "#3"},
				"up": {"uv": [8.66667, 6, 6.33333, 5], "texture": "#3"},
				"down": {"uv": [8.66667, 6, 6.33333, 7], "texture": "#3"}
			}
		},
		{
			"from": [11.92157, 10.7, 8.03553],
			"to": [13.92157, 11.7, 9.03553],
			"rotation": {"angle": -45, "axis": "z", "origin": [11.42157, 12.2, 7.53553]},
			"faces": {
				"north": {"uv": [9.66667, 5.33333, 10.33333, 5.66667], "texture": "#3"},
				"east": {"uv": [1.66667, 10.33333, 2, 10.66667], "texture": "#3"},
				"south": {"uv": [9.66667, 5.66667, 10.33333, 6], "texture": "#3"},
				"west": {"uv": [10.33333, 1.66667, 10.66667, 2], "texture": "#3"},
				"up": {"uv": [10.33333, 6.33333, 9.66667, 6], "texture": "#3"},
				"down": {"uv": [7, 9.66667, 6.33333, 10], "texture": "#3"}
			}
		},
		{
			"from": [12.12868, 9.37157, 8.03653],
			"to": [12.83668, 10.07957, 9.03453],
			"rotation": {"angle": 0, "axis": "y", "origin": [12.63268, 9.87557, 8.53953]},
			"faces": {
				"north": {"uv": [0.66667, 10.33333, 1, 10.66667], "texture": "#3"},
				"east": {"uv": [10.33333, 0.66667, 10.66667, 1], "texture": "#3"},
				"south": {"uv": [1, 10.33333, 1.33333, 10.66667], "texture": "#3"},
				"west": {"uv": [10.33333, 1, 10.66667, 1.33333], "texture": "#3"},
				"up": {"uv": [1.66667, 10.66667, 1.33333, 10.33333], "texture": "#3"},
				"down": {"uv": [10.66667, 1.33333, 10.33333, 1.66667], "texture": "#3"}
			}
		},
		{
			"from": [11.44939, 10.99289, 7.19558],
			"to": [13.44939, 11.99289, 8.19558],
			"rotation": {"angle": 45, "axis": "y", "origin": [12.19939, 12.49289, 7.54558]},
			"faces": {
				"north": {"uv": [9.66667, 4, 10.33333, 4.33333], "texture": "#3"},
				"east": {"uv": [0.33333, 10.33333, 0.66667, 10.66667], "texture": "#3"},
				"south": {"uv": [9.66667, 4.33333, 10.33333, 4.66667], "texture": "#3"},
				"west": {"uv": [10.33333, 0.33333, 10.66667, 0.66667], "texture": "#3"},
				"up": {"uv": [10.33333, 5, 9.66667, 4.66667], "texture": "#3"},
				"down": {"uv": [10.33333, 5, 9.66667, 5.33333], "texture": "#3"}
			}
		},
		{
			"from": [12.83889, 10.99736, 6.41732],
			"to": [13.53889, 11.99236, 7.11732],
			"rotation": {"angle": 0, "axis": "y", "origin": [13.33889, 11.48889, 9.61732]},
			"faces": {
				"north": {"uv": [9, 10, 9.33333, 10.33333], "texture": "#3"},
				"east": {"uv": [9.33333, 10, 9.66667, 10.33333], "texture": "#3"},
				"south": {"uv": [9.66667, 10, 10, 10.33333], "texture": "#3"},
				"west": {"uv": [10, 10, 10.33333, 10.33333], "texture": "#3"},
				"up": {"uv": [0.33333, 10.66667, 0, 10.33333], "texture": "#3"},
				"down": {"uv": [10.66667, 0, 10.33333, 0.33333], "texture": "#3"}
			}
		},
		{
			"from": [11.83579, 10.99736, 8.03553],
			"to": [13.83579, 11.99736, 9.03553],
			"rotation": {"angle": 0, "axis": "y", "origin": [10.58579, 11.57868, 9.68553]},
			"faces": {
				"north": {"uv": [9.66667, 1.33333, 10.33333, 1.66667], "texture": "#3"},
				"east": {"uv": [8.33333, 10, 8.66667, 10.33333], "texture": "#3"},
				"south": {"uv": [9.66667, 1.66667, 10.33333, 2], "texture": "#3"},
				"west": {"uv": [8.66667, 10, 9, 10.33333], "texture": "#3"},
				"up": {"uv": [2.66667, 10, 2, 9.66667], "texture": "#3"},
				"down": {"uv": [3.33333, 9.66667, 2.66667, 10], "texture": "#3"}
			}
		},
		{
			"from": [1.66621, 11.08786, 8.0385],
			"to": [2.36221, 11.78386, 9.0345],
			"rotation": {"angle": -45, "axis": "z", "origin": [2.16421, 11.28586, 8.53953]},
			"faces": {
				"north": {"uv": [6.66667, 10, 6.33333, 10.33333], "texture": "#3"},
				"east": {"uv": [7.66667, 10, 7.33333, 10.33333], "texture": "#3"},
				"south": {"uv": [7.33333, 10, 7, 10.33333], "texture": "#3"},
				"west": {"uv": [7, 10, 6.66667, 10.33333], "texture": "#3"},
				"up": {"uv": [7.66667, 10.33333, 8, 10], "texture": "#3"},
				"down": {"uv": [8, 10, 8.33333, 10.33333], "texture": "#3"}
			}
		},
		{
			"from": [13.63779, 11.08786, 8.0385],
			"to": [14.33379, 11.78386, 9.0345],
			"rotation": {"angle": 45, "axis": "z", "origin": [13.83579, 11.28586, 8.53953]},
			"faces": {
				"north": {"uv": [6.33333, 10, 6.66667, 10.33333], "texture": "#3"},
				"east": {"uv": [6.66667, 10, 7, 10.33333], "texture": "#3"},
				"south": {"uv": [7, 10, 7.33333, 10.33333], "texture": "#3"},
				"west": {"uv": [7.33333, 10, 7.66667, 10.33333], "texture": "#3"},
				"up": {"uv": [8, 10.33333, 7.66667, 10], "texture": "#3"},
				"down": {"uv": [8.33333, 10, 8, 10.33333], "texture": "#3"}
			}
		},
		{
			"from": [12.83979, 10.99689, 9.95285],
			"to": [13.53979, 11.99189, 10.65285],
			"rotation": {"angle": 0, "axis": "y", "origin": [13.33979, 11.49689, 9.15285]},
			"faces": {
				"north": {"uv": [10, 3.66667, 10.33333, 4], "texture": "#3"},
				"east": {"uv": [4, 10, 4.33333, 10.33333], "texture": "#3"},
				"south": {"uv": [4.33333, 10, 4.66667, 10.33333], "texture": "#3"},
				"west": {"uv": [4.66667, 10, 5, 10.33333], "texture": "#3"},
				"up": {"uv": [5.33333, 10.33333, 5, 10], "texture": "#3"},
				"down": {"uv": [6.33333, 10, 6, 10.33333], "texture": "#3"}
			}
		},
		{
			"from": [11.44939, 10.99289, 8.87548],
			"to": [13.44939, 11.99289, 9.87548],
			"rotation": {"angle": -45, "axis": "y", "origin": [12.19939, 12.49289, 9.52548]},
			"faces": {
				"north": {"uv": [0.66667, 9.66667, 1.33333, 10], "texture": "#3"},
				"east": {"uv": [10, 3.33333, 10.33333, 3.66667], "texture": "#3"},
				"south": {"uv": [9.66667, 0.66667, 10.33333, 1], "texture": "#3"},
				"west": {"uv": [3.66667, 10, 4, 10.33333], "texture": "#3"},
				"up": {"uv": [10.33333, 1.33333, 9.66667, 1], "texture": "#3"},
				"down": {"uv": [2, 9.66667, 1.33333, 10], "texture": "#3"}
			}
		},
		{
			"from": [12.13268, 12.91021, 8.03653],
			"to": [12.83268, 13.61021, 9.03453],
			"rotation": {"angle": 0, "axis": "y", "origin": [12.63268, 10.41021, 8.53153]},
			"faces": {
				"north": {"uv": [7.33333, 9.33333, 7.66667, 9.66667], "texture": "#3"},
				"east": {"uv": [2.66667, 10, 3, 10.33333], "texture": "#3"},
				"south": {"uv": [10, 2.66667, 10.33333, 3], "texture": "#3"},
				"west": {"uv": [3, 10, 3.33333, 10.33333], "texture": "#3"},
				"up": {"uv": [10.33333, 3.33333, 10, 3], "texture": "#3"},
				"down": {"uv": [3.66667, 10, 3.33333, 10.33333], "texture": "#3"}
			}
		},
		{
			"from": [12.68015, 10.85442, 8.03553],
			"to": [14.68015, 11.85442, 9.03553],
			"rotation": {"angle": 45, "axis": "z", "origin": [11.28015, 9.65442, 7.53553]},
			"faces": {
				"north": {"uv": [8.33333, 9.33333, 9, 9.66667], "texture": "#3"},
				"east": {"uv": [8.33333, 9, 8.66667, 9.33333], "texture": "#3"},
				"south": {"uv": [0, 9.66667, 0.66667, 10], "texture": "#3"},
				"west": {"uv": [2, 9.33333, 2.33333, 9.66667], "texture": "#3"},
				"up": {"uv": [10.33333, 0.33333, 9.66667, 0], "texture": "#3"},
				"down": {"uv": [10.33333, 0.33333, 9.66667, 0.66667], "texture": "#3"}
			}
		},
		{
			"from": [3.16732, 12.91021, 8.03653],
			"to": [3.86732, 13.61021, 9.03453],
			"rotation": {"angle": 0, "axis": "y", "origin": [3.36732, 10.41021, 8.53153]},
			"faces": {
				"north": {"uv": [7.66667, 9.33333, 7.33333, 9.66667], "texture": "#3"},
				"east": {"uv": [3.33333, 10, 3, 10.33333], "texture": "#3"},
				"south": {"uv": [10.33333, 2.66667, 10, 3], "texture": "#3"},
				"west": {"uv": [3, 10, 2.66667, 10.33333], "texture": "#3"},
				"up": {"uv": [10, 3.33333, 10.33333, 3], "texture": "#3"},
				"down": {"uv": [3.33333, 10, 3.66667, 10.33333], "texture": "#3"}
			}
		},
		{
			"from": [1.31985, 10.85442, 8.03553],
			"to": [3.31985, 11.85442, 9.03553],
			"rotation": {"angle": -45, "axis": "z", "origin": [4.71985, 9.65442, 7.53553]},
			"faces": {
				"north": {"uv": [9, 9.33333, 8.33333, 9.66667], "texture": "#3"},
				"east": {"uv": [2.33333, 9.33333, 2, 9.66667], "texture": "#3"},
				"south": {"uv": [0.66667, 9.66667, 0, 10], "texture": "#3"},
				"west": {"uv": [8.66667, 9, 8.33333, 9.33333], "texture": "#3"},
				"up": {"uv": [9.66667, 0.33333, 10.33333, 0], "texture": "#3"},
				"down": {"uv": [9.66667, 0.33333, 10.33333, 0.66667], "texture": "#3"}
			}
		},
		{
			"from": [2.16421, 10.99736, 8.03553],
			"to": [4.16421, 11.99736, 9.03553],
			"rotation": {"angle": 0, "axis": "y", "origin": [5.41421, 11.57868, 9.68553]},
			"faces": {
				"north": {"uv": [10.33333, 1.33333, 9.66667, 1.66667], "texture": "#3"},
				"east": {"uv": [9, 10, 8.66667, 10.33333], "texture": "#3"},
				"south": {"uv": [10.33333, 1.66667, 9.66667, 2], "texture": "#3"},
				"west": {"uv": [8.66667, 10, 8.33333, 10.33333], "texture": "#3"},
				"up": {"uv": [2, 10, 2.66667, 9.66667], "texture": "#3"},
				"down": {"uv": [2.66667, 9.66667, 3.33333, 10], "texture": "#3"}
			}
		},
		{
			"from": [2.55061, 10.99289, 7.19558],
			"to": [4.55061, 11.99289, 8.19558],
			"rotation": {"angle": -45, "axis": "y", "origin": [3.80061, 12.49289, 7.54558]},
			"faces": {
				"north": {"uv": [10.33333, 4, 9.66667, 4.33333], "texture": "#3"},
				"east": {"uv": [10.66667, 0.33333, 10.33333, 0.66667], "texture": "#3"},
				"south": {"uv": [10.33333, 4.33333, 9.66667, 4.66667], "texture": "#3"},
				"west": {"uv": [0.66667, 10.33333, 0.33333, 10.66667], "texture": "#3"},
				"up": {"uv": [9.66667, 5, 10.33333, 4.66667], "texture": "#3"},
				"down": {"uv": [9.66667, 5, 10.33333, 5.33333], "texture": "#3"}
			}
		},
		{
			"from": [2.46111, 10.99736, 6.41732],
			"to": [3.16111, 11.99236, 7.11732],
			"rotation": {"angle": 0, "axis": "y", "origin": [2.66111, 11.48889, 9.61732]},
			"faces": {
				"north": {"uv": [9.33333, 10, 9, 10.33333], "texture": "#3"},
				"east": {"uv": [10.33333, 10, 10, 10.33333], "texture": "#3"},
				"south": {"uv": [10, 10, 9.66667, 10.33333], "texture": "#3"},
				"west": {"uv": [9.66667, 10, 9.33333, 10.33333], "texture": "#3"},
				"up": {"uv": [0, 10.66667, 0.33333, 10.33333], "texture": "#3"},
				"down": {"uv": [10.33333, 0, 10.66667, 0.33333], "texture": "#3"}
			}
		},
		{
			"from": [3.16332, 9.37157, 8.03653],
			"to": [3.87132, 10.07957, 9.03453],
			"rotation": {"angle": 0, "axis": "y", "origin": [3.36732, 9.87557, 8.53953]},
			"faces": {
				"north": {"uv": [1, 10.33333, 0.66667, 10.66667], "texture": "#3"},
				"east": {"uv": [10.66667, 1, 10.33333, 1.33333], "texture": "#3"},
				"south": {"uv": [1.33333, 10.33333, 1, 10.66667], "texture": "#3"},
				"west": {"uv": [10.66667, 0.66667, 10.33333, 1], "texture": "#3"},
				"up": {"uv": [1.33333, 10.66667, 1.66667, 10.33333], "texture": "#3"},
				"down": {"uv": [10.33333, 1.33333, 10.66667, 1.66667], "texture": "#3"}
			}
		},
		{
			"from": [2.07843, 10.7, 8.03553],
			"to": [4.07843, 11.7, 9.03553],
			"rotation": {"angle": 45, "axis": "z", "origin": [4.57843, 12.2, 7.53553]},
			"faces": {
				"north": {"uv": [10.33333, 5.33333, 9.66667, 5.66667], "texture": "#3"},
				"east": {"uv": [10.66667, 1.66667, 10.33333, 2], "texture": "#3"},
				"south": {"uv": [10.33333, 5.66667, 9.66667, 6], "texture": "#3"},
				"west": {"uv": [2, 10.33333, 1.66667, 10.66667], "texture": "#3"},
				"up": {"uv": [9.66667, 6.33333, 10.33333, 6], "texture": "#3"},
				"down": {"uv": [6.33333, 9.66667, 7, 10], "texture": "#3"}
			}
		},
		{
			"from": [2.55061, 10.99289, 8.87548],
			"to": [4.55061, 11.99289, 9.87548],
			"rotation": {"angle": 45, "axis": "y", "origin": [3.80061, 12.49289, 9.52548]},
			"faces": {
				"north": {"uv": [1.33333, 9.66667, 0.66667, 10], "texture": "#3"},
				"east": {"uv": [4, 10, 3.66667, 10.33333], "texture": "#3"},
				"south": {"uv": [10.33333, 0.66667, 9.66667, 1], "texture": "#3"},
				"west": {"uv": [10.33333, 3.33333, 10, 3.66667], "texture": "#3"},
				"up": {"uv": [9.66667, 1.33333, 10.33333, 1], "texture": "#3"},
				"down": {"uv": [1.33333, 9.66667, 2, 10], "texture": "#3"}
			}
		},
		{
			"from": [2.46021, 10.99689, 9.95285],
			"to": [3.16021, 11.99189, 10.65285],
			"rotation": {"angle": 0, "axis": "y", "origin": [2.66021, 11.49689, 9.15285]},
			"faces": {
				"north": {"uv": [10.33333, 3.66667, 10, 4], "texture": "#3"},
				"east": {"uv": [5, 10, 4.66667, 10.33333], "texture": "#3"},
				"south": {"uv": [4.66667, 10, 4.33333, 10.33333], "texture": "#3"},
				"west": {"uv": [4.33333, 10, 4, 10.33333], "texture": "#3"},
				"up": {"uv": [5, 10.33333, 5.33333, 10], "texture": "#3"},
				"down": {"uv": [6, 10, 6.33333, 10.33333], "texture": "#3"}
			}
		},
		{
			"from": [3, 15, 8],
			"to": [13, 25, 9],
			"rotation": {"angle": 0, "axis": "y", "origin": [0, -8, 0]},
			"faces": {
				"north": {"uv": [0, 0, 3.33333, 3.33333], "texture": "#3"},
				"east": {"uv": [5.33333, 7.66667, 5.66667, 11], "texture": "#3"},
				"south": {"uv": [0, 3.33333, 3.33333, 6.66667], "texture": "#3"},
				"west": {"uv": [5.66667, 7.66667, 6, 11], "texture": "#3"},
				"up": {"uv": [10, 2.66667, 6.66667, 2.33333], "texture": "#3"},
				"down": {"uv": [10, 2.66667, 6.66667, 3], "texture": "#3"}
			}
		},
		{
			"from": [7, 13, 7.5],
			"to": [9, 20, 9.5],
			"rotation": {"angle": 0, "axis": "y", "origin": [0, -8, 0]},
			"faces": {
				"north": {"uv": [7.33333, 0, 8, 2.33333], "texture": "#3"},
				"east": {"uv": [3.33333, 7.66667, 4, 10], "texture": "#3"},
				"south": {"uv": [4, 7.66667, 4.66667, 10], "texture": "#3"},
				"west": {"uv": [4.66667, 7.66667, 5.33333, 10], "texture": "#3"},
				"up": {"uv": [9.66667, 9, 9, 8.33333], "texture": "#3"},
				"down": {"uv": [9.66667, 9, 9, 9.66667], "texture": "#3"}
			}
		},
		{
			"from": [4.04354, 21.24325, 8.02],
			"to": [11.06354, 28.26325, 8.99],
			"rotation": {"angle": -45, "axis": "z", "origin": [8.07854, 24.32825, 8.47]},
			"faces": {
				"north": {"uv": [3.33333, 0, 5.66667, 2.33333], "texture": "#3"},
				"east": {"uv": [6, 7.66667, 6.33333, 10], "texture": "#3"},
				"south": {"uv": [3.33333, 2.33333, 5.66667, 4.66667], "texture": "#3"},
				"west": {"uv": [8.66667, 7, 9, 9.33333], "texture": "#3"},
				"up": {"uv": [10.33333, 2.33333, 8, 2], "texture": "#3"},
				"down": {"uv": [2.33333, 9, 0, 9.33333], "texture": "#3"}
			}
		}
	],
	"display": {
		"thirdperson_righthand": {
			"rotation": [0, 90, 0],
			"translation": [0, 8.25, 1.75],
			"scale": [0.6, 0.6, 0.6]
		},
		"thirdperson_lefthand": {
			"rotation": [0, 90, 0],
			"translation": [0, 8.25, 1.75],
			"scale": [0.6, 0.6, 0.6]
		},
		"firstperson_righthand": {
			"rotation": [-10, -84.75, 0],
			"translation": [2, 0.5, 0],
			"scale": [0.45, 0.45, 0.45]
		},
		"firstperson_lefthand": {
			"rotation": [-10, -84.75, 0],
			"translation": [2, 0.5, 0],
			"scale": [0.45, 0.45, 0.45]
		},
		"ground": {
			"rotation": [-45, 90, 0],
			"translation": [0, 6.5, 0],
			"scale": [0.5, 0.5, 0.5]
		},
		"gui": {
			"rotation": [-180, -180, 135],
			"translation": [0.25, 0.5, -0.5],
			"scale": [0.4, 0.4, 0.4]
		},
		"fixed": {
			"rotation": [0, 1, 45],
			"translation": [-0.5, 0.5, -0.5],
			"scale": [0.5, 0.5, 0.5]
		}
	}
}