{
	"credit": "Made with Blockbench",
	"texture_size": [48, 48],
	"textures": {
		"9": "default/amethyst_bow"
	},
	"elements": [
		{
			"from": [7.502, 14.69571, -3.88859],
			"to": [9.498, 17.69171, -1.89259],
			"rotation": {"angle": -22.5, "axis": "x", "origin": [9.5, 13.69371, -0.39059]},
			"faces": {
				"north": {"uv": [9.66667, 0.66667, 10.33333, 1.66667], "texture": "#9"},
				"east": {"uv": [9.66667, 1.66667, 10.33333, 2.66667], "texture": "#9"},
				"south": {"uv": [2.33333, 9.66667, 3, 10.66667], "texture": "#9"},
				"west": {"uv": [3, 9.66667, 3.66667, 10.66667], "texture": "#9"},
				"up": {"uv": [11, 5, 10.33333, 4.33333], "texture": "#9"},
				"down": {"uv": [11, 5, 10.33333, 5.66667], "texture": "#9"}
			}
		},
		{
			"from": [7.5, 14.75695, -4.03358],
			"to": [9.5, 18.75695, -2.03358],
			"rotation": {"angle": 45, "axis": "x", "origin": [8.5, 16.75695, -3.03358]},
			"faces": {
				"north": {"uv": [1, 9, 1.66667, 10.33333], "texture": "#9"},
				"east": {"uv": [1.66667, 9, 2.33333, 10.33333], "texture": "#9"},
				"south": {"uv": [9, 2, 9.66667, 3.33333], "texture": "#9"},
				"west": {"uv": [4.66667, 9, 5.33333, 10.33333], "texture": "#9"},
				"up": {"uv": [11, 8.66667, 10.33333, 8], "texture": "#9"},
				"down": {"uv": [10.66667, 10.33333, 10, 11], "texture": "#9"}
			}
		},
		{
			"from": [7.502, 18.72828, -3.25593],
			"to": [9.498, 24.72428, -1.25993],
			"rotation": {"angle": 22.5, "axis": "x", "origin": [9.5, 17.22628, -4.25793]},
			"faces": {
				"north": {"uv": [7.33333, 0, 8, 2], "texture": "#9"},
				"east": {"uv": [5.33333, 7.33333, 6, 9.33333], "texture": "#9"},
				"south": {"uv": [6, 7.33333, 6.66667, 9.33333], "texture": "#9"},
				"west": {"uv": [7.33333, 6.33333, 8, 8.33333], "texture": "#9"},
				"up": {"uv": [11.33333, 0.66667, 10.66667, 0], "texture": "#9"},
				"down": {"uv": [1.33333, 10.66667, 0.66667, 11.33333], "texture": "#9"}
			}
		},
		{
			"from": [7.502, -8.72428, -3.25593],
			"to": [9.498, -2.72828, -1.25993],
			"rotation": {"angle": -22.5, "axis": "x", "origin": [9.5, -1.22628, -4.25793]},
			"faces": {
				"north": {"uv": [6.66667, 7.33333, 7.33333, 9.33333], "texture": "#9"},
				"east": {"uv": [8, 0, 8.66667, 2], "texture": "#9"},
				"south": {"uv": [8, 6.33333, 8.66667, 8.33333], "texture": "#9"},
				"west": {"uv": [4, 8.33333, 4.66667, 10.33333], "texture": "#9"},
				"up": {"uv": [8.66667, 11.33333, 8, 10.66667], "texture": "#9"},
				"down": {"uv": [9.33333, 10.66667, 8.66667, 11.33333], "texture": "#9"}
			}
		},
		{
			"from": [7.5, -2.75695, -4.03358],
			"to": [9.5, 1.24305, -2.03358],
			"rotation": {"angle": -45, "axis": "x", "origin": [8.5, -0.75695, -3.03358]},
			"faces": {
				"north": {"uv": [5.33333, 9.33333, 6, 10.66667], "texture": "#9"},
				"east": {"uv": [6, 9.33333, 6.66667, 10.66667], "texture": "#9"},
				"south": {"uv": [6.66667, 9.33333, 7.33333, 10.66667], "texture": "#9"},
				"west": {"uv": [7.33333, 9.33333, 8, 10.66667], "texture": "#9"},
				"up": {"uv": [11.33333, 7.66667, 10.66667, 7], "texture": "#9"},
				"down": {"uv": [8, 10.66667, 7.33333, 11.33333], "texture": "#9"}
			}
		},
		{
			"from": [7.502, -1.69171, -3.88859],
			"to": [9.498, 1.30429, -1.89259],
			"rotation": {"angle": 22.5, "axis": "x", "origin": [9.5, 2.30629, -0.39059]},
			"faces": {
				"north": {"uv": [9.66667, 6.33333, 10.33333, 7.33333], "texture": "#9"},
				"east": {"uv": [9.66667, 7.33333, 10.33333, 8.33333], "texture": "#9"},
				"south": {"uv": [0, 10, 0.66667, 11], "texture": "#9"},
				"west": {"uv": [10, 2.66667, 10.66667, 3.66667], "texture": "#9"},
				"up": {"uv": [11.33333, 7, 10.66667, 6.33333], "texture": "#9"},
				"down": {"uv": [7.33333, 10.66667, 6.66667, 11.33333], "texture": "#9"}
			}
		},
		{
			"from": [7.5, 18.49866, -4.08231],
			"to": [9.5, 19.49866, -3.08231],
			"rotation": {"angle": -45, "axis": "x", "origin": [8, 19.99866, -5.08231]},
			"faces": {
				"north": {"uv": [9.33333, 9, 10, 9.33333], "texture": "#9"},
				"east": {"uv": [6.33333, 1.66667, 6.66667, 2], "texture": "#9"},
				"south": {"uv": [11.33333, 2.66667, 12, 3], "texture": "#9"},
				"west": {"uv": [2.33333, 6.33333, 2.66667, 6.66667], "texture": "#9"},
				"up": {"uv": [12, 3.33333, 11.33333, 3], "texture": "#9"},
				"down": {"uv": [12, 4, 11.33333, 4.33333], "texture": "#9"}
			}
		},
		{
			"from": [8, 30.21497, 7.8426],
			"to": [9, 31.21497, 12.8426],
			"rotation": {"angle": -45, "axis": "x", "origin": [8.5, 29.21497, 11.3426]},
			"faces": {
				"north": {"uv": [11, 11.33333, 11.33333, 11.66667], "texture": "#9"},
				"east": {"uv": [10.33333, 0.66667, 12, 1], "texture": "#9"},
				"south": {"uv": [11.33333, 11.33333, 11.66667, 11.66667], "texture": "#9"},
				"west": {"uv": [10.33333, 1, 12, 1.33333], "texture": "#9"},
				"up": {"uv": [4, 12, 3.66667, 10.33333], "texture": "#9"},
				"down": {"uv": [4.33333, 10.33333, 4, 12], "texture": "#9"}
			}
		},
		{
			"from": [8, 30.98273, 10.98365],
			"to": [9, 31.68273, 11.69615],
			"rotation": {"angle": 0, "axis": "y", "origin": [8.5, 31.48273, 11.49615]},
			"faces": {
				"north": {"uv": [0, 11.66667, 0.33333, 12], "texture": "#9"},
				"east": {"uv": [0.33333, 11.66667, 0.66667, 12], "texture": "#9"},
				"south": {"uv": [2, 11.66667, 2.33333, 12], "texture": "#9"},
				"west": {"uv": [2.33333, 11.66667, 2.66667, 12], "texture": "#9"},
				"up": {"uv": [3, 12, 2.66667, 11.66667], "texture": "#9"},
				"down": {"uv": [3.66667, 11.66667, 3.33333, 12], "texture": "#9"}
			}
		},
		{
			"from": [8, 18.77296, -4.13687],
			"to": [9, 20.77296, -3.13687],
			"rotation": {"angle": 22.5, "axis": "x", "origin": [8.5, 20.27296, -5.13687]},
			"faces": {
				"north": {"uv": [2.33333, 9, 2.66667, 9.66667], "texture": "#9"},
				"east": {"uv": [9.66667, 2.66667, 10, 3.33333], "texture": "#9"},
				"south": {"uv": [3, 11.33333, 3.33333, 12], "texture": "#9"},
				"west": {"uv": [11.33333, 5.33333, 11.66667, 6], "texture": "#9"},
				"up": {"uv": [8, 12, 7.66667, 11.66667], "texture": "#9"},
				"down": {"uv": [12, 7.66667, 11.66667, 8], "texture": "#9"}
			}
		},
		{
			"from": [8, 17.91042, -4.61316],
			"to": [9, 18.61042, -3.90066],
			"rotation": {"angle": -22.5, "axis": "x", "origin": [8.5, 18.11042, -4.41316]},
			"faces": {
				"north": {"uv": [11.66667, 6.33333, 12, 6.66667], "texture": "#9"},
				"east": {"uv": [11.66667, 6.66667, 12, 7], "texture": "#9"},
				"south": {"uv": [7, 11.66667, 7.33333, 12], "texture": "#9"},
				"west": {"uv": [11.66667, 7, 12, 7.33333], "texture": "#9"},
				"up": {"uv": [7.66667, 12, 7.33333, 11.66667], "texture": "#9"},
				"down": {"uv": [12, 7.33333, 11.66667, 7.66667], "texture": "#9"}
			}
		},
		{
			"from": [8, -4.77296, -4.13687],
			"to": [9, -2.77296, -3.13687],
			"rotation": {"angle": -22.5, "axis": "x", "origin": [8.5, -4.27296, -5.13687]},
			"faces": {
				"north": {"uv": [6, 11.33333, 6.33333, 12], "texture": "#9"},
				"east": {"uv": [6.33333, 11.33333, 6.66667, 12], "texture": "#9"},
				"south": {"uv": [11.33333, 6.33333, 11.66667, 7], "texture": "#9"},
				"west": {"uv": [6.66667, 11.33333, 7, 12], "texture": "#9"},
				"up": {"uv": [9.66667, 12, 9.33333, 11.66667], "texture": "#9"},
				"down": {"uv": [12, 9.33333, 11.66667, 9.66667], "texture": "#9"}
			}
		},
		{
			"from": [8, -2.61042, -4.61316],
			"to": [9, -1.91042, -3.90066],
			"rotation": {"angle": 22.5, "axis": "x", "origin": [8.5, -2.11042, -4.41316]},
			"faces": {
				"north": {"uv": [8, 11.66667, 8.33333, 12], "texture": "#9"},
				"east": {"uv": [8.33333, 11.66667, 8.66667, 12], "texture": "#9"},
				"south": {"uv": [8.66667, 11.66667, 9, 12], "texture": "#9"},
				"west": {"uv": [11.66667, 8.66667, 12, 9], "texture": "#9"},
				"up": {"uv": [9.33333, 12, 9, 11.66667], "texture": "#9"},
				"down": {"uv": [12, 9, 11.66667, 9.33333], "texture": "#9"}
			}
		},
		{
			"from": [8, 28.03112, 11.14113],
			"to": [9, 28.73112, 11.85363],
			"rotation": {"angle": 22.5, "axis": "x", "origin": [8.5, 28.53112, 11.65363]},
			"faces": {
				"north": {"uv": [11.33333, 7.33333, 11.66667, 7.66667], "texture": "#9"},
				"east": {"uv": [7.66667, 11.33333, 8, 11.66667], "texture": "#9"},
				"south": {"uv": [8, 11.33333, 8.33333, 11.66667], "texture": "#9"},
				"west": {"uv": [8.33333, 11.33333, 8.66667, 11.66667], "texture": "#9"},
				"up": {"uv": [9, 11.66667, 8.66667, 11.33333], "texture": "#9"},
				"down": {"uv": [11.66667, 8.66667, 11.33333, 9], "texture": "#9"}
			}
		},
		{
			"from": [8, 24.24231, 7.61371],
			"to": [9, 24.95481, 8.31371],
			"rotation": {"angle": -22.5, "axis": "x", "origin": [8.5, 24.44231, 8.11371]},
			"faces": {
				"north": {"uv": [9, 11.33333, 9.33333, 11.66667], "texture": "#9"},
				"east": {"uv": [11.33333, 9, 11.66667, 9.33333], "texture": "#9"},
				"south": {"uv": [9.33333, 11.33333, 9.66667, 11.66667], "texture": "#9"},
				"west": {"uv": [11.33333, 9.33333, 11.66667, 9.66667], "texture": "#9"},
				"up": {"uv": [10, 11.66667, 9.66667, 11.33333], "texture": "#9"},
				"down": {"uv": [11.66667, 9.66667, 11.33333, 10], "texture": "#9"}
			}
		},
		{
			"from": [8, 25.76225, 10.46202],
			"to": [9, 26.46225, 11.17452],
			"rotation": {"angle": 45, "axis": "x", "origin": [8.5, 26.26225, 10.97452]},
			"faces": {
				"north": {"uv": [11.66667, 3.33333, 12, 3.66667], "texture": "#9"},
				"east": {"uv": [11.66667, 3.66667, 12, 4], "texture": "#9"},
				"south": {"uv": [5.33333, 11.66667, 5.66667, 12], "texture": "#9"},
				"west": {"uv": [11.66667, 5.33333, 12, 5.66667], "texture": "#9"},
				"up": {"uv": [6, 12, 5.66667, 11.66667], "texture": "#9"},
				"down": {"uv": [12, 5.66667, 11.66667, 6], "texture": "#9"}
			}
		},
		{
			"from": [8, 27.338, 8.37086],
			"to": [9, 28.338, 11.37086],
			"rotation": {"angle": -22.5, "axis": "x", "origin": [8.5, 28.338, 9.87086]},
			"faces": {
				"north": {"uv": [10.66667, 3.33333, 11, 3.66667], "texture": "#9"},
				"east": {"uv": [10.33333, 8.66667, 11.33333, 9], "texture": "#9"},
				"south": {"uv": [7, 11.33333, 7.33333, 11.66667], "texture": "#9"},
				"west": {"uv": [10.66667, 7.66667, 11.66667, 8], "texture": "#9"},
				"up": {"uv": [11.33333, 5, 11, 4], "texture": "#9"},
				"down": {"uv": [11.33333, 5, 11, 6], "texture": "#9"}
			}
		},
		{
			"from": [8, 25.76607, 5.75355],
			"to": [9, 26.76607, 10.75355],
			"rotation": {"angle": 0, "axis": "y", "origin": [9, 26.26607, 10.25355]},
			"faces": {
				"north": {"uv": [11.33333, 7, 11.66667, 7.33333], "texture": "#9"},
				"east": {"uv": [7.33333, 2, 9, 2.33333], "texture": "#9"},
				"south": {"uv": [7.33333, 11.33333, 7.66667, 11.66667], "texture": "#9"},
				"west": {"uv": [0.66667, 10.33333, 2.33333, 10.66667], "texture": "#9"},
				"up": {"uv": [6.66667, 1.66667, 6.33333, 0], "texture": "#9"},
				"down": {"uv": [4, 8.66667, 3.66667, 10.33333], "texture": "#9"}
			}
		},
		{
			"from": [8, 23.26607, 5.75355],
			"to": [9, 24.26607, 8.75355],
			"rotation": {"angle": 22.5, "axis": "x", "origin": [9, 26.26607, 10.25355]},
			"faces": {
				"north": {"uv": [11.33333, 10.33333, 11.66667, 10.66667], "texture": "#9"},
				"east": {"uv": [11, 6, 12, 6.33333], "texture": "#9"},
				"south": {"uv": [11.33333, 10.66667, 11.66667, 11], "texture": "#9"},
				"west": {"uv": [11, 8, 12, 8.33333], "texture": "#9"},
				"up": {"uv": [11.33333, 10, 11, 9], "texture": "#9"},
				"down": {"uv": [10.33333, 11, 10, 12], "texture": "#9"}
			}
		},
		{
			"from": [8, -8.26607, 5.75355],
			"to": [9, -7.26607, 8.75355],
			"rotation": {"angle": -22.5, "axis": "x", "origin": [9, -10.26607, 10.25355]},
			"faces": {
				"north": {"uv": [4.66667, 12, 5, 12.33333], "texture": "#9"},
				"east": {"uv": [11, 11, 12, 11.33333], "texture": "#9"},
				"south": {"uv": [12, 4.66667, 12.33333, 5], "texture": "#9"},
				"west": {"uv": [11.33333, 0, 12.33333, 0.33333], "texture": "#9"},
				"up": {"uv": [1, 12.33333, 0.66667, 11.33333], "texture": "#9"},
				"down": {"uv": [1.33333, 11.33333, 1, 12.33333], "texture": "#9"}
			}
		},
		{
			"from": [8, -8.95481, 7.61371],
			"to": [9, -8.24231, 8.31371],
			"rotation": {"angle": 22.5, "axis": "x", "origin": [8.5, -8.44231, 8.11371]},
			"faces": {
				"north": {"uv": [3.66667, 12, 4, 12.33333], "texture": "#9"},
				"east": {"uv": [12, 3.66667, 12.33333, 4], "texture": "#9"},
				"south": {"uv": [4, 12, 4.33333, 12.33333], "texture": "#9"},
				"west": {"uv": [12, 4, 12.33333, 4.33333], "texture": "#9"},
				"up": {"uv": [4.66667, 12.33333, 4.33333, 12], "texture": "#9"},
				"down": {"uv": [12.33333, 4.33333, 12, 4.66667], "texture": "#9"}
			}
		},
		{
			"from": [8, -10.76607, 5.75355],
			"to": [9, -9.76607, 10.75355],
			"rotation": {"angle": 0, "axis": "y", "origin": [9, -10.26607, 10.25355]},
			"faces": {
				"north": {"uv": [3.33333, 12, 3.66667, 12.33333], "texture": "#9"},
				"east": {"uv": [10.33333, 2, 12, 2.33333], "texture": "#9"},
				"south": {"uv": [12, 3.33333, 12.33333, 3.66667], "texture": "#9"},
				"west": {"uv": [10.33333, 2.33333, 12, 2.66667], "texture": "#9"},
				"up": {"uv": [5.33333, 12, 5, 10.33333], "texture": "#9"},
				"down": {"uv": [10.66667, 6.33333, 10.33333, 8], "texture": "#9"}
			}
		},
		{
			"from": [8, -10.46225, 10.46202],
			"to": [9, -9.76225, 11.17452],
			"rotation": {"angle": -45, "axis": "x", "origin": [8.5, -10.26225, 10.97452]},
			"faces": {
				"north": {"uv": [2.33333, 12, 2.66667, 12.33333], "texture": "#9"},
				"east": {"uv": [12, 2.33333, 12.33333, 2.66667], "texture": "#9"},
				"south": {"uv": [2.66667, 12, 3, 12.33333], "texture": "#9"},
				"west": {"uv": [12, 2.66667, 12.33333, 3], "texture": "#9"},
				"up": {"uv": [3.33333, 12.33333, 3, 12], "texture": "#9"},
				"down": {"uv": [12.33333, 3, 12, 3.33333], "texture": "#9"}
			}
		},
		{
			"from": [8, -12.338, 8.37086],
			"to": [9, -11.338, 11.37086],
			"rotation": {"angle": 22.5, "axis": "x", "origin": [8.5, -12.338, 9.87086]},
			"faces": {
				"north": {"uv": [2, 12, 2.33333, 12.33333], "texture": "#9"},
				"east": {"uv": [11, 8.33333, 12, 8.66667], "texture": "#9"},
				"south": {"uv": [12, 2, 12.33333, 2.33333], "texture": "#9"},
				"west": {"uv": [11, 10, 12, 10.33333], "texture": "#9"},
				"up": {"uv": [10.66667, 12, 10.33333, 11], "texture": "#9"},
				"down": {"uv": [11, 11, 10.66667, 12], "texture": "#9"}
			}
		},
		{
			"from": [8, -12.73112, 11.14113],
			"to": [9, -12.03112, 11.85363],
			"rotation": {"angle": -22.5, "axis": "x", "origin": [8.5, -12.53112, 11.65363]},
			"faces": {
				"north": {"uv": [0, 12, 0.33333, 12.33333], "texture": "#9"},
				"east": {"uv": [0.33333, 12, 0.66667, 12.33333], "texture": "#9"},
				"south": {"uv": [12, 0.66667, 12.33333, 1], "texture": "#9"},
				"west": {"uv": [12, 1, 12.33333, 1.33333], "texture": "#9"},
				"up": {"uv": [12.33333, 1.66667, 12, 1.33333], "texture": "#9"},
				"down": {"uv": [12.33333, 1.66667, 12, 2], "texture": "#9"}
			}
		},
		{
			"from": [8, -15.21497, 7.8426],
			"to": [9, -14.21497, 12.8426],
			"rotation": {"angle": 45, "axis": "x", "origin": [8.5, -13.21497, 11.3426]},
			"faces": {
				"north": {"uv": [11.66667, 11.33333, 12, 11.66667], "texture": "#9"},
				"east": {"uv": [10.33333, 1.33333, 12, 1.66667], "texture": "#9"},
				"south": {"uv": [11.66667, 11.66667, 12, 12], "texture": "#9"},
				"west": {"uv": [10.33333, 1.66667, 12, 2], "texture": "#9"},
				"up": {"uv": [4.66667, 12, 4.33333, 10.33333], "texture": "#9"},
				"down": {"uv": [5, 10.33333, 4.66667, 12], "texture": "#9"}
			}
		},
		{
			"from": [8, -15.68273, 10.98365],
			"to": [9, -14.98273, 11.69615],
			"rotation": {"angle": 0, "axis": "y", "origin": [8.5, -15.48273, 11.49615]},
			"faces": {
				"north": {"uv": [9.66667, 11.66667, 10, 12], "texture": "#9"},
				"east": {"uv": [11.66667, 9.66667, 12, 10], "texture": "#9"},
				"south": {"uv": [11.66667, 10.33333, 12, 10.66667], "texture": "#9"},
				"west": {"uv": [11.66667, 10.66667, 12, 11], "texture": "#9"},
				"up": {"uv": [11.33333, 12, 11, 11.66667], "texture": "#9"},
				"down": {"uv": [11.66667, 11.66667, 11.33333, 12], "texture": "#9"}
			}
		},
		{
			"from": [7.5, -3.49866, -4.08231],
			"to": [9.5, -2.49866, -3.08231],
			"rotation": {"angle": 45, "axis": "x", "origin": [8, -3.99866, -5.08231]},
			"faces": {
				"north": {"uv": [11.33333, 4.33333, 12, 4.66667], "texture": "#9"},
				"east": {"uv": [7, 6.33333, 7.33333, 6.66667], "texture": "#9"},
				"south": {"uv": [11.33333, 4.66667, 12, 5], "texture": "#9"},
				"west": {"uv": [0.66667, 10, 1, 10.33333], "texture": "#9"},
				"up": {"uv": [12, 5.33333, 11.33333, 5], "texture": "#9"},
				"down": {"uv": [6, 11.33333, 5.33333, 11.66667], "texture": "#9"}
			}
		},
		{
			"from": [7.5, 17.49866, -3.08231],
			"to": [9.5, 19.49866, 3.91769],
			"rotation": {"angle": -45, "axis": "x", "origin": [8, 19.99866, -5.08231]},
			"faces": {
				"north": {"uv": [5.33333, 10.66667, 6, 11.33333], "texture": "#9"},
				"east": {"uv": [6, 4.33333, 8.33333, 5], "texture": "#9"},
				"south": {"uv": [6, 10.66667, 6.66667, 11.33333], "texture": "#9"},
				"west": {"uv": [4.66667, 6, 7, 6.66667], "texture": "#9"},
				"up": {"uv": [0.66667, 9, 0, 6.66667], "texture": "#9"},
				"down": {"uv": [7.33333, 0, 6.66667, 2.33333], "texture": "#9"}
			}
		},
		{
			"from": [7.5, 20.52686, 2.12895],
			"to": [9.5, 22.52686, 9.12895],
			"rotation": {"angle": -22.5, "axis": "x", "origin": [8, 23.02686, -6.87105]},
			"faces": {
				"north": {"uv": [2.66667, 10.66667, 3.33333, 11.33333], "texture": "#9"},
				"east": {"uv": [0, 5.33333, 2.33333, 6], "texture": "#9"},
				"south": {"uv": [10.66667, 2.66667, 11.33333, 3.33333], "texture": "#9"},
				"west": {"uv": [0, 6, 2.33333, 6.66667], "texture": "#9"},
				"up": {"uv": [6.66667, 4.33333, 6, 2], "texture": "#9"},
				"down": {"uv": [4.66667, 6, 4, 8.33333], "texture": "#9"}
			}
		},
		{
			"from": [7.5, -6.52686, 2.12895],
			"to": [9.5, -4.52686, 9.12895],
			"rotation": {"angle": 22.5, "axis": "x", "origin": [8, -7.02686, -6.87105]},
			"faces": {
				"north": {"uv": [0, 11, 0.66667, 11.66667], "texture": "#9"},
				"east": {"uv": [6.66667, 3, 9, 3.66667], "texture": "#9"},
				"south": {"uv": [11, 3.33333, 11.66667, 4], "texture": "#9"},
				"west": {"uv": [6.66667, 3.66667, 9, 4.33333], "texture": "#9"},
				"up": {"uv": [2.66667, 9, 2, 6.66667], "texture": "#9"},
				"down": {"uv": [5.33333, 6.66667, 4.66667, 9], "texture": "#9"}
			}
		},
		{
			"from": [7.5, -3.49866, -3.08231],
			"to": [9.5, -1.49866, 3.91769],
			"rotation": {"angle": 45, "axis": "x", "origin": [8, -3.99866, -5.08231]},
			"faces": {
				"north": {"uv": [9.33333, 10.66667, 10, 11.33333], "texture": "#9"},
				"east": {"uv": [6, 5, 8.33333, 5.66667], "texture": "#9"},
				"south": {"uv": [10.66667, 10.33333, 11.33333, 11], "texture": "#9"},
				"west": {"uv": [6.66667, 2.33333, 9, 3], "texture": "#9"},
				"up": {"uv": [1.33333, 9, 0.66667, 6.66667], "texture": "#9"},
				"down": {"uv": [2, 6.66667, 1.33333, 9], "texture": "#9"}
			}
		},
		{
			"from": [7, 10.58791, -6.47716],
			"to": [10, 12.58791, -0.47716],
			"rotation": {"angle": -22.5, "axis": "x", "origin": [8.5, 9.08791, -4.97716]},
			"faces": {
				"north": {"uv": [9, 3.33333, 10, 4], "texture": "#9"},
				"east": {"uv": [5.33333, 6.66667, 7.33333, 7.33333], "texture": "#9"},
				"south": {"uv": [9, 5.66667, 10, 6.33333], "texture": "#9"},
				"west": {"uv": [7, 5.66667, 9, 6.33333], "texture": "#9"},
				"up": {"uv": [5, 4, 4, 2], "texture": "#9"},
				"down": {"uv": [5, 4, 4, 6], "texture": "#9"}
			}
		},
		{
			"from": [7.002, 14.57003, -2.84842],
			"to": [9.998, 16.56603, 0.14758],
			"rotation": {"angle": 22.5, "axis": "x", "origin": [8.5, 13.56803, -8.85042]},
			"faces": {
				"north": {"uv": [8, 9.33333, 9, 10], "texture": "#9"},
				"east": {"uv": [9.33333, 8.33333, 10.33333, 9], "texture": "#9"},
				"south": {"uv": [9, 9.33333, 10, 10], "texture": "#9"},
				"west": {"uv": [9.66667, 0, 10.66667, 0.66667], "texture": "#9"},
				"up": {"uv": [8.33333, 9.33333, 7.33333, 8.33333], "texture": "#9"},
				"down": {"uv": [9.33333, 8.33333, 8.33333, 9.33333], "texture": "#9"}
			}
		},
		{
			"from": [7.002, 8.74947, -7.70037],
			"to": [9.998, 11.74547, -6.70437],
			"rotation": {"angle": 0, "axis": "y", "origin": [8.5, 10.24747, -19.20237]},
			"faces": {
				"north": {"uv": [8.66667, 0, 9.66667, 1], "texture": "#9"},
				"east": {"uv": [2.33333, 5.33333, 2.66667, 6.33333], "texture": "#9"},
				"south": {"uv": [8.66667, 1, 9.66667, 2], "texture": "#9"},
				"west": {"uv": [3.33333, 10.66667, 3.66667, 11.66667], "texture": "#9"},
				"up": {"uv": [7, 6, 6, 5.66667], "texture": "#9"},
				"down": {"uv": [10, 4, 9, 4.33333], "texture": "#9"}
			}
		},
		{
			"from": [7.002, 4.25453, -7.70037],
			"to": [9.998, 7.25053, -6.70437],
			"rotation": {"angle": 0, "axis": "y", "origin": [8.5, 5.75253, -19.20237]},
			"faces": {
				"north": {"uv": [8.66667, 7.33333, 9.66667, 8.33333], "texture": "#9"},
				"east": {"uv": [1.33333, 11.33333, 1.66667, 12.33333], "texture": "#9"},
				"south": {"uv": [0, 9, 1, 10], "texture": "#9"},
				"west": {"uv": [1.66667, 11.33333, 2, 12.33333], "texture": "#9"},
				"up": {"uv": [12.33333, 0.66667, 11.33333, 0.33333], "texture": "#9"},
				"down": {"uv": [3, 11.33333, 2, 11.66667], "texture": "#9"}
			}
		},
		{
			"from": [7, 3.41209, -6.47716],
			"to": [10, 5.41209, -0.47716],
			"rotation": {"angle": 22.5, "axis": "x", "origin": [8.5, 6.91209, -4.97716]},
			"faces": {
				"north": {"uv": [10, 9, 11, 9.66667], "texture": "#9"},
				"east": {"uv": [8.33333, 4.33333, 10.33333, 5], "texture": "#9"},
				"south": {"uv": [10, 9.66667, 11, 10.33333], "texture": "#9"},
				"west": {"uv": [8.33333, 5, 10.33333, 5.66667], "texture": "#9"},
				"up": {"uv": [6, 4, 5, 2], "texture": "#9"},
				"down": {"uv": [6, 4, 5, 6], "texture": "#9"}
			}
		},
		{
			"from": [7.002, -0.56603, -2.84842],
			"to": [9.998, 1.42997, 0.14758],
			"rotation": {"angle": -22.5, "axis": "x", "origin": [8.5, 2.43197, -8.85042]},
			"faces": {
				"north": {"uv": [10, 3.66667, 11, 4.33333], "texture": "#9"},
				"east": {"uv": [10, 5.66667, 11, 6.33333], "texture": "#9"},
				"south": {"uv": [8, 10, 9, 10.66667], "texture": "#9"},
				"west": {"uv": [9, 10, 10, 10.66667], "texture": "#9"},
				"up": {"uv": [3.66667, 9.66667, 2.66667, 8.66667], "texture": "#9"},
				"down": {"uv": [9.66667, 6.33333, 8.66667, 7.33333], "texture": "#9"}
			}
		},
		{
			"from": [7.5, 3.5, -3.25],
			"to": [9.5, 13.5, -1.25],
			"rotation": {"angle": 0, "axis": "y", "origin": [1, 25, 8]},
			"faces": {
				"north": {"uv": [0, 2, 0.66667, 5.33333], "texture": "#9"},
				"east": {"uv": [0.66667, 2, 1.33333, 5.33333], "texture": "#9"},
				"south": {"uv": [1.33333, 2, 2, 5.33333], "texture": "#9"},
				"west": {"uv": [2, 2, 2.66667, 5.33333], "texture": "#9"},
				"up": {"uv": [2, 11.33333, 1.33333, 10.66667], "texture": "#9"},
				"down": {"uv": [2.66667, 10.66667, 2, 11.33333], "texture": "#9"}
			}
		},
		{
			"from": [8.5, 6.23393, 9.75355],
			"to": [8.5, 26.23393, 10.75355],
			"rotation": {"angle": 0, "axis": "x", "origin": [8.5, 25.73393, 10.25355]},
			"faces": {
				"north": {"uv": [0, 0, 0, 6.66667], "texture": "#9"},
				"east": {"uv": [2.66667, 2, 3, 8.66667], "texture": "#9"},
				"south": {"uv": [0, 0, 0, 6.66667], "texture": "#9"},
				"west": {"uv": [3, 2, 3.33333, 8.66667], "texture": "#9"},
				"up": {"uv": [0, 0.33333, 0, 0], "texture": "#9"},
				"down": {"uv": [0, 0, 0, 0.33333], "texture": "#9"}
			}
		},
		{
			"from": [8.5, -10.23393, 9.75355],
			"to": [8.5, 9.76607, 10.75355],
			"rotation": {"angle": 0, "axis": "x", "origin": [8.5, -9.73393, 10.25355]},
			"faces": {
				"north": {"uv": [0, 0, 0, 6.66667], "texture": "#9"},
				"east": {"uv": [3.33333, 2, 3.66667, 8.66667], "texture": "#9"},
				"south": {"uv": [0, 0, 0, 6.66667], "texture": "#9"},
				"west": {"uv": [3.66667, 2, 4, 8.66667], "texture": "#9"},
				"up": {"uv": [0, 0.33333, 0, 0], "texture": "#9"},
				"down": {"uv": [0, 0, 0, 0.33333], "texture": "#9"}
			}
		}
	],
	"display": {
		"thirdperson_righthand": {
			"translation": [-1.5, -2, 5.75],
			"scale": [0.55, 0.55, 0.55]
		},
		"thirdperson_lefthand": {
			"translation": [-1.5, -2, 5.75],
			"scale": [0.55, 0.55, 0.55]
		},
		"firstperson_righthand": {
			"rotation": [11.25, -12, 7],
			"translation": [1.5, 3.5, 2],
			"scale": [0.4, 0.4, 0.4]
		},
		"firstperson_lefthand": {
			"rotation": [11.25, -12, 7],
			"translation": [1.5, 3.5, 2],
			"scale": [0.4, 0.4, 0.4]
		},
		"ground": {
			"rotation": [-45, 0, 0],
			"translation": [0, 6.75, 0],
			"scale": [0.5, 0.5, 0.5]
		},
		"gui": {
			"rotation": [-93.25, -45, 92.5],
			"translation": [0.5, -0.5, -0.75],
			"scale": [0.37, 0.37, 0.37]
		},
		"fixed": {
			"rotation": [-93.25, 45, 92.5],
			"translation": [-0.25, -0.25, -0.75],
			"scale": [0.5, 0.5, 0.5]
		}
	}
}