{
	"credit": "Made with Blockbench",
	"parent": "angel_pickaxe",
	"texture_size": [64, 64],
	"textures": {
		"1": "default/angel"
	},
	"elements": [
		{
			"from": [7, -0.5, 7],
			"to": [9, 0.9, 9],
			"rotation": {"angle": 0, "axis": "y", "origin": [7.95, 0, 7.95]},
			"faces": {
				"north": {"uv": [1, 6, 1.5, 6.375], "texture": "#1"},
				"east": {"uv": [6, 1, 6.5, 1.375], "texture": "#1"},
				"south": {"uv": [1.5, 6, 2, 6.375], "texture": "#1"},
				"west": {"uv": [6, 1.5, 6.5, 1.875], "texture": "#1"},
				"up": {"uv": [2.5, 5.75, 2, 5.25], "texture": "#1"},
				"down": {"uv": [5.75, 4, 5.25, 4.5], "texture": "#1"}
			}
		},
		{
			"from": [7.2, 0.9, 7.2],
			"to": [8.8, 4.2, 8.8],
			"rotation": {"angle": 0, "axis": "y", "origin": [7.95, 1.4, 7.95]},
			"faces": {
				"north": {"uv": [4.75, 4.25, 5.125, 5.125], "texture": "#1"},
				"east": {"uv": [0, 5, 0.375, 5.875], "texture": "#1"},
				"south": {"uv": [5, 0, 5.375, 0.875], "texture": "#1"},
				"west": {"uv": [0.5, 5, 0.875, 5.875], "texture": "#1"},
				"up": {"uv": [6.875, 0.875, 6.5, 0.5], "texture": "#1"},
				"down": {"uv": [1.375, 6.5, 1, 6.875], "texture": "#1"}
			}
		},
		{
			"from": [7.1, 4.2, 7.1],
			"to": [8.9, 4.7, 8.9],
			"rotation": {"angle": 0, "axis": "y", "origin": [7.95, 1, 7.95]},
			"faces": {
				"north": {"uv": [6.5, 5.5, 7, 5.625], "texture": "#1"},
				"east": {"uv": [5.75, 6.5, 6.25, 6.625], "texture": "#1"},
				"south": {"uv": [6.5, 5.75, 7, 5.875], "texture": "#1"},
				"west": {"uv": [6.5, 6, 7, 6.125], "texture": "#1"},
				"up": {"uv": [5.75, 5, 5.25, 4.5], "texture": "#1"},
				"down": {"uv": [5.25, 5.25, 4.75, 5.75], "texture": "#1"}
			}
		},
		{
			"from": [7.1, 12.7, 7.1],
			"to": [8.9, 13.9, 8.9],
			"rotation": {"angle": 0, "axis": "y", "origin": [7.95, 12.4, 7.95]},
			"faces": {
				"north": {"uv": [6.5, 2.5, 7, 2.75], "texture": "#1"},
				"east": {"uv": [6.5, 2.75, 7, 3], "texture": "#1"},
				"south": {"uv": [6.5, 3, 7, 3.25], "texture": "#1"},
				"west": {"uv": [6.5, 3.25, 7, 3.5], "texture": "#1"},
				"up": {"uv": [5.75, 5.5, 5.25, 5], "texture": "#1"},
				"down": {"uv": [6, 0, 5.5, 0.5], "texture": "#1"}
			}
		},
		{
			"from": [7.4, 2.9, 7.4],
			"to": [8.6, 16.6, 8.6],
			"rotation": {"angle": 0, "axis": "y", "origin": [7.95, 0, 7.95]},
			"faces": {
				"north": {"uv": [0, 10, 0.375, 13.375], "texture": "#1"},
				"east": {"uv": [0, 10, 0.375, 13.375], "texture": "#1"},
				"south": {"uv": [0, 10, 0.375, 13.375], "texture": "#1"},
				"west": {"uv": [0, 10, 0.375, 13.375], "texture": "#1"},
				"up": {"uv": [3.5, 5, 3.25, 4.75], "texture": "#1"},
				"down": {"uv": [5.25, 4, 5, 4.25], "texture": "#1"}
			}
		},
		{
			"from": [7.4, 16.98977, 9.99246],
			"to": [8.6, 17.8383, 10.84099],
			"rotation": {"angle": -45, "axis": "x", "origin": [7.95, 14.08977, 10.19099]},
			"faces": {
				"north": {"uv": [6.25, 6.5, 6.5, 6.75], "texture": "#1"},
				"east": {"uv": [6.5, 6.25, 6.75, 6.5], "texture": "#1"},
				"south": {"uv": [6.5, 6.5, 6.75, 6.75], "texture": "#1"},
				"west": {"uv": [6.75, 3.5, 7, 3.75], "texture": "#1"},
				"up": {"uv": [7, 4, 6.75, 3.75], "texture": "#1"},
				"down": {"uv": [7, 4, 6.75, 4.25], "texture": "#1"}
			}
		},
		{
			"from": [7.2, 5.06969, 8.3],
			"to": [8.8, 5.81437, 8.5],
			"rotation": {"angle": 0, "axis": "y", "origin": [7.3, 4.28937, 8.7]},
			"faces": {
				"north": {"uv": [6.75, 4.25, 7.125, 4.375], "texture": "#1"},
				"east": {"uv": [8.75, 7.5, 8.875, 7.625], "texture": "#1"},
				"south": {"uv": [6.75, 4.5, 7.125, 4.625], "texture": "#1"},
				"west": {"uv": [7.75, 8.75, 7.875, 8.875], "texture": "#1"},
				"up": {"uv": [7.125, 4.875, 6.75, 4.75], "texture": "#1"},
				"down": {"uv": [7.125, 5, 6.75, 5.125], "texture": "#1"}
			}
		},
		{
			"from": [7.2, 5.06969, 7.5],
			"to": [8.8, 5.81437, 7.7],
			"rotation": {"angle": 0, "axis": "y", "origin": [7.3, 4.28937, 8.7]},
			"faces": {
				"north": {"uv": [6.75, 5.25, 7.125, 5.375], "texture": "#1"},
				"east": {"uv": [8.75, 7.75, 8.875, 7.875], "texture": "#1"},
				"south": {"uv": [5.75, 6.75, 6.125, 6.875], "texture": "#1"},
				"west": {"uv": [8, 8.75, 8.125, 8.875], "texture": "#1"},
				"up": {"uv": [6.625, 6.875, 6.25, 6.75], "texture": "#1"},
				"down": {"uv": [7.125, 6.25, 6.75, 6.375], "texture": "#1"}
			}
		},
		{
			"from": [7.2, 6.76969, 7.5],
			"to": [8.8, 7.51437, 7.7],
			"rotation": {"angle": 0, "axis": "y", "origin": [7.3, 5.98937, 8.7]},
			"faces": {
				"north": {"uv": [6.75, 6.5, 7.125, 6.625], "texture": "#1"},
				"east": {"uv": [8.75, 8, 8.875, 8.125], "texture": "#1"},
				"south": {"uv": [6.75, 6.75, 7.125, 6.875], "texture": "#1"},
				"west": {"uv": [8.25, 8.75, 8.375, 8.875], "texture": "#1"},
				"up": {"uv": [0.375, 7.125, 0, 7], "texture": "#1"},
				"down": {"uv": [7.375, 0, 7, 0.125], "texture": "#1"}
			}
		},
		{
			"from": [7.2, 6.76969, 8.3],
			"to": [8.8, 7.51437, 8.5],
			"rotation": {"angle": 0, "axis": "y", "origin": [7.3, 5.98937, 8.7]},
			"faces": {
				"north": {"uv": [7, 0.25, 7.375, 0.375], "texture": "#1"},
				"east": {"uv": [8.75, 8.25, 8.875, 8.375], "texture": "#1"},
				"south": {"uv": [0.5, 7, 0.875, 7.125], "texture": "#1"},
				"west": {"uv": [8.5, 8.75, 8.625, 8.875], "texture": "#1"},
				"up": {"uv": [7.375, 0.625, 7, 0.5], "texture": "#1"},
				"down": {"uv": [7.375, 0.75, 7, 0.875], "texture": "#1"}
			}
		},
		{
			"from": [7.2, 8.46969, 7.5],
			"to": [8.8, 9.21437, 7.7],
			"rotation": {"angle": 0, "axis": "y", "origin": [7.3, 7.68937, 8.7]},
			"faces": {
				"north": {"uv": [1, 7, 1.375, 7.125], "texture": "#1"},
				"east": {"uv": [8.75, 8.5, 8.875, 8.625], "texture": "#1"},
				"south": {"uv": [7, 1, 7.375, 1.125], "texture": "#1"},
				"west": {"uv": [8.75, 8.75, 8.875, 8.875], "texture": "#1"},
				"up": {"uv": [7.375, 1.375, 7, 1.25], "texture": "#1"},
				"down": {"uv": [1.875, 7, 1.5, 7.125], "texture": "#1"}
			}
		},
		{
			"from": [7.2, 8.46969, 8.3],
			"to": [8.8, 9.21437, 8.5],
			"rotation": {"angle": 0, "axis": "y", "origin": [7.3, 7.68937, 8.7]},
			"faces": {
				"north": {"uv": [7, 1.5, 7.375, 1.625], "texture": "#1"},
				"east": {"uv": [0, 9, 0.125, 9.125], "texture": "#1"},
				"south": {"uv": [7, 1.75, 7.375, 1.875], "texture": "#1"},
				"west": {"uv": [9, 0, 9.125, 0.125], "texture": "#1"},
				"up": {"uv": [7.375, 2.125, 7, 2], "texture": "#1"},
				"down": {"uv": [7.375, 2.25, 7, 2.375], "texture": "#1"}
			}
		},
		{
			"from": [7.2, 10.16969, 7.5],
			"to": [8.8, 10.91437, 7.7],
			"rotation": {"angle": 0, "axis": "y", "origin": [7.3, 9.38937, 8.7]},
			"faces": {
				"north": {"uv": [7, 2.5, 7.375, 2.625], "texture": "#1"},
				"east": {"uv": [0.25, 9, 0.375, 9.125], "texture": "#1"},
				"south": {"uv": [7, 2.75, 7.375, 2.875], "texture": "#1"},
				"west": {"uv": [9, 0.25, 9.125, 0.375], "texture": "#1"},
				"up": {"uv": [7.375, 3.125, 7, 3], "texture": "#1"},
				"down": {"uv": [7.375, 3.25, 7, 3.375], "texture": "#1"}
			}
		},
		{
			"from": [7.2, 10.16969, 8.3],
			"to": [8.8, 10.91437, 8.5],
			"rotation": {"angle": 0, "axis": "y", "origin": [7.3, 9.38937, 8.7]},
			"faces": {
				"north": {"uv": [3.5, 7, 3.875, 7.125], "texture": "#1"},
				"east": {"uv": [0.5, 9, 0.625, 9.125], "texture": "#1"},
				"south": {"uv": [7, 3.5, 7.375, 3.625], "texture": "#1"},
				"west": {"uv": [9, 0.5, 9.125, 0.625], "texture": "#1"},
				"up": {"uv": [7.375, 3.875, 7, 3.75], "texture": "#1"},
				"down": {"uv": [7.375, 4, 7, 4.125], "texture": "#1"}
			}
		},
		{
			"from": [7.2, 11.86969, 7.5],
			"to": [8.8, 12.61437, 7.7],
			"rotation": {"angle": 0, "axis": "y", "origin": [7.3, 11.08937, 8.7]},
			"faces": {
				"north": {"uv": [7, 5.5, 7.375, 5.625], "texture": "#1"},
				"east": {"uv": [0.75, 9, 0.875, 9.125], "texture": "#1"},
				"south": {"uv": [5.75, 7, 6.125, 7.125], "texture": "#1"},
				"west": {"uv": [9, 0.75, 9.125, 0.875], "texture": "#1"},
				"up": {"uv": [7.375, 5.875, 7, 5.75], "texture": "#1"},
				"down": {"uv": [7.375, 6, 7, 6.125], "texture": "#1"}
			}
		},
		{
			"from": [7.2, 11.86969, 8.3],
			"to": [8.8, 12.61437, 8.5],
			"rotation": {"angle": 0, "axis": "y", "origin": [7.3, 11.08937, 8.7]},
			"faces": {
				"north": {"uv": [6.25, 7, 6.625, 7.125], "texture": "#1"},
				"east": {"uv": [1, 9, 1.125, 9.125], "texture": "#1"},
				"south": {"uv": [6.75, 7, 7.125, 7.125], "texture": "#1"},
				"west": {"uv": [9, 1, 9.125, 1.125], "texture": "#1"},
				"up": {"uv": [0.375, 7.375, 0, 7.25], "texture": "#1"},
				"down": {"uv": [0.875, 7.25, 0.5, 7.375], "texture": "#1"}
			}
		},
		{
			"from": [7.2125, 5.13713, 8.06537],
			"to": [7.4875, 6.13713, 8.26537],
			"rotation": {"angle": -22.5, "axis": "x", "origin": [7.2875, 4.28937, 7.3]},
			"faces": {
				"north": {"uv": [5.5, 7.5, 5.625, 7.75], "texture": "#1"},
				"east": {"uv": [7.5, 5.5, 7.625, 5.75], "texture": "#1"},
				"south": {"uv": [5.75, 7.5, 5.875, 7.75], "texture": "#1"},
				"west": {"uv": [7.5, 5.75, 7.625, 6], "texture": "#1"},
				"up": {"uv": [1.375, 9.125, 1.25, 9], "texture": "#1"},
				"down": {"uv": [9.125, 1.25, 9, 1.375], "texture": "#1"}
			}
		},
		{
			"from": [7.2125, 5.67289, 7.62806],
			"to": [7.4875, 6.67289, 7.82806],
			"rotation": {"angle": 22.5, "axis": "x", "origin": [7.2875, 4.28937, 7.3]},
			"faces": {
				"north": {"uv": [6, 7.5, 6.125, 7.75], "texture": "#1"},
				"east": {"uv": [7.5, 6, 7.625, 6.25], "texture": "#1"},
				"south": {"uv": [6.5, 7.5, 6.625, 7.75], "texture": "#1"},
				"west": {"uv": [7.5, 6.5, 7.625, 6.75], "texture": "#1"},
				"up": {"uv": [1.625, 9.125, 1.5, 9], "texture": "#1"},
				"down": {"uv": [9.125, 1.5, 9, 1.625], "texture": "#1"}
			}
		},
		{
			"from": [7.2125, 4.03569, 8.51027],
			"to": [7.4875, 5.03569, 8.71027],
			"rotation": {"angle": -22.5, "axis": "x", "origin": [7.2875, 4.28937, 7.3]},
			"faces": {
				"north": {"uv": [6.75, 7.5, 6.875, 7.75], "texture": "#1"},
				"east": {"uv": [7.5, 6.75, 7.625, 7], "texture": "#1"},
				"south": {"uv": [7.25, 7.5, 7.375, 7.75], "texture": "#1"},
				"west": {"uv": [7.5, 7.5, 7.625, 7.75], "texture": "#1"},
				"up": {"uv": [1.875, 9.125, 1.75, 9], "texture": "#1"},
				"down": {"uv": [9.125, 1.75, 9, 1.875], "texture": "#1"}
			}
		},
		{
			"from": [7.2125, 4.57145, 7.18316],
			"to": [7.4875, 5.57145, 7.38316],
			"rotation": {"angle": 22.5, "axis": "x", "origin": [7.2875, 4.28937, 7.3]},
			"faces": {
				"north": {"uv": [7.75, 0, 7.875, 0.25], "texture": "#1"},
				"east": {"uv": [0.25, 7.75, 0.375, 8], "texture": "#1"},
				"south": {"uv": [7.75, 0.25, 7.875, 0.5], "texture": "#1"},
				"west": {"uv": [0.5, 7.75, 0.625, 8], "texture": "#1"},
				"up": {"uv": [2.125, 9.125, 2, 9], "texture": "#1"},
				"down": {"uv": [9.125, 2, 9, 2.125], "texture": "#1"}
			}
		},
		{
			"from": [7.2125, 7.8847, 6.80048],
			"to": [7.4875, 8.8847, 7.00048],
			"rotation": {"angle": 22.5, "axis": "x", "origin": [7.2875, 6.67874, 7.3]},
			"faces": {
				"north": {"uv": [7.75, 0.75, 7.875, 1], "texture": "#1"},
				"east": {"uv": [1, 7.75, 1.125, 8], "texture": "#1"},
				"south": {"uv": [7.75, 1, 7.875, 1.25], "texture": "#1"},
				"west": {"uv": [1.25, 7.75, 1.375, 8], "texture": "#1"},
				"up": {"uv": [2.375, 9.125, 2.25, 9], "texture": "#1"},
				"down": {"uv": [9.125, 2.25, 9, 2.375], "texture": "#1"}
			}
		},
		{
			"from": [7.2125, 8.45038, 8.44805],
			"to": [7.4875, 9.45038, 8.64805],
			"rotation": {"angle": -22.5, "axis": "x", "origin": [7.2875, 6.67874, 7.3]},
			"faces": {
				"north": {"uv": [7.75, 1.5, 7.875, 1.75], "texture": "#1"},
				"east": {"uv": [7.75, 1.75, 7.875, 2], "texture": "#1"},
				"south": {"uv": [2, 7.75, 2.125, 8], "texture": "#1"},
				"west": {"uv": [2.25, 7.75, 2.375, 8], "texture": "#1"},
				"up": {"uv": [2.625, 9.125, 2.5, 9], "texture": "#1"},
				"down": {"uv": [9.125, 2.5, 9, 2.625], "texture": "#1"}
			}
		},
		{
			"from": [7.2125, 8.98614, 7.24538],
			"to": [7.4875, 9.98614, 7.44538],
			"rotation": {"angle": 22.5, "axis": "x", "origin": [7.2875, 6.67874, 7.3]},
			"faces": {
				"north": {"uv": [2.5, 7.75, 2.625, 8], "texture": "#1"},
				"east": {"uv": [7.75, 2.5, 7.875, 2.75], "texture": "#1"},
				"south": {"uv": [2.75, 7.75, 2.875, 8], "texture": "#1"},
				"west": {"uv": [7.75, 2.75, 7.875, 3], "texture": "#1"},
				"up": {"uv": [2.875, 9.125, 2.75, 9], "texture": "#1"},
				"down": {"uv": [9.125, 2.75, 9, 2.875], "texture": "#1"}
			}
		},
		{
			"from": [7.2125, 7.34894, 8.89295],
			"to": [7.4875, 8.34894, 9.09295],
			"rotation": {"angle": -22.5, "axis": "x", "origin": [7.2875, 6.67874, 7.3]},
			"faces": {
				"north": {"uv": [3, 7.75, 3.125, 8], "texture": "#1"},
				"east": {"uv": [3.25, 7.75, 3.375, 8], "texture": "#1"},
				"south": {"uv": [3.5, 7.75, 3.625, 8], "texture": "#1"},
				"west": {"uv": [7.75, 3.5, 7.875, 3.75], "texture": "#1"},
				"up": {"uv": [3.125, 9.125, 3, 9], "texture": "#1"},
				"down": {"uv": [9.125, 3, 9, 3.125], "texture": "#1"}
			}
		},
		{
			"from": [7.2125, 6.8847, 7.79952],
			"to": [7.4875, 7.8847, 7.99952],
			"rotation": {"angle": -22.5, "axis": "x", "origin": [7.2875, 6.67874, 7.3]},
			"faces": {
				"north": {"uv": [3.75, 7.75, 3.875, 8], "texture": "#1"},
				"east": {"uv": [7.75, 3.75, 7.875, 4], "texture": "#1"},
				"south": {"uv": [4.25, 7.75, 4.375, 8], "texture": "#1"},
				"west": {"uv": [7.75, 4.25, 7.875, 4.5], "texture": "#1"},
				"up": {"uv": [3.375, 9.125, 3.25, 9], "texture": "#1"},
				"down": {"uv": [9.125, 3.25, 9, 3.375], "texture": "#1"}
			}
		},
		{
			"from": [7.2125, 6.31901, 7.44901],
			"to": [7.4875, 7.31901, 7.64901],
			"rotation": {"angle": 22.5, "axis": "x", "origin": [7.2875, 6.67874, 7.3]},
			"faces": {
				"north": {"uv": [4.5, 7.75, 4.625, 8], "texture": "#1"},
				"east": {"uv": [7.75, 4.5, 7.875, 4.75], "texture": "#1"},
				"south": {"uv": [4.75, 7.75, 4.875, 8], "texture": "#1"},
				"west": {"uv": [7.75, 4.75, 7.875, 5], "texture": "#1"},
				"up": {"uv": [3.625, 9.125, 3.5, 9], "texture": "#1"},
				"down": {"uv": [9.125, 3.5, 9, 3.625], "texture": "#1"}
			}
		},
		{
			"from": [7.2125, 7.42045, 7.89391],
			"to": [7.4875, 8.42045, 8.09391],
			"rotation": {"angle": 22.5, "axis": "x", "origin": [7.2875, 6.67874, 7.3]},
			"faces": {
				"north": {"uv": [5, 7.75, 5.125, 8], "texture": "#1"},
				"east": {"uv": [7.75, 5, 7.875, 5.25], "texture": "#1"},
				"south": {"uv": [7.75, 5.25, 7.875, 5.5], "texture": "#1"},
				"west": {"uv": [5.5, 7.75, 5.625, 8], "texture": "#1"},
				"up": {"uv": [3.875, 9.125, 3.75, 9], "texture": "#1"},
				"down": {"uv": [9.125, 3.75, 9, 3.875], "texture": "#1"}
			}
		},
		{
			"from": [7.2125, 5.78325, 8.24443],
			"to": [7.4875, 6.78325, 8.44443],
			"rotation": {"angle": -22.5, "axis": "x", "origin": [7.2875, 6.67874, 7.3]},
			"faces": {
				"north": {"uv": [7.75, 5.5, 7.875, 5.75], "texture": "#1"},
				"east": {"uv": [5.75, 7.75, 5.875, 8], "texture": "#1"},
				"south": {"uv": [7.75, 5.75, 7.875, 6], "texture": "#1"},
				"west": {"uv": [6, 7.75, 6.125, 8], "texture": "#1"},
				"up": {"uv": [4.125, 9.125, 4, 9], "texture": "#1"},
				"down": {"uv": [9.125, 4, 9, 4.125], "texture": "#1"}
			}
		},
		{
			"from": [7.2125, 9.70838, 7.44901],
			"to": [7.4875, 10.70838, 7.64901],
			"rotation": {"angle": 22.5, "axis": "x", "origin": [7.2875, 10.06811, 7.3]},
			"faces": {
				"north": {"uv": [7.75, 6, 7.875, 6.25], "texture": "#1"},
				"east": {"uv": [6.25, 7.75, 6.375, 8], "texture": "#1"},
				"south": {"uv": [7.75, 6.25, 7.875, 6.5], "texture": "#1"},
				"west": {"uv": [6.5, 7.75, 6.625, 8], "texture": "#1"},
				"up": {"uv": [4.375, 9.125, 4.25, 9], "texture": "#1"},
				"down": {"uv": [9.125, 4.25, 9, 4.375], "texture": "#1"}
			}
		},
		{
			"from": [7.2125, 10.27407, 7.79952],
			"to": [7.4875, 11.27407, 7.99952],
			"rotation": {"angle": -22.5, "axis": "x", "origin": [7.2875, 10.06811, 7.3]},
			"faces": {
				"north": {"uv": [7.75, 6.5, 7.875, 6.75], "texture": "#1"},
				"east": {"uv": [6.75, 7.75, 6.875, 8], "texture": "#1"},
				"south": {"uv": [7.75, 6.75, 7.875, 7], "texture": "#1"},
				"west": {"uv": [7, 7.75, 7.125, 8], "texture": "#1"},
				"up": {"uv": [4.625, 9.125, 4.5, 9], "texture": "#1"},
				"down": {"uv": [9.125, 4.5, 9, 4.625], "texture": "#1"}
			}
		},
		{
			"from": [7.2125, 11.27407, 6.80048],
			"to": [7.4875, 12.27407, 7.00048],
			"rotation": {"angle": 22.5, "axis": "x", "origin": [7.2875, 10.06811, 7.3]},
			"faces": {
				"north": {"uv": [7.75, 7, 7.875, 7.25], "texture": "#1"},
				"east": {"uv": [7.25, 7.75, 7.375, 8], "texture": "#1"},
				"south": {"uv": [7.75, 7.25, 7.875, 7.5], "texture": "#1"},
				"west": {"uv": [7.5, 7.75, 7.625, 8], "texture": "#1"},
				"up": {"uv": [4.875, 9.125, 4.75, 9], "texture": "#1"},
				"down": {"uv": [9.125, 4.75, 9, 4.875], "texture": "#1"}
			}
		},
		{
			"from": [7.2125, 11.83975, 8.44805],
			"to": [7.4875, 12.83975, 8.64805],
			"rotation": {"angle": -22.5, "axis": "x", "origin": [7.2875, 10.06811, 7.3]},
			"faces": {
				"north": {"uv": [7.75, 7.5, 7.875, 7.75], "texture": "#1"},
				"east": {"uv": [7.75, 7.75, 7.875, 8], "texture": "#1"},
				"south": {"uv": [0, 8, 0.125, 8.25], "texture": "#1"},
				"west": {"uv": [8, 0, 8.125, 0.25], "texture": "#1"},
				"up": {"uv": [5.125, 9.125, 5, 9], "texture": "#1"},
				"down": {"uv": [9.125, 5, 9, 5.125], "texture": "#1"}
			}
		},
		{
			"from": [7.2125, 12.37551, 7.24538],
			"to": [7.4875, 13.37551, 7.44538],
			"rotation": {"angle": 22.5, "axis": "x", "origin": [7.2875, 10.06811, 7.3]},
			"faces": {
				"north": {"uv": [0.25, 8, 0.375, 8.25], "texture": "#1"},
				"east": {"uv": [8, 0.25, 8.125, 0.5], "texture": "#1"},
				"south": {"uv": [0.5, 8, 0.625, 8.25], "texture": "#1"},
				"west": {"uv": [8, 0.5, 8.125, 0.75], "texture": "#1"},
				"up": {"uv": [5.375, 9.125, 5.25, 9], "texture": "#1"},
				"down": {"uv": [9.125, 5.25, 9, 5.375], "texture": "#1"}
			}
		},
		{
			"from": [7.2125, 10.73831, 8.89295],
			"to": [7.4875, 11.73831, 9.09295],
			"rotation": {"angle": -22.5, "axis": "x", "origin": [7.2875, 10.06811, 7.3]},
			"faces": {
				"north": {"uv": [0.75, 8, 0.875, 8.25], "texture": "#1"},
				"east": {"uv": [8, 0.75, 8.125, 1], "texture": "#1"},
				"south": {"uv": [1, 8, 1.125, 8.25], "texture": "#1"},
				"west": {"uv": [8, 1, 8.125, 1.25], "texture": "#1"},
				"up": {"uv": [5.625, 9.125, 5.5, 9], "texture": "#1"},
				"down": {"uv": [9.125, 5.5, 9, 5.625], "texture": "#1"}
			}
		},
		{
			"from": [8.5, 4.6, 8.5],
			"to": [8.8, 12.79469, 8.8],
			"rotation": {"angle": 0, "axis": "y", "origin": [8.7, 2.9, 8.7]},
			"faces": {
				"north": {"uv": [5.5, 1.5, 5.625, 3.5], "texture": "#1"},
				"east": {"uv": [4, 5.5, 4.125, 7.5], "texture": "#1"},
				"south": {"uv": [4.25, 5.5, 4.375, 7.5], "texture": "#1"},
				"west": {"uv": [4.5, 5.5, 4.625, 7.5], "texture": "#1"},
				"up": {"uv": [5.875, 9.125, 5.75, 9], "texture": "#1"},
				"down": {"uv": [9.125, 5.75, 9, 5.875], "texture": "#1"}
			}
		},
		{
			"from": [7.2, 4.6, 8.5],
			"to": [7.5, 12.79469, 8.8],
			"rotation": {"angle": 0, "axis": "y", "origin": [7.3, 2.9, 8.7]},
			"faces": {
				"north": {"uv": [5.25, 5.5, 5.375, 7.5], "texture": "#1"},
				"east": {"uv": [5.5, 5.5, 5.625, 7.5], "texture": "#1"},
				"south": {"uv": [5.75, 0.5, 5.875, 2.5], "texture": "#1"},
				"west": {"uv": [2, 5.75, 2.125, 7.75], "texture": "#1"},
				"up": {"uv": [6.125, 9.125, 6, 9], "texture": "#1"},
				"down": {"uv": [9.125, 6, 9, 6.125], "texture": "#1"}
			}
		},
		{
			"from": [7.2, 4.6, 7.2],
			"to": [7.5, 12.79469, 7.5],
			"rotation": {"angle": 0, "axis": "y", "origin": [7.3, 2.9, 7.3]},
			"faces": {
				"north": {"uv": [2.25, 5.75, 2.375, 7.75], "texture": "#1"},
				"east": {"uv": [2.5, 5.75, 2.625, 7.75], "texture": "#1"},
				"south": {"uv": [5.75, 2.5, 5.875, 4.5], "texture": "#1"},
				"west": {"uv": [2.75, 5.75, 2.875, 7.75], "texture": "#1"},
				"up": {"uv": [6.375, 9.125, 6.25, 9], "texture": "#1"},
				"down": {"uv": [9.125, 6.25, 9, 6.375], "texture": "#1"}
			}
		},
		{
			"from": [8.5, 4.6, 7.2],
			"to": [8.8, 12.79469, 7.5],
			"rotation": {"angle": 0, "axis": "y", "origin": [8.7, 2.9, 7.3]},
			"faces": {
				"north": {"uv": [3, 5.75, 3.125, 7.75], "texture": "#1"},
				"east": {"uv": [3.25, 5.75, 3.375, 7.75], "texture": "#1"},
				"south": {"uv": [5.75, 4.5, 5.875, 6.5], "texture": "#1"},
				"west": {"uv": [4.75, 5.75, 4.875, 7.75], "texture": "#1"},
				"up": {"uv": [6.625, 9.125, 6.5, 9], "texture": "#1"},
				"down": {"uv": [9.125, 6.5, 9, 6.625], "texture": "#1"}
			}
		},
		{
			"from": [8.5, 12.433, 8.89295],
			"to": [8.7, 13.433, 9.09295],
			"rotation": {"angle": -22.5, "axis": "x", "origin": [8.7, 11.7628, 7.3]},
			"faces": {
				"north": {"uv": [1.25, 8, 1.375, 8.25], "texture": "#1"},
				"east": {"uv": [8, 1.25, 8.125, 1.5], "texture": "#1"},
				"south": {"uv": [1.5, 8, 1.625, 8.25], "texture": "#1"},
				"west": {"uv": [8, 1.5, 8.125, 1.75], "texture": "#1"},
				"up": {"uv": [6.875, 9.125, 6.75, 9], "texture": "#1"},
				"down": {"uv": [9.125, 6.75, 9, 6.875], "texture": "#1"}
			}
		},
		{
			"from": [7.2125, 10.80982, 7.89391],
			"to": [7.4875, 11.80982, 8.09391],
			"rotation": {"angle": 22.5, "axis": "x", "origin": [7.2875, 10.06811, 7.3]},
			"faces": {
				"north": {"uv": [1.75, 8, 1.875, 8.25], "texture": "#1"},
				"east": {"uv": [8, 1.75, 8.125, 2], "texture": "#1"},
				"south": {"uv": [2, 8, 2.125, 8.25], "texture": "#1"},
				"west": {"uv": [8, 2, 8.125, 2.25], "texture": "#1"},
				"up": {"uv": [7.125, 9.125, 7, 9], "texture": "#1"},
				"down": {"uv": [9.125, 7, 9, 7.125], "texture": "#1"}
			}
		},
		{
			"from": [7.2125, 9.17262, 8.24443],
			"to": [7.4875, 10.17262, 8.44443],
			"rotation": {"angle": -22.5, "axis": "x", "origin": [7.2875, 10.06811, 7.3]},
			"faces": {
				"north": {"uv": [2.25, 8, 2.375, 8.25], "texture": "#1"},
				"east": {"uv": [8, 2.25, 8.125, 2.5], "texture": "#1"},
				"south": {"uv": [2.5, 8, 2.625, 8.25], "texture": "#1"},
				"west": {"uv": [8, 2.5, 8.125, 2.75], "texture": "#1"},
				"up": {"uv": [7.375, 9.125, 7.25, 9], "texture": "#1"},
				"down": {"uv": [9.125, 7.25, 9, 7.375], "texture": "#1"}
			}
		},
		{
			"from": [8.5125, 4.57145, 7.18316],
			"to": [8.7875, 5.57145, 7.38316],
			"rotation": {"angle": 22.5, "axis": "x", "origin": [8.6875, 4.28937, 7.3]},
			"faces": {
				"north": {"uv": [2.75, 8, 2.875, 8.25], "texture": "#1"},
				"east": {"uv": [8, 2.75, 8.125, 3], "texture": "#1"},
				"south": {"uv": [3, 8, 3.125, 8.25], "texture": "#1"},
				"west": {"uv": [8, 3, 8.125, 3.25], "texture": "#1"},
				"up": {"uv": [7.625, 9.125, 7.5, 9], "texture": "#1"},
				"down": {"uv": [9.125, 7.5, 9, 7.625], "texture": "#1"}
			}
		},
		{
			"from": [8.5125, 4.03569, 8.51027],
			"to": [8.7875, 5.03569, 8.71027],
			"rotation": {"angle": -22.5, "axis": "x", "origin": [8.6875, 4.28937, 7.3]},
			"faces": {
				"north": {"uv": [3.25, 8, 3.375, 8.25], "texture": "#1"},
				"east": {"uv": [8, 3.25, 8.125, 3.5], "texture": "#1"},
				"south": {"uv": [3.5, 8, 3.625, 8.25], "texture": "#1"},
				"west": {"uv": [8, 3.5, 8.125, 3.75], "texture": "#1"},
				"up": {"uv": [7.875, 9.125, 7.75, 9], "texture": "#1"},
				"down": {"uv": [9.125, 7.75, 9, 7.875], "texture": "#1"}
			}
		},
		{
			"from": [8.5125, 5.13713, 8.06537],
			"to": [8.7875, 6.13713, 8.26537],
			"rotation": {"angle": -22.5, "axis": "x", "origin": [8.6875, 4.28937, 7.3]},
			"faces": {
				"north": {"uv": [3.75, 8, 3.875, 8.25], "texture": "#1"},
				"east": {"uv": [8, 3.75, 8.125, 4], "texture": "#1"},
				"south": {"uv": [4, 8, 4.125, 8.25], "texture": "#1"},
				"west": {"uv": [8, 4, 8.125, 4.25], "texture": "#1"},
				"up": {"uv": [8.125, 9.125, 8, 9], "texture": "#1"},
				"down": {"uv": [9.125, 8, 9, 8.125], "texture": "#1"}
			}
		},
		{
			"from": [8.5125, 6.31901, 7.44901],
			"to": [8.7875, 7.31901, 7.64901],
			"rotation": {"angle": 22.5, "axis": "x", "origin": [8.6875, 6.67874, 7.3]},
			"faces": {
				"north": {"uv": [4.25, 8, 4.375, 8.25], "texture": "#1"},
				"east": {"uv": [8, 4.25, 8.125, 4.5], "texture": "#1"},
				"south": {"uv": [4.5, 8, 4.625, 8.25], "texture": "#1"},
				"west": {"uv": [8, 4.5, 8.125, 4.75], "texture": "#1"},
				"up": {"uv": [8.375, 9.125, 8.25, 9], "texture": "#1"},
				"down": {"uv": [9.125, 8.25, 9, 8.375], "texture": "#1"}
			}
		},
		{
			"from": [8.5125, 6.8847, 7.79952],
			"to": [8.7875, 7.8847, 7.99952],
			"rotation": {"angle": -22.5, "axis": "x", "origin": [8.6875, 6.67874, 7.3]},
			"faces": {
				"north": {"uv": [4.75, 8, 4.875, 8.25], "texture": "#1"},
				"east": {"uv": [8, 4.75, 8.125, 5], "texture": "#1"},
				"south": {"uv": [5, 8, 5.125, 8.25], "texture": "#1"},
				"west": {"uv": [8, 5, 8.125, 5.25], "texture": "#1"},
				"up": {"uv": [8.625, 9.125, 8.5, 9], "texture": "#1"},
				"down": {"uv": [9.125, 8.5, 9, 8.625], "texture": "#1"}
			}
		},
		{
			"from": [8.5125, 7.8847, 6.80048],
			"to": [8.7875, 8.8847, 7.00048],
			"rotation": {"angle": 22.5, "axis": "x", "origin": [8.6875, 6.67874, 7.3]},
			"faces": {
				"north": {"uv": [5.25, 8, 5.375, 8.25], "texture": "#1"},
				"east": {"uv": [8, 5.25, 8.125, 5.5], "texture": "#1"},
				"south": {"uv": [5.5, 8, 5.625, 8.25], "texture": "#1"},
				"west": {"uv": [8, 5.5, 8.125, 5.75], "texture": "#1"},
				"up": {"uv": [8.875, 9.125, 8.75, 9], "texture": "#1"},
				"down": {"uv": [9.125, 8.75, 9, 8.875], "texture": "#1"}
			}
		},
		{
			"from": [8.5125, 7.34894, 8.89295],
			"to": [8.7875, 8.34894, 9.09295],
			"rotation": {"angle": -22.5, "axis": "x", "origin": [8.6875, 6.67874, 7.3]},
			"faces": {
				"north": {"uv": [5.75, 8, 5.875, 8.25], "texture": "#1"},
				"east": {"uv": [8, 5.75, 8.125, 6], "texture": "#1"},
				"south": {"uv": [6, 8, 6.125, 8.25], "texture": "#1"},
				"west": {"uv": [8, 6, 8.125, 6.25], "texture": "#1"},
				"up": {"uv": [9.125, 9.125, 9, 9], "texture": "#1"},
				"down": {"uv": [0.125, 9.25, 0, 9.375], "texture": "#1"}
			}
		},
		{
			"from": [8.5125, 7.42045, 7.89391],
			"to": [8.7875, 8.42045, 8.09391],
			"rotation": {"angle": 22.5, "axis": "x", "origin": [8.6875, 6.67874, 7.3]},
			"faces": {
				"north": {"uv": [6.25, 8, 6.375, 8.25], "texture": "#1"},
				"east": {"uv": [8, 6.25, 8.125, 6.5], "texture": "#1"},
				"south": {"uv": [6.5, 8, 6.625, 8.25], "texture": "#1"},
				"west": {"uv": [8, 6.5, 8.125, 6.75], "texture": "#1"},
				"up": {"uv": [9.375, 0.125, 9.25, 0], "texture": "#1"},
				"down": {"uv": [0.375, 9.25, 0.25, 9.375], "texture": "#1"}
			}
		},
		{
			"from": [8.5125, 5.78325, 8.24443],
			"to": [8.7875, 6.78325, 8.44443],
			"rotation": {"angle": -22.5, "axis": "x", "origin": [8.6875, 6.67874, 7.3]},
			"faces": {
				"north": {"uv": [6.75, 8, 6.875, 8.25], "texture": "#1"},
				"east": {"uv": [8, 6.75, 8.125, 7], "texture": "#1"},
				"south": {"uv": [7, 8, 7.125, 8.25], "texture": "#1"},
				"west": {"uv": [8, 7, 8.125, 7.25], "texture": "#1"},
				"up": {"uv": [9.375, 0.375, 9.25, 0.25], "texture": "#1"},
				"down": {"uv": [0.625, 9.25, 0.5, 9.375], "texture": "#1"}
			}
		},
		{
			"from": [8.5125, 5.67289, 7.62806],
			"to": [8.7875, 6.67289, 7.82806],
			"rotation": {"angle": 22.5, "axis": "x", "origin": [8.6875, 4.28937, 7.3]},
			"faces": {
				"north": {"uv": [7.25, 8, 7.375, 8.25], "texture": "#1"},
				"east": {"uv": [8, 7.25, 8.125, 7.5], "texture": "#1"},
				"south": {"uv": [7.5, 8, 7.625, 8.25], "texture": "#1"},
				"west": {"uv": [8, 7.5, 8.125, 7.75], "texture": "#1"},
				"up": {"uv": [9.375, 0.625, 9.25, 0.5], "texture": "#1"},
				"down": {"uv": [0.875, 9.25, 0.75, 9.375], "texture": "#1"}
			}
		},
		{
			"from": [8.5125, 8.98614, 7.24538],
			"to": [8.7875, 9.98614, 7.44538],
			"rotation": {"angle": 22.5, "axis": "x", "origin": [8.6875, 6.67874, 7.3]},
			"faces": {
				"north": {"uv": [7.75, 8, 7.875, 8.25], "texture": "#1"},
				"east": {"uv": [8, 7.75, 8.125, 8], "texture": "#1"},
				"south": {"uv": [8, 8, 8.125, 8.25], "texture": "#1"},
				"west": {"uv": [0, 8.25, 0.125, 8.5], "texture": "#1"},
				"up": {"uv": [9.375, 0.875, 9.25, 0.75], "texture": "#1"},
				"down": {"uv": [1.125, 9.25, 1, 9.375], "texture": "#1"}
			}
		},
		{
			"from": [8.5125, 9.17262, 8.24443],
			"to": [8.7875, 10.17262, 8.44443],
			"rotation": {"angle": -22.5, "axis": "x", "origin": [8.6875, 10.06811, 7.3]},
			"faces": {
				"north": {"uv": [8.25, 0, 8.375, 0.25], "texture": "#1"},
				"east": {"uv": [0.25, 8.25, 0.375, 8.5], "texture": "#1"},
				"south": {"uv": [8.25, 0.25, 8.375, 0.5], "texture": "#1"},
				"west": {"uv": [0.5, 8.25, 0.625, 8.5], "texture": "#1"},
				"up": {"uv": [9.375, 1.125, 9.25, 1], "texture": "#1"},
				"down": {"uv": [1.375, 9.25, 1.25, 9.375], "texture": "#1"}
			}
		},
		{
			"from": [8.5125, 9.70838, 7.44901],
			"to": [8.7875, 10.70838, 7.64901],
			"rotation": {"angle": 22.5, "axis": "x", "origin": [8.6875, 10.06811, 7.3]},
			"faces": {
				"north": {"uv": [8.25, 0.5, 8.375, 0.75], "texture": "#1"},
				"east": {"uv": [0.75, 8.25, 0.875, 8.5], "texture": "#1"},
				"south": {"uv": [8.25, 0.75, 8.375, 1], "texture": "#1"},
				"west": {"uv": [1, 8.25, 1.125, 8.5], "texture": "#1"},
				"up": {"uv": [9.375, 1.375, 9.25, 1.25], "texture": "#1"},
				"down": {"uv": [1.625, 9.25, 1.5, 9.375], "texture": "#1"}
			}
		},
		{
			"from": [8.5125, 8.45038, 8.44805],
			"to": [8.7875, 9.45038, 8.64805],
			"rotation": {"angle": -22.5, "axis": "x", "origin": [8.6875, 6.67874, 7.3]},
			"faces": {
				"north": {"uv": [8.25, 1, 8.375, 1.25], "texture": "#1"},
				"east": {"uv": [1.25, 8.25, 1.375, 8.5], "texture": "#1"},
				"south": {"uv": [8.25, 1.25, 8.375, 1.5], "texture": "#1"},
				"west": {"uv": [1.5, 8.25, 1.625, 8.5], "texture": "#1"},
				"up": {"uv": [9.375, 1.625, 9.25, 1.5], "texture": "#1"},
				"down": {"uv": [1.875, 9.25, 1.75, 9.375], "texture": "#1"}
			}
		},
		{
			"from": [8.5125, 10.27407, 7.79952],
			"to": [8.7875, 11.27407, 7.99952],
			"rotation": {"angle": -22.5, "axis": "x", "origin": [8.6875, 10.06811, 7.3]},
			"faces": {
				"north": {"uv": [8.25, 1.5, 8.375, 1.75], "texture": "#1"},
				"east": {"uv": [1.75, 8.25, 1.875, 8.5], "texture": "#1"},
				"south": {"uv": [8.25, 1.75, 8.375, 2], "texture": "#1"},
				"west": {"uv": [2, 8.25, 2.125, 8.5], "texture": "#1"},
				"up": {"uv": [9.375, 1.875, 9.25, 1.75], "texture": "#1"},
				"down": {"uv": [2.125, 9.25, 2, 9.375], "texture": "#1"}
			}
		},
		{
			"from": [8.5125, 11.27407, 6.80048],
			"to": [8.7875, 12.27407, 7.00048],
			"rotation": {"angle": 22.5, "axis": "x", "origin": [8.6875, 10.06811, 7.3]},
			"faces": {
				"north": {"uv": [8.25, 2, 8.375, 2.25], "texture": "#1"},
				"east": {"uv": [2.25, 8.25, 2.375, 8.5], "texture": "#1"},
				"south": {"uv": [8.25, 2.25, 8.375, 2.5], "texture": "#1"},
				"west": {"uv": [2.5, 8.25, 2.625, 8.5], "texture": "#1"},
				"up": {"uv": [9.375, 2.125, 9.25, 2], "texture": "#1"},
				"down": {"uv": [2.375, 9.25, 2.25, 9.375], "texture": "#1"}
			}
		},
		{
			"from": [8.5125, 10.73831, 8.89295],
			"to": [8.7875, 11.73831, 9.09295],
			"rotation": {"angle": -22.5, "axis": "x", "origin": [8.6875, 10.06811, 7.3]},
			"faces": {
				"north": {"uv": [8.25, 2.5, 8.375, 2.75], "texture": "#1"},
				"east": {"uv": [2.75, 8.25, 2.875, 8.5], "texture": "#1"},
				"south": {"uv": [8.25, 2.75, 8.375, 3], "texture": "#1"},
				"west": {"uv": [3, 8.25, 3.125, 8.5], "texture": "#1"},
				"up": {"uv": [9.375, 2.375, 9.25, 2.25], "texture": "#1"},
				"down": {"uv": [2.625, 9.25, 2.5, 9.375], "texture": "#1"}
			}
		},
		{
			"from": [8.5125, 10.80982, 7.89391],
			"to": [8.7875, 11.80982, 8.09391],
			"rotation": {"angle": 22.5, "axis": "x", "origin": [8.6875, 10.06811, 7.3]},
			"faces": {
				"north": {"uv": [8.25, 3, 8.375, 3.25], "texture": "#1"},
				"east": {"uv": [3.25, 8.25, 3.375, 8.5], "texture": "#1"},
				"south": {"uv": [8.25, 3.25, 8.375, 3.5], "texture": "#1"},
				"west": {"uv": [3.5, 8.25, 3.625, 8.5], "texture": "#1"},
				"up": {"uv": [9.375, 2.625, 9.25, 2.5], "texture": "#1"},
				"down": {"uv": [2.875, 9.25, 2.75, 9.375], "texture": "#1"}
			}
		},
		{
			"from": [8.5125, 12.37551, 7.24538],
			"to": [8.7875, 13.37551, 7.44538],
			"rotation": {"angle": 22.5, "axis": "x", "origin": [8.6875, 10.06811, 7.3]},
			"faces": {
				"north": {"uv": [8.25, 3.5, 8.375, 3.75], "texture": "#1"},
				"east": {"uv": [3.75, 8.25, 3.875, 8.5], "texture": "#1"},
				"south": {"uv": [8.25, 3.75, 8.375, 4], "texture": "#1"},
				"west": {"uv": [4, 8.25, 4.125, 8.5], "texture": "#1"},
				"up": {"uv": [9.375, 2.875, 9.25, 2.75], "texture": "#1"},
				"down": {"uv": [3.125, 9.25, 3, 9.375], "texture": "#1"}
			}
		},
		{
			"from": [8.5125, 11.83975, 8.44805],
			"to": [8.7875, 12.83975, 8.64805],
			"rotation": {"angle": -22.5, "axis": "x", "origin": [8.6875, 10.06811, 7.3]},
			"faces": {
				"north": {"uv": [8.25, 4, 8.375, 4.25], "texture": "#1"},
				"east": {"uv": [4.25, 8.25, 4.375, 8.5], "texture": "#1"},
				"south": {"uv": [8.25, 4.25, 8.375, 4.5], "texture": "#1"},
				"west": {"uv": [4.5, 8.25, 4.625, 8.5], "texture": "#1"},
				"up": {"uv": [9.375, 3.125, 9.25, 3], "texture": "#1"},
				"down": {"uv": [3.375, 9.25, 3.25, 9.375], "texture": "#1"}
			}
		},
		{
			"from": [8.61684, 4.57145, 7.2125],
			"to": [8.81684, 5.57145, 7.4875],
			"rotation": {"angle": 22.5, "axis": "z", "origin": [8.7, 4.28937, 7.2875]},
			"faces": {
				"north": {"uv": [8.25, 4.5, 8.375, 4.75], "texture": "#1"},
				"east": {"uv": [4.75, 8.25, 4.875, 8.5], "texture": "#1"},
				"south": {"uv": [8.25, 4.75, 8.375, 5], "texture": "#1"},
				"west": {"uv": [5, 8.25, 5.125, 8.5], "texture": "#1"},
				"up": {"uv": [9.375, 3.375, 9.25, 3.25], "texture": "#1"},
				"down": {"uv": [3.625, 9.25, 3.5, 9.375], "texture": "#1"}
			}
		},
		{
			"from": [7.28973, 4.03569, 7.2125],
			"to": [7.48973, 5.03569, 7.4875],
			"rotation": {"angle": -22.5, "axis": "z", "origin": [8.7, 4.28937, 7.2875]},
			"faces": {
				"north": {"uv": [8.25, 5, 8.375, 5.25], "texture": "#1"},
				"east": {"uv": [5.25, 8.25, 5.375, 8.5], "texture": "#1"},
				"south": {"uv": [8.25, 5.25, 8.375, 5.5], "texture": "#1"},
				"west": {"uv": [5.5, 8.25, 5.625, 8.5], "texture": "#1"},
				"up": {"uv": [9.375, 3.625, 9.25, 3.5], "texture": "#1"},
				"down": {"uv": [3.875, 9.25, 3.75, 9.375], "texture": "#1"}
			}
		},
		{
			"from": [8.17194, 5.67289, 7.2125],
			"to": [8.37194, 6.67289, 7.4875],
			"rotation": {"angle": 22.5, "axis": "z", "origin": [8.7, 4.28937, 7.2875]},
			"faces": {
				"north": {"uv": [8.25, 5.5, 8.375, 5.75], "texture": "#1"},
				"east": {"uv": [5.75, 8.25, 5.875, 8.5], "texture": "#1"},
				"south": {"uv": [8.25, 5.75, 8.375, 6], "texture": "#1"},
				"west": {"uv": [6, 8.25, 6.125, 8.5], "texture": "#1"},
				"up": {"uv": [9.375, 3.875, 9.25, 3.75], "texture": "#1"},
				"down": {"uv": [4.125, 9.25, 4, 9.375], "texture": "#1"}
			}
		},
		{
			"from": [7.73463, 5.13713, 7.2125],
			"to": [7.93463, 6.13713, 7.4875],
			"rotation": {"angle": -22.5, "axis": "z", "origin": [8.7, 4.28937, 7.2875]},
			"faces": {
				"north": {"uv": [8.25, 6, 8.375, 6.25], "texture": "#1"},
				"east": {"uv": [6.25, 8.25, 6.375, 8.5], "texture": "#1"},
				"south": {"uv": [8.25, 6.25, 8.375, 6.5], "texture": "#1"},
				"west": {"uv": [6.5, 8.25, 6.625, 8.5], "texture": "#1"},
				"up": {"uv": [9.375, 4.125, 9.25, 4], "texture": "#1"},
				"down": {"uv": [4.375, 9.25, 4.25, 9.375], "texture": "#1"}
			}
		},
		{
			"from": [7.55557, 5.78325, 7.2125],
			"to": [7.75557, 6.78325, 7.4875],
			"rotation": {"angle": -22.5, "axis": "z", "origin": [8.7, 6.67874, 7.2875]},
			"faces": {
				"north": {"uv": [8.25, 6.5, 8.375, 6.75], "texture": "#1"},
				"east": {"uv": [6.75, 8.25, 6.875, 8.5], "texture": "#1"},
				"south": {"uv": [8.25, 6.75, 8.375, 7], "texture": "#1"},
				"west": {"uv": [7, 8.25, 7.125, 8.5], "texture": "#1"},
				"up": {"uv": [9.375, 4.375, 9.25, 4.25], "texture": "#1"},
				"down": {"uv": [4.625, 9.25, 4.5, 9.375], "texture": "#1"}
			}
		},
		{
			"from": [7.90609, 7.42045, 7.2125],
			"to": [8.10609, 8.42045, 7.4875],
			"rotation": {"angle": 22.5, "axis": "z", "origin": [8.7, 6.67874, 7.2875]},
			"faces": {
				"north": {"uv": [8.25, 7, 8.375, 7.25], "texture": "#1"},
				"east": {"uv": [7.25, 8.25, 7.375, 8.5], "texture": "#1"},
				"south": {"uv": [8.25, 7.25, 8.375, 7.5], "texture": "#1"},
				"west": {"uv": [7.5, 8.25, 7.625, 8.5], "texture": "#1"},
				"up": {"uv": [9.375, 4.625, 9.25, 4.5], "texture": "#1"},
				"down": {"uv": [4.875, 9.25, 4.75, 9.375], "texture": "#1"}
			}
		},
		{
			"from": [8.35099, 6.31901, 7.2125],
			"to": [8.55099, 7.31901, 7.4875],
			"rotation": {"angle": 22.5, "axis": "z", "origin": [8.7, 6.67874, 7.2875]},
			"faces": {
				"north": {"uv": [8.25, 7.5, 8.375, 7.75], "texture": "#1"},
				"east": {"uv": [7.75, 8.25, 7.875, 8.5], "texture": "#1"},
				"south": {"uv": [8.25, 7.75, 8.375, 8], "texture": "#1"},
				"west": {"uv": [8, 8.25, 8.125, 8.5], "texture": "#1"},
				"up": {"uv": [9.375, 4.875, 9.25, 4.75], "texture": "#1"},
				"down": {"uv": [5.125, 9.25, 5, 9.375], "texture": "#1"}
			}
		},
		{
			"from": [8.00048, 6.8847, 7.2125],
			"to": [8.20048, 7.8847, 7.4875],
			"rotation": {"angle": -22.5, "axis": "z", "origin": [8.7, 6.67874, 7.2875]},
			"faces": {
				"north": {"uv": [8.25, 8, 8.375, 8.25], "texture": "#1"},
				"east": {"uv": [8.25, 8.25, 8.375, 8.5], "texture": "#1"},
				"south": {"uv": [0, 8.5, 0.125, 8.75], "texture": "#1"},
				"west": {"uv": [8.5, 0, 8.625, 0.25], "texture": "#1"},
				"up": {"uv": [9.375, 5.125, 9.25, 5], "texture": "#1"},
				"down": {"uv": [5.375, 9.25, 5.25, 9.375], "texture": "#1"}
			}
		},
		{
			"from": [6.90705, 7.34894, 7.2125],
			"to": [7.10705, 8.34894, 7.4875],
			"rotation": {"angle": -22.5, "axis": "z", "origin": [8.7, 6.67874, 7.2875]},
			"faces": {
				"north": {"uv": [0.25, 8.5, 0.375, 8.75], "texture": "#1"},
				"east": {"uv": [8.5, 0.25, 8.625, 0.5], "texture": "#1"},
				"south": {"uv": [0.5, 8.5, 0.625, 8.75], "texture": "#1"},
				"west": {"uv": [8.5, 0.5, 8.625, 0.75], "texture": "#1"},
				"up": {"uv": [9.375, 5.375, 9.25, 5.25], "texture": "#1"},
				"down": {"uv": [5.625, 9.25, 5.5, 9.375], "texture": "#1"}
			}
		},
		{
			"from": [8.55462, 8.98614, 7.2125],
			"to": [8.75462, 9.98614, 7.4875],
			"rotation": {"angle": 22.5, "axis": "z", "origin": [8.7, 6.67874, 7.2875]},
			"faces": {
				"north": {"uv": [0.75, 8.5, 0.875, 8.75], "texture": "#1"},
				"east": {"uv": [8.5, 0.75, 8.625, 1], "texture": "#1"},
				"south": {"uv": [1, 8.5, 1.125, 8.75], "texture": "#1"},
				"west": {"uv": [8.5, 1, 8.625, 1.25], "texture": "#1"},
				"up": {"uv": [9.375, 5.625, 9.25, 5.5], "texture": "#1"},
				"down": {"uv": [5.875, 9.25, 5.75, 9.375], "texture": "#1"}
			}
		},
		{
			"from": [7.35195, 8.45038, 7.2125],
			"to": [7.55195, 9.45038, 7.4875],
			"rotation": {"angle": -22.5, "axis": "z", "origin": [8.7, 6.67874, 7.2875]},
			"faces": {
				"north": {"uv": [1.25, 8.5, 1.375, 8.75], "texture": "#1"},
				"east": {"uv": [8.5, 1.25, 8.625, 1.5], "texture": "#1"},
				"south": {"uv": [1.5, 8.5, 1.625, 8.75], "texture": "#1"},
				"west": {"uv": [8.5, 1.5, 8.625, 1.75], "texture": "#1"},
				"up": {"uv": [9.375, 5.875, 9.25, 5.75], "texture": "#1"},
				"down": {"uv": [6.125, 9.25, 6, 9.375], "texture": "#1"}
			}
		},
		{
			"from": [8.99952, 7.8847, 7.2125],
			"to": [9.19952, 8.8847, 7.4875],
			"rotation": {"angle": 22.5, "axis": "z", "origin": [8.7, 6.67874, 7.2875]},
			"faces": {
				"north": {"uv": [1.75, 8.5, 1.875, 8.75], "texture": "#1"},
				"east": {"uv": [8.5, 1.75, 8.625, 2], "texture": "#1"},
				"south": {"uv": [2, 8.5, 2.125, 8.75], "texture": "#1"},
				"west": {"uv": [8.5, 2, 8.625, 2.25], "texture": "#1"},
				"up": {"uv": [9.375, 6.125, 9.25, 6], "texture": "#1"},
				"down": {"uv": [6.375, 9.25, 6.25, 9.375], "texture": "#1"}
			}
		},
		{
			"from": [7.55557, 9.17262, 7.2125],
			"to": [7.75557, 10.17262, 7.4875],
			"rotation": {"angle": -22.5, "axis": "z", "origin": [8.7, 10.06811, 7.2875]},
			"faces": {
				"north": {"uv": [2.25, 8.5, 2.375, 8.75], "texture": "#1"},
				"east": {"uv": [8.5, 2.25, 8.625, 2.5], "texture": "#1"},
				"south": {"uv": [2.5, 8.5, 2.625, 8.75], "texture": "#1"},
				"west": {"uv": [8.5, 2.5, 8.625, 2.75], "texture": "#1"},
				"up": {"uv": [9.375, 6.375, 9.25, 6.25], "texture": "#1"},
				"down": {"uv": [6.625, 9.25, 6.5, 9.375], "texture": "#1"}
			}
		},
		{
			"from": [7.90609, 10.80982, 7.2125],
			"to": [8.10609, 11.80982, 7.4875],
			"rotation": {"angle": 22.5, "axis": "z", "origin": [8.7, 10.06811, 7.2875]},
			"faces": {
				"north": {"uv": [2.75, 8.5, 2.875, 8.75], "texture": "#1"},
				"east": {"uv": [8.5, 2.75, 8.625, 3], "texture": "#1"},
				"south": {"uv": [3, 8.5, 3.125, 8.75], "texture": "#1"},
				"west": {"uv": [8.5, 3, 8.625, 3.25], "texture": "#1"},
				"up": {"uv": [9.375, 6.625, 9.25, 6.5], "texture": "#1"},
				"down": {"uv": [6.875, 9.25, 6.75, 9.375], "texture": "#1"}
			}
		},
		{
			"from": [6.90705, 10.73831, 7.2125],
			"to": [7.10705, 11.73831, 7.4875],
			"rotation": {"angle": -22.5, "axis": "z", "origin": [8.7, 10.06811, 7.2875]},
			"faces": {
				"north": {"uv": [3.25, 8.5, 3.375, 8.75], "texture": "#1"},
				"east": {"uv": [8.5, 3.25, 8.625, 3.5], "texture": "#1"},
				"south": {"uv": [3.5, 8.5, 3.625, 8.75], "texture": "#1"},
				"west": {"uv": [8.5, 3.5, 8.625, 3.75], "texture": "#1"},
				"up": {"uv": [9.375, 6.875, 9.25, 6.75], "texture": "#1"},
				"down": {"uv": [7.125, 9.25, 7, 9.375], "texture": "#1"}
			}
		},
		{
			"from": [8.55462, 12.37551, 7.2125],
			"to": [8.75462, 13.37551, 7.4875],
			"rotation": {"angle": 22.5, "axis": "z", "origin": [8.7, 10.06811, 7.2875]},
			"faces": {
				"north": {"uv": [3.75, 8.5, 3.875, 8.75], "texture": "#1"},
				"east": {"uv": [8.5, 3.75, 8.625, 4], "texture": "#1"},
				"south": {"uv": [4, 8.5, 4.125, 8.75], "texture": "#1"},
				"west": {"uv": [8.5, 4, 8.625, 4.25], "texture": "#1"},
				"up": {"uv": [9.375, 7.125, 9.25, 7], "texture": "#1"},
				"down": {"uv": [7.375, 9.25, 7.25, 9.375], "texture": "#1"}
			}
		},
		{
			"from": [7.35195, 11.83975, 7.2125],
			"to": [7.55195, 12.83975, 7.4875],
			"rotation": {"angle": -22.5, "axis": "z", "origin": [8.7, 10.06811, 7.2875]},
			"faces": {
				"north": {"uv": [4.25, 8.5, 4.375, 8.75], "texture": "#1"},
				"east": {"uv": [8.5, 4.25, 8.625, 4.5], "texture": "#1"},
				"south": {"uv": [4.5, 8.5, 4.625, 8.75], "texture": "#1"},
				"west": {"uv": [8.5, 4.5, 8.625, 4.75], "texture": "#1"},
				"up": {"uv": [9.375, 7.375, 9.25, 7.25], "texture": "#1"},
				"down": {"uv": [7.625, 9.25, 7.5, 9.375], "texture": "#1"}
			}
		},
		{
			"from": [8.99952, 11.27407, 7.2125],
			"to": [9.19952, 12.27407, 7.4875],
			"rotation": {"angle": 22.5, "axis": "z", "origin": [8.7, 10.06811, 7.2875]},
			"faces": {
				"north": {"uv": [4.75, 8.5, 4.875, 8.75], "texture": "#1"},
				"east": {"uv": [8.5, 4.75, 8.625, 5], "texture": "#1"},
				"south": {"uv": [5, 8.5, 5.125, 8.75], "texture": "#1"},
				"west": {"uv": [8.5, 5, 8.625, 5.25], "texture": "#1"},
				"up": {"uv": [9.375, 7.625, 9.25, 7.5], "texture": "#1"},
				"down": {"uv": [7.875, 9.25, 7.75, 9.375], "texture": "#1"}
			}
		},
		{
			"from": [8.00048, 10.27407, 7.2125],
			"to": [8.20048, 11.27407, 7.4875],
			"rotation": {"angle": -22.5, "axis": "z", "origin": [8.7, 10.06811, 7.2875]},
			"faces": {
				"north": {"uv": [5.25, 8.5, 5.375, 8.75], "texture": "#1"},
				"east": {"uv": [8.5, 5.25, 8.625, 5.5], "texture": "#1"},
				"south": {"uv": [5.5, 8.5, 5.625, 8.75], "texture": "#1"},
				"west": {"uv": [8.5, 5.5, 8.625, 5.75], "texture": "#1"},
				"up": {"uv": [9.375, 7.875, 9.25, 7.75], "texture": "#1"},
				"down": {"uv": [8.125, 9.25, 8, 9.375], "texture": "#1"}
			}
		},
		{
			"from": [8.35099, 9.70838, 7.2125],
			"to": [8.55099, 10.70838, 7.4875],
			"rotation": {"angle": 22.5, "axis": "z", "origin": [8.7, 10.06811, 7.2875]},
			"faces": {
				"north": {"uv": [5.75, 8.5, 5.875, 8.75], "texture": "#1"},
				"east": {"uv": [8.5, 5.75, 8.625, 6], "texture": "#1"},
				"south": {"uv": [6, 8.5, 6.125, 8.75], "texture": "#1"},
				"west": {"uv": [8.5, 6, 8.625, 6.25], "texture": "#1"},
				"up": {"uv": [9.375, 8.125, 9.25, 8], "texture": "#1"},
				"down": {"uv": [8.375, 9.25, 8.25, 9.375], "texture": "#1"}
			}
		},
		{
			"from": [7.35195, 11.83975, 8.5125],
			"to": [7.55195, 12.83975, 8.7875],
			"rotation": {"angle": -22.5, "axis": "z", "origin": [8.7, 10.06811, 8.6875]},
			"faces": {
				"north": {"uv": [6.25, 8.5, 6.375, 8.75], "texture": "#1"},
				"east": {"uv": [8.5, 6.25, 8.625, 6.5], "texture": "#1"},
				"south": {"uv": [6.5, 8.5, 6.625, 8.75], "texture": "#1"},
				"west": {"uv": [8.5, 6.5, 8.625, 6.75], "texture": "#1"},
				"up": {"uv": [9.375, 8.375, 9.25, 8.25], "texture": "#1"},
				"down": {"uv": [8.625, 9.25, 8.5, 9.375], "texture": "#1"}
			}
		},
		{
			"from": [8.55462, 12.37551, 8.5125],
			"to": [8.75462, 13.37551, 8.7875],
			"rotation": {"angle": 22.5, "axis": "z", "origin": [8.7, 10.06811, 8.6875]},
			"faces": {
				"north": {"uv": [6.75, 8.5, 6.875, 8.75], "texture": "#1"},
				"east": {"uv": [8.5, 6.75, 8.625, 7], "texture": "#1"},
				"south": {"uv": [7, 8.5, 7.125, 8.75], "texture": "#1"},
				"west": {"uv": [8.5, 7, 8.625, 7.25], "texture": "#1"},
				"up": {"uv": [9.375, 8.625, 9.25, 8.5], "texture": "#1"},
				"down": {"uv": [8.875, 9.25, 8.75, 9.375], "texture": "#1"}
			}
		},
		{
			"from": [7.90609, 10.80982, 8.5125],
			"to": [8.10609, 11.80982, 8.7875],
			"rotation": {"angle": 22.5, "axis": "z", "origin": [8.7, 10.06811, 8.6875]},
			"faces": {
				"north": {"uv": [7.25, 8.5, 7.375, 8.75], "texture": "#1"},
				"east": {"uv": [8.5, 7.25, 8.625, 7.5], "texture": "#1"},
				"south": {"uv": [7.5, 8.5, 7.625, 8.75], "texture": "#1"},
				"west": {"uv": [8.5, 7.5, 8.625, 7.75], "texture": "#1"},
				"up": {"uv": [9.375, 8.875, 9.25, 8.75], "texture": "#1"},
				"down": {"uv": [9.125, 9.25, 9, 9.375], "texture": "#1"}
			}
		},
		{
			"from": [6.90705, 10.73831, 8.5125],
			"to": [7.10705, 11.73831, 8.7875],
			"rotation": {"angle": -22.5, "axis": "z", "origin": [8.7, 10.06811, 8.6875]},
			"faces": {
				"north": {"uv": [7.75, 8.5, 7.875, 8.75], "texture": "#1"},
				"east": {"uv": [8.5, 7.75, 8.625, 8], "texture": "#1"},
				"south": {"uv": [8, 8.5, 8.125, 8.75], "texture": "#1"},
				"west": {"uv": [8.5, 8, 8.625, 8.25], "texture": "#1"},
				"up": {"uv": [9.375, 9.125, 9.25, 9], "texture": "#1"},
				"down": {"uv": [9.375, 9.25, 9.25, 9.375], "texture": "#1"}
			}
		},
		{
			"from": [8.99952, 11.27407, 8.5125],
			"to": [9.19952, 12.27407, 8.7875],
			"rotation": {"angle": 22.5, "axis": "z", "origin": [8.7, 10.06811, 8.6875]},
			"faces": {
				"north": {"uv": [8.25, 8.5, 8.375, 8.75], "texture": "#1"},
				"east": {"uv": [8.5, 8.25, 8.625, 8.5], "texture": "#1"},
				"south": {"uv": [8.5, 8.5, 8.625, 8.75], "texture": "#1"},
				"west": {"uv": [0, 8.75, 0.125, 9], "texture": "#1"},
				"up": {"uv": [0.125, 9.625, 0, 9.5], "texture": "#1"},
				"down": {"uv": [9.625, 0, 9.5, 0.125], "texture": "#1"}
			}
		},
		{
			"from": [8.00048, 10.27407, 8.5125],
			"to": [8.20048, 11.27407, 8.7875],
			"rotation": {"angle": -22.5, "axis": "z", "origin": [8.7, 10.06811, 8.6875]},
			"faces": {
				"north": {"uv": [8.75, 0, 8.875, 0.25], "texture": "#1"},
				"east": {"uv": [0.25, 8.75, 0.375, 9], "texture": "#1"},
				"south": {"uv": [8.75, 0.25, 8.875, 0.5], "texture": "#1"},
				"west": {"uv": [0.5, 8.75, 0.625, 9], "texture": "#1"},
				"up": {"uv": [0.375, 9.625, 0.25, 9.5], "texture": "#1"},
				"down": {"uv": [9.625, 0.25, 9.5, 0.375], "texture": "#1"}
			}
		},
		{
			"from": [7.35195, 8.45038, 8.5125],
			"to": [7.55195, 9.45038, 8.7875],
			"rotation": {"angle": -22.5, "axis": "z", "origin": [8.7, 6.67874, 8.6875]},
			"faces": {
				"north": {"uv": [8.75, 0.5, 8.875, 0.75], "texture": "#1"},
				"east": {"uv": [0.75, 8.75, 0.875, 9], "texture": "#1"},
				"south": {"uv": [8.75, 0.75, 8.875, 1], "texture": "#1"},
				"west": {"uv": [1, 8.75, 1.125, 9], "texture": "#1"},
				"up": {"uv": [0.625, 9.625, 0.5, 9.5], "texture": "#1"},
				"down": {"uv": [9.625, 0.5, 9.5, 0.625], "texture": "#1"}
			}
		},
		{
			"from": [8.35099, 9.70838, 8.5125],
			"to": [8.55099, 10.70838, 8.7875],
			"rotation": {"angle": 22.5, "axis": "z", "origin": [8.7, 10.06811, 8.6875]},
			"faces": {
				"north": {"uv": [8.75, 1, 8.875, 1.25], "texture": "#1"},
				"east": {"uv": [1.25, 8.75, 1.375, 9], "texture": "#1"},
				"south": {"uv": [8.75, 1.25, 8.875, 1.5], "texture": "#1"},
				"west": {"uv": [1.5, 8.75, 1.625, 9], "texture": "#1"},
				"up": {"uv": [0.875, 9.625, 0.75, 9.5], "texture": "#1"},
				"down": {"uv": [9.625, 0.75, 9.5, 0.875], "texture": "#1"}
			}
		},
		{
			"from": [7.55557, 9.17262, 8.5125],
			"to": [7.75557, 10.17262, 8.7875],
			"rotation": {"angle": -22.5, "axis": "z", "origin": [8.7, 10.06811, 8.6875]},
			"faces": {
				"north": {"uv": [8.75, 1.5, 8.875, 1.75], "texture": "#1"},
				"east": {"uv": [1.75, 8.75, 1.875, 9], "texture": "#1"},
				"south": {"uv": [8.75, 1.75, 8.875, 2], "texture": "#1"},
				"west": {"uv": [2, 8.75, 2.125, 9], "texture": "#1"},
				"up": {"uv": [1.125, 9.625, 1, 9.5], "texture": "#1"},
				"down": {"uv": [9.625, 1, 9.5, 1.125], "texture": "#1"}
			}
		},
		{
			"from": [8.55462, 8.98614, 8.5125],
			"to": [8.75462, 9.98614, 8.7875],
			"rotation": {"angle": 22.5, "axis": "z", "origin": [8.7, 6.67874, 8.6875]},
			"faces": {
				"north": {"uv": [8.75, 2, 8.875, 2.25], "texture": "#1"},
				"east": {"uv": [2.25, 8.75, 2.375, 9], "texture": "#1"},
				"south": {"uv": [8.75, 2.25, 8.875, 2.5], "texture": "#1"},
				"west": {"uv": [2.5, 8.75, 2.625, 9], "texture": "#1"},
				"up": {"uv": [1.375, 9.625, 1.25, 9.5], "texture": "#1"},
				"down": {"uv": [9.625, 1.25, 9.5, 1.375], "texture": "#1"}
			}
		},
		{
			"from": [7.55557, 5.78325, 8.5125],
			"to": [7.75557, 6.78325, 8.7875],
			"rotation": {"angle": -22.5, "axis": "z", "origin": [8.7, 6.67874, 8.6875]},
			"faces": {
				"north": {"uv": [8.75, 2.5, 8.875, 2.75], "texture": "#1"},
				"east": {"uv": [2.75, 8.75, 2.875, 9], "texture": "#1"},
				"south": {"uv": [8.75, 2.75, 8.875, 3], "texture": "#1"},
				"west": {"uv": [3, 8.75, 3.125, 9], "texture": "#1"},
				"up": {"uv": [1.625, 9.625, 1.5, 9.5], "texture": "#1"},
				"down": {"uv": [9.625, 1.5, 9.5, 1.625], "texture": "#1"}
			}
		},
		{
			"from": [7.90609, 7.42045, 8.5125],
			"to": [8.10609, 8.42045, 8.7875],
			"rotation": {"angle": 22.5, "axis": "z", "origin": [8.7, 6.67874, 8.6875]},
			"faces": {
				"north": {"uv": [8.75, 3, 8.875, 3.25], "texture": "#1"},
				"east": {"uv": [3.25, 8.75, 3.375, 9], "texture": "#1"},
				"south": {"uv": [8.75, 3.25, 8.875, 3.5], "texture": "#1"},
				"west": {"uv": [3.5, 8.75, 3.625, 9], "texture": "#1"},
				"up": {"uv": [1.875, 9.625, 1.75, 9.5], "texture": "#1"},
				"down": {"uv": [9.625, 1.75, 9.5, 1.875], "texture": "#1"}
			}
		},
		{
			"from": [6.90705, 7.34894, 8.5125],
			"to": [7.10705, 8.34894, 8.7875],
			"rotation": {"angle": -22.5, "axis": "z", "origin": [8.7, 6.67874, 8.6875]},
			"faces": {
				"north": {"uv": [8.75, 3.5, 8.875, 3.75], "texture": "#1"},
				"east": {"uv": [3.75, 8.75, 3.875, 9], "texture": "#1"},
				"south": {"uv": [8.75, 3.75, 8.875, 4], "texture": "#1"},
				"west": {"uv": [4, 8.75, 4.125, 9], "texture": "#1"},
				"up": {"uv": [2.125, 9.625, 2, 9.5], "texture": "#1"},
				"down": {"uv": [9.625, 2, 9.5, 2.125], "texture": "#1"}
			}
		},
		{
			"from": [8.99952, 7.8847, 8.5125],
			"to": [9.19952, 8.8847, 8.7875],
			"rotation": {"angle": 22.5, "axis": "z", "origin": [8.7, 6.67874, 8.6875]},
			"faces": {
				"north": {"uv": [8.75, 4, 8.875, 4.25], "texture": "#1"},
				"east": {"uv": [4.25, 8.75, 4.375, 9], "texture": "#1"},
				"south": {"uv": [8.75, 4.25, 8.875, 4.5], "texture": "#1"},
				"west": {"uv": [4.5, 8.75, 4.625, 9], "texture": "#1"},
				"up": {"uv": [2.375, 9.625, 2.25, 9.5], "texture": "#1"},
				"down": {"uv": [9.625, 2.25, 9.5, 2.375], "texture": "#1"}
			}
		},
		{
			"from": [8.00048, 6.8847, 8.5125],
			"to": [8.20048, 7.8847, 8.7875],
			"rotation": {"angle": -22.5, "axis": "z", "origin": [8.7, 6.67874, 8.6875]},
			"faces": {
				"north": {"uv": [8.75, 4.5, 8.875, 4.75], "texture": "#1"},
				"east": {"uv": [4.75, 8.75, 4.875, 9], "texture": "#1"},
				"south": {"uv": [8.75, 4.75, 8.875, 5], "texture": "#1"},
				"west": {"uv": [5, 8.75, 5.125, 9], "texture": "#1"},
				"up": {"uv": [2.625, 9.625, 2.5, 9.5], "texture": "#1"},
				"down": {"uv": [9.625, 2.5, 9.5, 2.625], "texture": "#1"}
			}
		},
		{
			"from": [8.35099, 6.31901, 8.5125],
			"to": [8.55099, 7.31901, 8.7875],
			"rotation": {"angle": 22.5, "axis": "z", "origin": [8.7, 6.67874, 8.6875]},
			"faces": {
				"north": {"uv": [8.75, 5, 8.875, 5.25], "texture": "#1"},
				"east": {"uv": [5.25, 8.75, 5.375, 9], "texture": "#1"},
				"south": {"uv": [8.75, 5.25, 8.875, 5.5], "texture": "#1"},
				"west": {"uv": [5.5, 8.75, 5.625, 9], "texture": "#1"},
				"up": {"uv": [2.875, 9.625, 2.75, 9.5], "texture": "#1"},
				"down": {"uv": [9.625, 2.75, 9.5, 2.875], "texture": "#1"}
			}
		},
		{
			"from": [7.73463, 5.13713, 8.5125],
			"to": [7.93463, 6.13713, 8.7875],
			"rotation": {"angle": -22.5, "axis": "z", "origin": [8.7, 4.28937, 8.6875]},
			"faces": {
				"north": {"uv": [8.75, 5.5, 8.875, 5.75], "texture": "#1"},
				"east": {"uv": [5.75, 8.75, 5.875, 9], "texture": "#1"},
				"south": {"uv": [8.75, 5.75, 8.875, 6], "texture": "#1"},
				"west": {"uv": [6, 8.75, 6.125, 9], "texture": "#1"},
				"up": {"uv": [3.125, 9.625, 3, 9.5], "texture": "#1"},
				"down": {"uv": [9.625, 3, 9.5, 3.125], "texture": "#1"}
			}
		},
		{
			"from": [8.61684, 4.57145, 8.5125],
			"to": [8.81684, 5.57145, 8.7875],
			"rotation": {"angle": 22.5, "axis": "z", "origin": [8.7, 4.28937, 8.6875]},
			"faces": {
				"north": {"uv": [8.75, 6, 8.875, 6.25], "texture": "#1"},
				"east": {"uv": [6.25, 8.75, 6.375, 9], "texture": "#1"},
				"south": {"uv": [8.75, 6.25, 8.875, 6.5], "texture": "#1"},
				"west": {"uv": [6.5, 8.75, 6.625, 9], "texture": "#1"},
				"up": {"uv": [3.375, 9.625, 3.25, 9.5], "texture": "#1"},
				"down": {"uv": [9.625, 3.25, 9.5, 3.375], "texture": "#1"}
			}
		},
		{
			"from": [8.3, 5.06969, 7.2],
			"to": [8.5, 5.81437, 8.8],
			"rotation": {"angle": 0, "axis": "y", "origin": [7.3, 4.28937, 7.3]},
			"faces": {
				"north": {"uv": [3.5, 9.5, 3.625, 9.625], "texture": "#1"},
				"east": {"uv": [1, 7.25, 1.375, 7.375], "texture": "#1"},
				"south": {"uv": [9.5, 3.5, 9.625, 3.625], "texture": "#1"},
				"west": {"uv": [1.5, 7.25, 1.875, 7.375], "texture": "#1"},
				"up": {"uv": [5.125, 7.125, 5, 6.75], "texture": "#1"},
				"down": {"uv": [3.625, 7.25, 3.5, 7.625], "texture": "#1"}
			}
		},
		{
			"from": [7.5, 5.06969, 7.2],
			"to": [7.7, 5.81437, 8.8],
			"rotation": {"angle": 0, "axis": "y", "origin": [7.3, 4.28937, 7.3]},
			"faces": {
				"north": {"uv": [3.75, 9.5, 3.875, 9.625], "texture": "#1"},
				"east": {"uv": [7.25, 4.25, 7.625, 4.375], "texture": "#1"},
				"south": {"uv": [9.5, 3.75, 9.625, 3.875], "texture": "#1"},
				"west": {"uv": [7.25, 4.5, 7.625, 4.625], "texture": "#1"},
				"up": {"uv": [3.875, 7.625, 3.75, 7.25], "texture": "#1"},
				"down": {"uv": [7.375, 4.75, 7.25, 5.125], "texture": "#1"}
			}
		},
		{
			"from": [7.5, 6.76969, 7.2],
			"to": [7.7, 7.51437, 8.8],
			"rotation": {"angle": 0, "axis": "y", "origin": [7.3, 5.98937, 7.3]},
			"faces": {
				"north": {"uv": [4, 9.5, 4.125, 9.625], "texture": "#1"},
				"east": {"uv": [7.25, 5.25, 7.625, 5.375], "texture": "#1"},
				"south": {"uv": [9.5, 4, 9.625, 4.125], "texture": "#1"},
				"west": {"uv": [5.75, 7.25, 6.125, 7.375], "texture": "#1"},
				"up": {"uv": [5.125, 7.625, 5, 7.25], "texture": "#1"},
				"down": {"uv": [6.375, 7.25, 6.25, 7.625], "texture": "#1"}
			}
		},
		{
			"from": [8.3, 6.76969, 7.2],
			"to": [8.5, 7.51437, 8.8],
			"rotation": {"angle": 0, "axis": "y", "origin": [7.3, 5.98937, 7.3]},
			"faces": {
				"north": {"uv": [4.25, 9.5, 4.375, 9.625], "texture": "#1"},
				"east": {"uv": [7.25, 6.25, 7.625, 6.375], "texture": "#1"},
				"south": {"uv": [9.5, 4.25, 9.625, 4.375], "texture": "#1"},
				"west": {"uv": [6.5, 7.25, 6.875, 7.375], "texture": "#1"},
				"up": {"uv": [7.375, 6.875, 7.25, 6.5], "texture": "#1"},
				"down": {"uv": [7.125, 7.25, 7, 7.625], "texture": "#1"}
			}
		},
		{
			"from": [7.5, 8.46969, 7.2],
			"to": [7.7, 9.21437, 8.8],
			"rotation": {"angle": 0, "axis": "y", "origin": [7.3, 7.68937, 7.3]},
			"faces": {
				"north": {"uv": [4.5, 9.5, 4.625, 9.625], "texture": "#1"},
				"east": {"uv": [7.25, 7, 7.625, 7.125], "texture": "#1"},
				"south": {"uv": [9.5, 4.5, 9.625, 4.625], "texture": "#1"},
				"west": {"uv": [7.25, 7.25, 7.625, 7.375], "texture": "#1"},
				"up": {"uv": [0.125, 7.875, 0, 7.5], "texture": "#1"},
				"down": {"uv": [7.625, 0, 7.5, 0.375], "texture": "#1"}
			}
		},
		{
			"from": [8.3, 8.46969, 7.2],
			"to": [8.5, 9.21437, 8.8],
			"rotation": {"angle": 0, "axis": "y", "origin": [7.3, 7.68937, 7.3]},
			"faces": {
				"north": {"uv": [4.75, 9.5, 4.875, 9.625], "texture": "#1"},
				"east": {"uv": [0.25, 7.5, 0.625, 7.625], "texture": "#1"},
				"south": {"uv": [9.5, 4.75, 9.625, 4.875], "texture": "#1"},
				"west": {"uv": [7.5, 0.5, 7.875, 0.625], "texture": "#1"},
				"up": {"uv": [0.875, 7.875, 0.75, 7.5], "texture": "#1"},
				"down": {"uv": [7.625, 0.75, 7.5, 1.125], "texture": "#1"}
			}
		},
		{
			"from": [7.5, 10.16969, 7.2],
			"to": [7.7, 10.91437, 8.8],
			"rotation": {"angle": 0, "axis": "y", "origin": [7.3, 9.38937, 7.3]},
			"faces": {
				"north": {"uv": [5, 9.5, 5.125, 9.625], "texture": "#1"},
				"east": {"uv": [1, 7.5, 1.375, 7.625], "texture": "#1"},
				"south": {"uv": [9.5, 5, 9.625, 5.125], "texture": "#1"},
				"west": {"uv": [7.5, 1.25, 7.875, 1.375], "texture": "#1"},
				"up": {"uv": [1.625, 7.875, 1.5, 7.5], "texture": "#1"},
				"down": {"uv": [7.625, 1.5, 7.5, 1.875], "texture": "#1"}
			}
		},
		{
			"from": [8.3, 10.16969, 7.2],
			"to": [8.5, 10.91437, 8.8],
			"rotation": {"angle": 0, "axis": "y", "origin": [7.3, 9.38937, 7.3]},
			"faces": {
				"north": {"uv": [5.25, 9.5, 5.375, 9.625], "texture": "#1"},
				"east": {"uv": [7.5, 2, 7.875, 2.125], "texture": "#1"},
				"south": {"uv": [9.5, 5.25, 9.625, 5.375], "texture": "#1"},
				"west": {"uv": [7.5, 2.25, 7.875, 2.375], "texture": "#1"},
				"up": {"uv": [1.875, 7.875, 1.75, 7.5], "texture": "#1"},
				"down": {"uv": [7.625, 2.5, 7.5, 2.875], "texture": "#1"}
			}
		},
		{
			"from": [7.5, 11.86969, 7.2],
			"to": [7.7, 12.61437, 8.8],
			"rotation": {"angle": 0, "axis": "y", "origin": [7.3, 11.08937, 7.3]},
			"faces": {
				"north": {"uv": [5.5, 9.5, 5.625, 9.625], "texture": "#1"},
				"east": {"uv": [7.5, 3, 7.875, 3.125], "texture": "#1"},
				"south": {"uv": [9.5, 5.5, 9.625, 5.625], "texture": "#1"},
				"west": {"uv": [7.5, 3.25, 7.875, 3.375], "texture": "#1"},
				"up": {"uv": [7.625, 3.875, 7.5, 3.5], "texture": "#1"},
				"down": {"uv": [4.125, 7.5, 4, 7.875], "texture": "#1"}
			}
		},
		{
			"from": [8.3, 11.86969, 7.2],
			"to": [8.5, 12.61437, 8.8],
			"rotation": {"angle": 0, "axis": "y", "origin": [7.3, 11.08937, 7.3]},
			"faces": {
				"north": {"uv": [5.75, 9.5, 5.875, 9.625], "texture": "#1"},
				"east": {"uv": [7.5, 4, 7.875, 4.125], "texture": "#1"},
				"south": {"uv": [9.5, 5.75, 9.625, 5.875], "texture": "#1"},
				"west": {"uv": [4.25, 7.5, 4.625, 7.625], "texture": "#1"},
				"up": {"uv": [7.625, 5.125, 7.5, 4.75], "texture": "#1"},
				"down": {"uv": [5.375, 7.5, 5.25, 7.875], "texture": "#1"}
			}
		},
		{
			"from": [7.28973, 4.03569, 8.5125],
			"to": [7.48973, 5.03569, 8.7875],
			"rotation": {"angle": -22.5, "axis": "z", "origin": [8.7, 4.28937, 8.6875]},
			"faces": {
				"north": {"uv": [8.75, 6.5, 8.875, 6.75], "texture": "#1"},
				"east": {"uv": [6.75, 8.75, 6.875, 9], "texture": "#1"},
				"south": {"uv": [8.75, 6.75, 8.875, 7], "texture": "#1"},
				"west": {"uv": [7, 8.75, 7.125, 9], "texture": "#1"},
				"up": {"uv": [6.125, 9.625, 6, 9.5], "texture": "#1"},
				"down": {"uv": [9.625, 6, 9.5, 6.125], "texture": "#1"}
			}
		},
		{
			"from": [8.17194, 5.67289, 8.5125],
			"to": [8.37194, 6.67289, 8.7875],
			"rotation": {"angle": 22.5, "axis": "z", "origin": [8.7, 4.28937, 8.6875]},
			"faces": {
				"north": {"uv": [8.75, 7, 8.875, 7.25], "texture": "#1"},
				"east": {"uv": [7.25, 8.75, 7.375, 9], "texture": "#1"},
				"south": {"uv": [8.75, 7.25, 8.875, 7.5], "texture": "#1"},
				"west": {"uv": [7.5, 8.75, 7.625, 9], "texture": "#1"},
				"up": {"uv": [6.375, 9.625, 6.25, 9.5], "texture": "#1"},
				"down": {"uv": [9.625, 6.25, 9.5, 6.375], "texture": "#1"}
			}
		},
		{
			"from": [6.8, 13.8, 6.3],
			"to": [9.2, 16.2, 9.7],
			"rotation": {"angle": 0, "axis": "y", "origin": [7.95, 13.5, 9.25]},
			"faces": {
				"north": {"uv": [2.5, 4.25, 3.125, 4.875], "texture": "#1"},
				"east": {"uv": [4, 0, 4.875, 0.625], "texture": "#1"},
				"south": {"uv": [4, 4.25, 4.625, 4.875], "texture": "#1"},
				"west": {"uv": [4, 0.75, 4.875, 1.375], "texture": "#1"},
				"up": {"uv": [4.625, 2.375, 4, 1.5], "texture": "#1"},
				"down": {"uv": [4.625, 2.5, 4, 3.375], "texture": "#1"}
			}
		},
		{
			"from": [6.7, 13.7, 6.2],
			"to": [9.3, 16.3, 9.8],
			"rotation": {"angle": 0, "axis": "y", "origin": [7.95, 13.5, 9.25]},
			"faces": {
				"north": {"uv": [4.75, 1.5, 5.375, 2.125], "texture": "#1"},
				"east": {"uv": [4, 3.5, 4.875, 4.125], "texture": "#1"},
				"south": {"uv": [4.75, 2.25, 5.375, 2.875], "texture": "#1"},
				"west": {"uv": [0, 4.25, 0.875, 4.875], "texture": "#1"},
				"up": {"uv": [1.625, 5.125, 1, 4.25], "texture": "#1"},
				"down": {"uv": [2.375, 4.25, 1.75, 5.125], "texture": "#1"}
			}
		},
		{
			"from": [8, 15.7, 4.8],
			"to": [8, 20.2, 11.2],
			"rotation": {"angle": 0, "axis": "y", "origin": [7.95, 13.5, 9.25]},
			"faces": {
				"north": {"uv": [0, 0, 0, 1.125], "texture": "#1"},
				"east": {"uv": [0, 3, 1.625, 4.125], "texture": "#1"},
				"south": {"uv": [0, 0, 0, 1.125], "texture": "#1"},
				"west": {"uv": [0, 3, 1.625, 4.125], "texture": "#1"},
				"up": {"uv": [0, 1.625, 0, 0], "texture": "#1"},
				"down": {"uv": [0, 0, 0, 1.625], "texture": "#1"}
			}
		},
		{
			"from": [7, 14, 9.7],
			"to": [9, 16, 12.2],
			"rotation": {"angle": 0, "axis": "y", "origin": [7.95, 13.5, 9.25]},
			"faces": {
				"north": {"uv": [0, 6, 0.5, 6.5], "texture": "#1"},
				"east": {"uv": [4.75, 3, 5.375, 3.5], "texture": "#1"},
				"south": {"uv": [6, 0, 6.5, 0.5], "texture": "#1"},
				"west": {"uv": [5, 1, 5.625, 1.5], "texture": "#1"},
				"up": {"uv": [3, 5.625, 2.5, 5], "texture": "#1"},
				"down": {"uv": [3.5, 5, 3, 5.625], "texture": "#1"}
			}
		},
		{
			"from": [8, 11, 9.7],
			"to": [8, 17, 16.2],
			"rotation": {"angle": 0, "axis": "y", "origin": [7.95, 13.5, 9.25]},
			"faces": {
				"north": {"uv": [0, 0, 0, 1.5], "texture": "#1"},
				"east": {"uv": [0, 0, 1.625, 1.5], "texture": "#1"},
				"south": {"uv": [0, 0, 0, 1.5], "texture": "#1"},
				"west": {"uv": [1.625, 0, 0, 1.5], "texture": "#1"},
				"up": {"uv": [0, 1.625, 0, 0], "texture": "#1"},
				"down": {"uv": [0, 0, 0, 1.625], "texture": "#1"}
			}
		},
		{
			"from": [8, 11, -0.2],
			"to": [8, 17, 6.3],
			"rotation": {"angle": 0, "axis": "y", "origin": [7.95, 13.5, 6.75]},
			"faces": {
				"north": {"uv": [0, 0, 0, 1.5], "texture": "#1"},
				"east": {"uv": [1.625, 0, 0, 1.5], "texture": "#1"},
				"south": {"uv": [0, 0, 0, 1.5], "texture": "#1"},
				"west": {"uv": [0, 0, 1.625, 1.5], "texture": "#1"},
				"up": {"uv": [0, 1.625, 0, 0], "texture": "#1"},
				"down": {"uv": [0, 0, 0, 1.625], "texture": "#1"}
			}
		},
		{
			"from": [7.2, 14.2, 12.2],
			"to": [8.8, 15.8, 14.2],
			"rotation": {"angle": 22.5, "axis": "x", "origin": [7.2, 15.8, 12.2]},
			"faces": {
				"north": {"uv": [6.5, 1, 6.875, 1.375], "texture": "#1"},
				"east": {"uv": [6, 2, 6.5, 2.375], "texture": "#1"},
				"south": {"uv": [1.5, 6.5, 1.875, 6.875], "texture": "#1"},
				"west": {"uv": [6, 2.5, 6.5, 2.875], "texture": "#1"},
				"up": {"uv": [6.375, 3.5, 6, 3], "texture": "#1"},
				"down": {"uv": [6.375, 3.5, 6, 4], "texture": "#1"}
			}
		},
		{
			"from": [7.4, 13.63463, 14.04776],
			"to": [8.6, 14.93463, 16.04776],
			"rotation": {"angle": 45, "axis": "x", "origin": [7.2, 15.03463, 14.04776]},
			"faces": {
				"north": {"uv": [6.5, 3.5, 6.75, 3.875], "texture": "#1"},
				"east": {"uv": [6, 4, 6.5, 4.375], "texture": "#1"},
				"south": {"uv": [6.5, 4, 6.75, 4.375], "texture": "#1"},
				"west": {"uv": [6, 4.5, 6.5, 4.875], "texture": "#1"},
				"up": {"uv": [3.5, 4.75, 3.25, 4.25], "texture": "#1"},
				"down": {"uv": [5.75, 0.5, 5.5, 1], "texture": "#1"}
			}
		},
		{
			"from": [7.4, 13.63463, -0.04776],
			"to": [8.6, 14.93463, 1.95224],
			"rotation": {"angle": -45, "axis": "x", "origin": [7.2, 15.03463, 1.95224]},
			"faces": {
				"north": {"uv": [6.5, 4.5, 6.75, 4.875], "texture": "#1"},
				"east": {"uv": [6, 5, 6.5, 5.375], "texture": "#1"},
				"south": {"uv": [6.5, 5, 6.75, 5.375], "texture": "#1"},
				"west": {"uv": [6, 5.5, 6.5, 5.875], "texture": "#1"},
				"up": {"uv": [5.25, 6.25, 5, 5.75], "texture": "#1"},
				"down": {"uv": [5.25, 6.25, 5, 6.75], "texture": "#1"}
			}
		},
		{
			"from": [7.2, 14.2, 1.8],
			"to": [8.8, 15.8, 3.8],
			"rotation": {"angle": -22.5, "axis": "x", "origin": [7.2, 15.8, 3.8]},
			"faces": {
				"north": {"uv": [6.5, 1.5, 6.875, 1.875], "texture": "#1"},
				"east": {"uv": [6, 6, 6.5, 6.375], "texture": "#1"},
				"south": {"uv": [6.5, 2, 6.875, 2.375], "texture": "#1"},
				"west": {"uv": [0, 6.5, 0.5, 6.875], "texture": "#1"},
				"up": {"uv": [6.875, 0.5, 6.5, 0], "texture": "#1"},
				"down": {"uv": [0.875, 6.5, 0.5, 7], "texture": "#1"}
			}
		},
		{
			"from": [7, 14, 3.8],
			"to": [9, 16, 6.3],
			"rotation": {"angle": 0, "axis": "y", "origin": [7.95, 13.5, 6.75]},
			"faces": {
				"north": {"uv": [0.5, 6, 1, 6.5], "texture": "#1"},
				"east": {"uv": [5, 3.5, 5.625, 4], "texture": "#1"},
				"south": {"uv": [6, 0.5, 6.5, 1], "texture": "#1"},
				"west": {"uv": [4, 5, 4.625, 5.5], "texture": "#1"},
				"up": {"uv": [1.5, 5.875, 1, 5.25], "texture": "#1"},
				"down": {"uv": [2, 5.25, 1.5, 5.875], "texture": "#1"}
			}
		},
		{
			"from": [8, -2.5, 6],
			"to": [8, 0.5, 10],
			"rotation": {"angle": 0, "axis": "y", "origin": [7.5, 0, 7.5]},
			"faces": {
				"north": {"uv": [0, 0, 0, 0.75], "texture": "#1"},
				"east": {"uv": [16, 0.125, 14.5, 1.125], "texture": "#1"},
				"south": {"uv": [14.5, 0, 16, 1], "texture": "#1"},
				"west": {"uv": [14.5, 0, 16, 1], "texture": "#1"},
				"up": {"uv": [0, 0, 0, 1], "texture": "#1"},
				"down": {"uv": [0, 0, 0, 1], "texture": "#1"}
			}
		},
		{
			"from": [8, 7, 5.5],
			"to": [8, 14, 10.5],
			"rotation": {"angle": 0, "axis": "y", "origin": [7.5, 0, 7.5]},
			"faces": {
				"north": {"uv": [0, 0, 0, 1.75], "texture": "#1"},
				"east": {"uv": [16, 14.25, 14.75, 16], "texture": "#1"},
				"south": {"uv": [0, 0, 0, 1.75], "texture": "#1"},
				"west": {"uv": [14.75, 14.25, 16, 16], "texture": "#1"},
				"up": {"uv": [0, 0, 0, 1.25], "texture": "#1"},
				"down": {"uv": [0, 0, 0, 1.25], "texture": "#1"}
			}
		}
	],
	"display": {
		"thirdperson_righthand": {
			"translation": [0, 5, 1],
			"scale": [1.3, 1.3, 1.3]
		},
		"thirdperson_lefthand": {
			"translation": [0, 5, 1],
			"scale": [1.3, 1.3, 1.3]
		},
		"firstperson_righthand": {
			"translation": [0, 2, 0],
			"scale": [1.2, 1.2, 1.2]
		},
		"firstperson_lefthand": {
			"translation": [0, 2, 0],
			"scale": [1.2, 1.2, 1.2]
		},
		"ground": {
			"translation": [0, 7, 0]
		},
		"gui": {
			"rotation": [-90, 67.5, 90],
			"translation": [1, -0.25, 0],
			"scale": [0.7, 0.7, 0.7]
		},
		"fixed": {
			"rotation": [0, 90, 0]
		}
	},
	"groups": [
		{
			"name": "pickaxe",
			"origin": [8, 8, 8],
			"color": 0,
			"children": [0, 1, 2, 3, 4, 5, 6, 7, 8, 9, 10, 11, 12, 13, 14, 15, 16, 17, 18, 19, 20, 21, 22, 23, 24, 25, 26, 27, 28, 29, 30, 31, 32, 33, 34, 35, 36, 37, 38, 39, 40, 41, 42, 43, 44, 45, 46, 47, 48, 49, 50, 51, 52, 53, 54, 55, 56, 57, 58, 59, 60, 61, 62, 63, 64, 65, 66, 67, 68, 69, 70, 71, 72, 73, 74, 75, 76, 77, 78, 79, 80, 81, 82, 83, 84, 85, 86, 87, 88, 89, 90, 91, 92, 93, 94, 95, 96, 97, 98, 99, 100, 101, 102, 103, 104, 105, 106, 107, 108, 109, 110, 111, 112, 113, 114, 115, 116, 117, 118, 119, 120, 121, 122, 123]
		}
	]
}