{
	"credit": "Made with Blockbench",
	"texture_size": [64, 64],
	"textures": {
		"0": "default/archangel_wings",
		"particle": "default/archangel_wings"
	},
	"elements": [
		{
			"name": "body",
			"from": [3.67566, 11.53249, 8.17912],
			"to": [9.38766, 12.34849, 8.98492],
			"rotation": {"angle": -45, "axis": "z", "origin": [8, 14.98767, 8]},
			"faces": {
				"north": {"uv": [9.871, 4.254, 8.129, 4.496], "texture": "#0"},
				"east": {"uv": [6.871, 10.629, 6.629, 10.871], "texture": "#0"},
				"south": {"uv": [9.871, 4.629, 8.129, 4.871], "texture": "#0"},
				"west": {"uv": [0.996, 10.754, 0.754, 10.996], "texture": "#0"},
				"up": {"uv": [6.629, 9.621, 6.871, 7.879], "rotation": 90, "texture": "#0"},
				"down": {"uv": [4.004, 8.004, 4.246, 9.746], "rotation": 270, "texture": "#0"}
			}
		},
		{
			"name": "body",
			"from": [-0.51674, 14.64757, 8.17912],
			"to": [3.56326, 15.46357, 8.98492],
			"rotation": {"angle": -22.5, "axis": "z", "origin": [8, 14.98767, 8]},
			"faces": {
				"north": {"uv": [10.621, 3.879, 9.379, 4.121], "texture": "#0"},
				"east": {"uv": [10.996, 4.629, 10.754, 4.871], "texture": "#0"},
				"south": {"uv": [10.746, 5.879, 9.504, 6.121], "texture": "#0"},
				"west": {"uv": [10.996, 5.004, 10.754, 5.246], "texture": "#0"},
				"up": {"uv": [3.379, 10.621, 3.621, 9.379], "rotation": 90, "texture": "#0"},
				"down": {"uv": [5.004, 9.504, 5.246, 10.746], "rotation": 270, "texture": "#0"}
			}
		},
		{
			"name": "body",
			"from": [0.31368, 5.22256, 8.58202],
			"to": [6.43368, 18.68656, 8.58202],
			"rotation": {"angle": 0, "axis": "y", "origin": [8, 14.98767, 8]},
			"faces": {
				"north": {"uv": [1.871, 4.254, 0.004, 8.371], "texture": "#0"},
				"east": {"uv": [0.879, 11.379, 0.879, 15.496], "texture": "#0"},
				"south": {"uv": [0.004, 4.254, 1.871, 8.371], "texture": "#0"},
				"west": {"uv": [0.992, 11.379, 1.004, 15.496], "texture": "#0"},
				"up": {"uv": [2.742, 13.246, 2.754, 11.379], "rotation": 90, "texture": "#0"},
				"down": {"uv": [2.879, 11.379, 2.879, 13.246], "rotation": 270, "texture": "#0"}
			}
		},
		{
			"name": "body",
			"from": [2.74726, 13.42357, 8.17402],
			"to": [3.54286, 15.45337, 8.99002],
			"rotation": {"angle": -22.5, "axis": "z", "origin": [8, 14.98767, 8]},
			"faces": {
				"north": {"uv": [10.621, 6.629, 10.379, 7.246], "texture": "#0"},
				"east": {"uv": [5.621, 10.379, 5.379, 10.996], "texture": "#0"},
				"south": {"uv": [9.871, 10.379, 9.629, 10.996], "texture": "#0"},
				"west": {"uv": [9.496, 10.379, 9.254, 10.996], "texture": "#0"},
				"up": {"uv": [10.754, 4.121, 10.996, 3.879], "rotation": 90, "texture": "#0"},
				"down": {"uv": [10.754, 4.254, 10.996, 4.496], "rotation": 270, "texture": "#0"}
			}
		},
		{
			"name": "body",
			"from": [-5.35356, 17.87056, 11.01827],
			"to": [1.17444, 18.68656, 11.83427],
			"rotation": {"angle": -22.5, "axis": "y", "origin": [8, 14.98767, 8]},
			"faces": {
				"north": {"uv": [9.246, 3.504, 7.254, 3.746], "texture": "#0"},
				"east": {"uv": [10.996, 5.379, 10.754, 5.621], "texture": "#0"},
				"south": {"uv": [9.246, 3.879, 7.254, 4.121], "texture": "#0"},
				"west": {"uv": [5.996, 10.754, 5.754, 10.996], "texture": "#0"},
				"up": {"uv": [5.129, 8.496, 5.371, 6.504], "rotation": 90, "texture": "#0"},
				"down": {"uv": [5.504, 6.504, 5.746, 8.496], "rotation": 270, "texture": "#0"}
			}
		},
		{
			"name": "body",
			"from": [-10.24987, 5.22256, 11.42641],
			"to": [1.17413, 18.68656, 11.42641],
			"rotation": {"angle": -22.5, "axis": "y", "origin": [8, 14.98767, 8]},
			"faces": {
				"north": {"uv": [3.496, 0.004, 0.004, 4.121], "texture": "#0"},
				"east": {"uv": [11.242, 11.004, 11.254, 15.121], "texture": "#0"},
				"south": {"uv": [0.004, 0.004, 3.496, 4.121], "texture": "#0"},
				"west": {"uv": [0.492, 11.379, 0.504, 15.496], "texture": "#0"},
				"up": {"uv": [0.629, 14.871, 0.629, 11.379], "rotation": 90, "texture": "#0"},
				"down": {"uv": [0.742, 11.379, 0.754, 14.871], "rotation": 270, "texture": "#0"}
			}
		},
		{
			"name": "body",
			"from": [6.61234, 11.53249, 8.17912],
			"to": [12.32434, 12.34849, 8.98492],
			"rotation": {"angle": 45, "axis": "z", "origin": [8, 14.98767, 8]},
			"faces": {
				"north": {"uv": [8.129, 4.254, 9.871, 4.496], "texture": "#0"},
				"east": {"uv": [0.754, 10.754, 0.996, 10.996], "texture": "#0"},
				"south": {"uv": [8.129, 4.629, 9.871, 4.871], "texture": "#0"},
				"west": {"uv": [6.629, 10.629, 6.871, 10.871], "texture": "#0"},
				"up": {"uv": [6.629, 7.879, 6.871, 9.621], "rotation": 90, "texture": "#0"},
				"down": {"uv": [4.004, 9.746, 4.246, 8.004], "rotation": 270, "texture": "#0"}
			}
		},
		{
			"name": "body",
			"from": [12.43674, 14.64757, 8.17912],
			"to": [16.51674, 15.46357, 8.98492],
			"rotation": {"angle": 22.5, "axis": "z", "origin": [8, 14.98767, 8]},
			"faces": {
				"north": {"uv": [9.379, 3.879, 10.621, 4.121], "texture": "#0"},
				"east": {"uv": [10.754, 5.004, 10.996, 5.246], "texture": "#0"},
				"south": {"uv": [9.504, 5.879, 10.746, 6.121], "texture": "#0"},
				"west": {"uv": [10.754, 4.629, 10.996, 4.871], "texture": "#0"},
				"up": {"uv": [3.379, 9.379, 3.621, 10.621], "rotation": 90, "texture": "#0"},
				"down": {"uv": [5.004, 10.746, 5.246, 9.504], "rotation": 270, "texture": "#0"}
			}
		},
		{
			"name": "body",
			"from": [9.56632, 5.22256, 8.58202],
			"to": [15.68632, 18.68656, 8.58202],
			"rotation": {"angle": 0, "axis": "y", "origin": [8, 14.98767, 8]},
			"faces": {
				"north": {"uv": [0.004, 4.254, 1.871, 8.371], "texture": "#0"},
				"east": {"uv": [1.004, 11.379, 0.992, 15.496], "texture": "#0"},
				"south": {"uv": [1.871, 4.254, 0.004, 8.371], "texture": "#0"},
				"west": {"uv": [0.879, 11.379, 0.879, 15.496], "texture": "#0"},
				"up": {"uv": [2.742, 11.379, 2.754, 13.246], "rotation": 90, "texture": "#0"},
				"down": {"uv": [2.879, 13.246, 2.879, 11.379], "rotation": 270, "texture": "#0"}
			}
		},
		{
			"name": "body",
			"from": [12.45714, 13.42357, 8.17402],
			"to": [13.25274, 15.45337, 8.99002],
			"rotation": {"angle": 22.5, "axis": "z", "origin": [8, 14.98767, 8]},
			"faces": {
				"north": {"uv": [10.379, 6.629, 10.621, 7.246], "texture": "#0"},
				"east": {"uv": [9.254, 10.379, 9.496, 10.996], "texture": "#0"},
				"south": {"uv": [9.629, 10.379, 9.871, 10.996], "texture": "#0"},
				"west": {"uv": [5.379, 10.379, 5.621, 10.996], "texture": "#0"},
				"up": {"uv": [10.754, 3.879, 10.996, 4.121], "rotation": 90, "texture": "#0"},
				"down": {"uv": [10.754, 4.496, 10.996, 4.254], "rotation": 270, "texture": "#0"}
			}
		},
		{
			"name": "body",
			"from": [14.82556, 17.87056, 11.01827],
			"to": [21.35356, 18.68656, 11.83427],
			"rotation": {"angle": 22.5, "axis": "y", "origin": [8, 14.98767, 8]},
			"faces": {
				"north": {"uv": [7.254, 3.504, 9.246, 3.746], "texture": "#0"},
				"east": {"uv": [5.754, 10.754, 5.996, 10.996], "texture": "#0"},
				"south": {"uv": [7.254, 3.879, 9.246, 4.121], "texture": "#0"},
				"west": {"uv": [10.754, 5.379, 10.996, 5.621], "texture": "#0"},
				"up": {"uv": [5.129, 6.504, 5.371, 8.496], "rotation": 90, "texture": "#0"},
				"down": {"uv": [5.504, 8.496, 5.746, 6.504], "rotation": 270, "texture": "#0"}
			}
		},
		{
			"name": "body",
			"from": [14.82587, 5.22256, 11.42641],
			"to": [26.24987, 18.68656, 11.42641],
			"rotation": {"angle": 22.5, "axis": "y", "origin": [8, 14.98767, 8]},
			"faces": {
				"north": {"uv": [0.004, 0.004, 3.496, 4.121], "texture": "#0"},
				"east": {"uv": [0.504, 11.379, 0.492, 15.496], "texture": "#0"},
				"south": {"uv": [3.496, 0.004, 0.004, 4.121], "texture": "#0"},
				"west": {"uv": [11.254, 11.004, 11.242, 15.121], "texture": "#0"},
				"up": {"uv": [0.629, 11.379, 0.629, 14.871], "rotation": 90, "texture": "#0"},
				"down": {"uv": [0.742, 14.871, 0.754, 11.379], "rotation": 270, "texture": "#0"}
			}
		}
	],
	"gui_light": "front",
	"display": {
		"thirdperson_righthand": {
			"translation": [0, -3, 0.25],
			"scale": [0.5, 0.5, 0.5]
		},
		"thirdperson_lefthand": {
			"rotation": [68, 0, 0],
			"translation": [-6, -8, 3],
			"scale": [2, 2, 2]
		},
		"firstperson_righthand": {
			"translation": [0.75, -2.25, 0.25],
			"scale": [0.8, 0.8, 0.8]
		},
		"firstperson_lefthand": {
			"translation": [3.25, -80, 0.25],
			"scale": [0.8, 0.8, 0.8]
		},
		"gui": {
			"translation": [0, -3.75, -2.5],
			"scale": [0.5, 0.5, 0.5]
		},
		"head": {
			"translation": [0, -25.5, 4],
			"scale": [3, 3, 3]
		},
		"fixed": {
			"translation": [0, -5, -2.5]
		}
	},
	"groups": [
		{
			"name": "left_wing",
			"origin": [-2, 24.33767, 6.41283],
			"rotation": [0, -57.5, 0],
			"color": 0,
			"children": [
				0,
				1,
				2,
				3,
				{
					"name": "left_wing_end",
					"origin": [-2, 32.30356, 21.45952],
					"rotation": [0, -50, 0],
					"color": 0,
					"children": [4, 5]
				}
			]
		},
		{
			"name": "left_wing",
			"origin": [-2, 24.33767, 6.41283],
			"rotation": [0, -57.5, 0],
			"color": 0,
			"children": [
				6,
				7,
				8,
				9,
				{
					"name": "left_wing_end",
					"origin": [-2, 32.30356, 21.45952],
					"rotation": [0, -50, 0],
					"color": 0,
					"children": [10, 11]
				}
			]
		}
	]
}