{
	"credit": "Made with Blockbench",
	"parent": "blaze_pickaxe",
	"texture_size": [32, 32],
	"textures": {
		"0": "default/blaze_texture_texture",
		"particle": "default/blaze_texture_texture"
	},
	"elements": [
		{
			"from": [7.4, -0.5, 7.4],
			"to": [8.6, 16.6, 8.6],
			"rotation": {"angle": 0, "axis": "y", "origin": [7.95, 0, 7.95]},
			"faces": {
				"north": {"uv": [0, 0, 0.5, 8.5], "texture": "#0"},
				"east": {"uv": [0.5, 0, 1, 8.5], "texture": "#0"},
				"south": {"uv": [1, 0, 1.5, 8.5], "texture": "#0"},
				"west": {"uv": [1.5, 0, 2, 8.5], "texture": "#0"},
				"up": {"uv": [6, 6.5, 5.5, 6], "texture": "#0"},
				"down": {"uv": [6, 6.5, 5.5, 7], "texture": "#0"}
			}
		},
		{
			"from": [7.2, 0.5, 7.2],
			"to": [8.8, 1.3, 8.8],
			"rotation": {"angle": 0, "axis": "y", "origin": [7.95, 0, 7.95]},
			"faces": {
				"north": {"uv": [11, 3, 11.75, 3.5], "texture": "#0"},
				"east": {"uv": [11, 3.5, 11.75, 4], "texture": "#0"},
				"south": {"uv": [11, 7, 11.75, 7.5], "texture": "#0"},
				"west": {"uv": [7.5, 11, 8.25, 11.5], "texture": "#0"},
				"up": {"uv": [5.25, 11.25, 4.5, 10.5], "texture": "#0"},
				"down": {"uv": [6.25, 10.5, 5.5, 11.25], "texture": "#0"}
			}
		},
		{
			"from": [7.2, 13, 7.2],
			"to": [8.8, 13.8, 8.8],
			"rotation": {"angle": 0, "axis": "y", "origin": [7.95, 12.5, 7.95]},
			"faces": {
				"north": {"uv": [11, 7.5, 11.75, 8], "texture": "#0"},
				"east": {"uv": [11, 8, 11.75, 8.5], "texture": "#0"},
				"south": {"uv": [8.5, 11, 9.25, 11.5], "texture": "#0"},
				"west": {"uv": [11, 8.5, 11.75, 9], "texture": "#0"},
				"up": {"uv": [7.25, 11.25, 6.5, 10.5], "texture": "#0"},
				"down": {"uv": [11.75, 2, 11, 2.75], "texture": "#0"}
			}
		},
		{
			"from": [6, 13.8, 6],
			"to": [10, 17.8, 10],
			"rotation": {"angle": 0, "axis": "y", "origin": [7.95, 13.5, 9.25]},
			"faces": {
				"north": {"uv": [2, 0, 4, 2], "texture": "#0"},
				"east": {"uv": [4, 4, 2, 6], "texture": "#0"},
				"south": {"uv": [4, 0, 6, 2], "texture": "#0"},
				"west": {"uv": [2, 4, 4, 6], "texture": "#0"},
				"up": {"uv": [6, 4, 4, 2], "texture": "#0"},
				"down": {"uv": [6, 4, 4, 6], "texture": "#0"}
			}
		},
		{
			"from": [6.5, 14.7, 10],
			"to": [9.5, 16.7, 15],
			"rotation": {"angle": -22.5, "axis": "x", "origin": [6.3, 14.5, 10]},
			"faces": {
				"north": {"uv": [0, 9.5, 1.5, 10.5], "texture": "#0"},
				"east": {"uv": [11, 7, 8.5, 8], "texture": "#0"},
				"south": {"uv": [6.5, 9.5, 5, 10.5], "texture": "#0"},
				"west": {"uv": [11, 8, 8.5, 9], "texture": "#0"},
				"up": {"uv": [7.5, 4.5, 6, 7], "texture": "#0"},
				"down": {"uv": [7, 9.5, 5.5, 7], "texture": "#0"}
			}
		},
		{
			"from": [6.8, 17.03834, 13.81576],
			"to": [9.2, 18.43834, 18.81576],
			"rotation": {"angle": 22.5, "axis": "x", "origin": [6.3, 18.53834, 13.81576]},
			"faces": {
				"north": {"uv": [8, 10, 9.25, 10.75], "texture": "#0"},
				"east": {"uv": [11.5, 6, 9, 6.75], "texture": "#0"},
				"south": {"uv": [1.25, 10.5, 0, 11.25], "texture": "#0"},
				"west": {"uv": [11, 9, 8.5, 9.75], "texture": "#0"},
				"up": {"uv": [8.75, 4.5, 7.5, 7], "texture": "#0"},
				"down": {"uv": [3.25, 10.5, 2, 8], "texture": "#0"}
			}
		},
		{
			"from": [7.1, 15.2391, 18.39689],
			"to": [8.9, 16.53253, 18.93265],
			"rotation": {"angle": 45, "axis": "x", "origin": [6.8, 16.53253, 18.39689]},
			"faces": {
				"north": {"uv": [10.5, 1, 11.5, 1.75], "texture": "#0"},
				"east": {"uv": [11, 10.5, 11.25, 11.25], "texture": "#0"},
				"south": {"uv": [3.5, 10.5, 2.5, 11.25], "texture": "#0"},
				"west": {"uv": [0, 11.5, 0.25, 12.25], "texture": "#0"},
				"up": {"uv": [11, 9.75, 12, 9.5], "texture": "#0"},
				"down": {"uv": [10.5, 11, 9.5, 11.25], "texture": "#0"}
			}
		},
		{
			"from": [7.1, 15.2391, -2.93265],
			"to": [8.9, 16.53253, -2.39689],
			"rotation": {"angle": -45, "axis": "x", "origin": [6.8, 16.53253, -2.39689]},
			"faces": {
				"north": {"uv": [2.5, 10.5, 3.5, 11.25], "texture": "#0"},
				"east": {"uv": [11, 10.5, 11.25, 11.25], "texture": "#0"},
				"south": {"uv": [3.5, 10.5, 4.5, 11.25], "texture": "#0"},
				"west": {"uv": [0, 11.5, 0.25, 12.25], "texture": "#0"},
				"up": {"uv": [12, 9.75, 11, 9.5], "texture": "#0"},
				"down": {"uv": [12, 10, 11, 10.25], "texture": "#0"}
			}
		},
		{
			"from": [6.8, 17.03834, -2.81576],
			"to": [9.2, 18.43834, 2.18424],
			"rotation": {"angle": -22.5, "axis": "x", "origin": [6.3, 18.53834, 2.18424]},
			"faces": {
				"north": {"uv": [0, 10.5, 1.25, 11.25], "texture": "#0"},
				"east": {"uv": [9, 6, 11.5, 6.75], "texture": "#0"},
				"south": {"uv": [10.5, 0, 11.75, 0.75], "texture": "#0"},
				"west": {"uv": [8.5, 9, 11, 9.75], "texture": "#0"},
				"up": {"uv": [8.75, 7, 7.5, 4.5], "texture": "#0"},
				"down": {"uv": [3.25, 8, 2, 10.5], "texture": "#0"}
			}
		},
		{
			"from": [6.5, 14.7, 1],
			"to": [9.5, 16.7, 6],
			"rotation": {"angle": 22.5, "axis": "x", "origin": [6.3, 14.5, 6]},
			"faces": {
				"north": {"uv": [5, 9.5, 6.5, 10.5], "texture": "#0"},
				"east": {"uv": [8.5, 7, 11, 8], "texture": "#0"},
				"south": {"uv": [6.5, 9.5, 8, 10.5], "texture": "#0"},
				"west": {"uv": [8.5, 8, 11, 9], "texture": "#0"},
				"up": {"uv": [7.5, 7, 6, 4.5], "texture": "#0"},
				"down": {"uv": [7, 7, 5.5, 9.5], "texture": "#0"}
			}
		},
		{
			"from": [6, 17.8, 6],
			"to": [10, 19.8, 10],
			"rotation": {"angle": 0, "axis": "y", "origin": [7.95, 13.5, 9.25]},
			"faces": {
				"north": {"uv": [0, 8.5, 2, 9.5], "texture": "#0"},
				"east": {"uv": [3.5, 8.5, 5.5, 9.5], "texture": "#0"},
				"south": {"uv": [9, 2, 11, 3], "texture": "#0"},
				"west": {"uv": [9, 3, 11, 4], "texture": "#0"},
				"up": {"uv": [8, 2, 6, 0], "texture": "#0"},
				"down": {"uv": [4, 6, 2, 8], "texture": "#0"}
			}
		}
	],
	"display": {
		"gui": {
			"rotation": [-90, 67.5, 90],
			"translation": [1, -1.25, 0],
			"scale": [0.75, 0.75, 0.75]
		},
		"ground": {
			"translation": [0, 5.5, 0]
		},
		"fixed": {
			"rotation": [0, -89, 0]
		}
	},
	"groups": [
		{
			"name": "pickaxe",
			"origin": [8, 8, 8],
			"color": 0,
			"children": [0, 1, 2, 3, 4, 5, 6, 7, 8, 9, 10]
		}
	]
}