{
	"credit": "Made with Blockbench",
	"parent": "bone_pickaxe",
	"texture_size": [32, 32],
	"textures": {
		"0": "default/bone_pickaxe",
		"particle": "default/bone_pickaxe"
	},
	"elements": [
		{
			"from": [7.4, -0.5, 7.4],
			"to": [8.6, 16.6, 8.6],
			"rotation": {"angle": 0, "axis": "y", "origin": [7.95, 0, 7.95]},
			"faces": {
				"north": {"uv": [0, 0, 0.5, 8.5], "texture": "#0"},
				"east": {"uv": [0.5, 0, 1, 8.5], "texture": "#0"},
				"south": {"uv": [1, 0, 1.5, 8.5], "texture": "#0"},
				"west": {"uv": [1.5, 0, 2, 8.5], "texture": "#0"},
				"up": {"uv": [4, 6.5, 3.5, 6], "texture": "#0"},
				"down": {"uv": [7.5, 1.5, 7, 2], "texture": "#0"}
			}
		},
		{
			"from": [7.2, 7.5, 7.25],
			"to": [8.8, 9, 8.75],
			"rotation": {"angle": 45, "axis": "x", "origin": [8, 8.2, 8]},
			"faces": {
				"north": {"uv": [2, 7, 2.75, 7.75], "texture": "#0"},
				"east": {"uv": [7, 6, 7.75, 6.75], "texture": "#0"},
				"south": {"uv": [7, 7, 7.75, 7.75], "texture": "#0"},
				"west": {"uv": [7.75, 6, 7, 6.75], "texture": "#0"},
				"up": {"uv": [8.25, 3.25, 7.5, 2.5], "texture": "#0"},
				"down": {"uv": [3.75, 7.5, 3, 8.25], "texture": "#0"}
			}
		},
		{
			"from": [7.4, -1.6, 7.8],
			"to": [8.6, -0.5, 8.6],
			"rotation": {"angle": -22.5, "axis": "x", "origin": [8.6, -0.5, 7.9]},
			"faces": {
				"north": {"uv": [3, 7, 3.5, 7.5], "texture": "#0"},
				"east": {"uv": [8, 4, 8.5, 4.5], "texture": "#0"},
				"south": {"uv": [8, 6, 8.5, 6.5], "texture": "#0"},
				"west": {"uv": [8, 6.5, 8.5, 7], "texture": "#0"},
				"up": {"uv": [7.5, 8.5, 7, 8], "texture": "#0"},
				"down": {"uv": [8.5, 7, 8, 7.5], "texture": "#0"}
			}
		},
		{
			"from": [7.4, -1.6, 7.4],
			"to": [8.6, -0.5, 8.2],
			"rotation": {"angle": 22.5, "axis": "x", "origin": [8.6, -0.5, 8.1]},
			"faces": {
				"north": {"uv": [7.5, 8, 8, 8.5], "texture": "#0"},
				"east": {"uv": [8, 7.5, 8.5, 8], "texture": "#0"},
				"south": {"uv": [8, 8, 8.5, 8.5], "texture": "#0"},
				"west": {"uv": [0, 8.5, 0.5, 9], "texture": "#0"},
				"up": {"uv": [1, 9, 0.5, 8.5], "texture": "#0"},
				"down": {"uv": [1.5, 8.5, 1, 9], "texture": "#0"}
			}
		},
		{
			"from": [7.4, 16.6, 7.4],
			"to": [8.6, 17.7, 8.2],
			"rotation": {"angle": -22.5, "axis": "x", "origin": [8.6, 16.6, 8.1]},
			"faces": {
				"north": {"uv": [1.5, 8.5, 2, 9], "texture": "#0"},
				"east": {"uv": [8.5, 1.5, 9, 2], "texture": "#0"},
				"south": {"uv": [8.5, 2, 9, 2.5], "texture": "#0"},
				"west": {"uv": [8.5, 2.5, 9, 3], "texture": "#0"},
				"up": {"uv": [3.5, 9, 3, 8.5], "texture": "#0"},
				"down": {"uv": [9, 3, 8.5, 3.5], "texture": "#0"}
			}
		},
		{
			"from": [7.4, 16.6, 7.8],
			"to": [8.6, 17.7, 8.6],
			"rotation": {"angle": 22.5, "axis": "x", "origin": [8.6, 16.6, 7.9]},
			"faces": {
				"north": {"uv": [3.5, 8.5, 4, 9], "texture": "#0"},
				"east": {"uv": [4, 8.5, 4.5, 9], "texture": "#0"},
				"south": {"uv": [8.5, 4, 9, 4.5], "texture": "#0"},
				"west": {"uv": [4.5, 8.5, 5, 9], "texture": "#0"},
				"up": {"uv": [9, 5, 8.5, 4.5], "texture": "#0"},
				"down": {"uv": [9, 5, 8.5, 5.5], "texture": "#0"}
			}
		},
		{
			"from": [7.1, 14.1, 3.9],
			"to": [8.9, 15.9, 12.1],
			"rotation": {"angle": 0, "axis": "y", "origin": [7.95, 14, 6.15]},
			"faces": {
				"north": {"uv": [6, 0, 7, 1], "texture": "#0"},
				"east": {"uv": [2, 0, 6, 1], "texture": "#0"},
				"south": {"uv": [6, 1, 7, 2], "texture": "#0"},
				"west": {"uv": [2, 1, 6, 2], "texture": "#0"},
				"up": {"uv": [3, 6, 2, 2], "texture": "#0"},
				"down": {"uv": [4, 2, 3, 6], "texture": "#0"}
			}
		},
		{
			"from": [7.3, 14.3, 1.4],
			"to": [8.7, 15.7, 3.9],
			"rotation": {"angle": -22.5, "axis": "x", "origin": [7.1, 15.9, 3.9]},
			"faces": {
				"north": {"uv": [4, 7.5, 4.75, 8.25], "texture": "#0"},
				"east": {"uv": [2, 6, 3.25, 6.75], "texture": "#0"},
				"south": {"uv": [7.5, 4.5, 8.25, 5.25], "texture": "#0"},
				"west": {"uv": [6, 5, 7.25, 5.75], "texture": "#0"},
				"up": {"uv": [6.75, 7.25, 6, 6], "texture": "#0"},
				"down": {"uv": [7.25, 2, 6.5, 3.25], "texture": "#0"}
			}
		},
		{
			"from": [7.5, 13.55852, -0.33316],
			"to": [8.5, 14.55852, 1.66684],
			"rotation": {"angle": -45, "axis": "x", "origin": [7.3, 14.75852, 1.66684]},
			"faces": {
				"north": {"uv": [8.5, 5.5, 9, 6], "texture": "#0"},
				"east": {"uv": [6.5, 4.5, 7.5, 5], "texture": "#0"},
				"south": {"uv": [6, 8.5, 6.5, 9], "texture": "#0"},
				"west": {"uv": [7.5, 5.5, 8.5, 6], "texture": "#0"},
				"up": {"uv": [2.5, 9, 2, 8], "texture": "#0"},
				"down": {"uv": [3, 8, 2.5, 9], "texture": "#0"}
			}
		},
		{
			"from": [7.3, 14.3, 12.1],
			"to": [8.7, 15.7, 14.6],
			"rotation": {"angle": 22.5, "axis": "x", "origin": [7.1, 15.9, 12.1]},
			"faces": {
				"north": {"uv": [6, 7.5, 6.75, 8.25], "texture": "#0"},
				"east": {"uv": [3.25, 6, 2, 6.75], "texture": "#0"},
				"south": {"uv": [8, 0, 8.75, 0.75], "texture": "#0"},
				"west": {"uv": [7.25, 5, 6, 5.75], "texture": "#0"},
				"up": {"uv": [6, 7.25, 6.75, 6], "texture": "#0"},
				"down": {"uv": [7.25, 3.25, 6.5, 2], "texture": "#0"}
			}
		},
		{
			"from": [7.5, 13.55852, 14.33316],
			"to": [8.5, 14.55852, 16.33316],
			"rotation": {"angle": 45, "axis": "x", "origin": [7.3, 14.75852, 14.33316]},
			"faces": {
				"north": {"uv": [8.5, 6, 9, 6.5], "texture": "#0"},
				"east": {"uv": [7.5, 4.5, 6.5, 5], "texture": "#0"},
				"south": {"uv": [9, 5.5, 8.5, 6], "texture": "#0"},
				"west": {"uv": [8.5, 5.5, 7.5, 6], "texture": "#0"},
				"up": {"uv": [2.5, 8, 2, 9], "texture": "#0"},
				"down": {"uv": [3, 9, 2.5, 8], "texture": "#0"}
			}
		},
		{
			"from": [7, 13.8, 6.8],
			"to": [9, 16.2, 9.2],
			"rotation": {"angle": 0, "axis": "y", "origin": [7.95, 13.5, 9.75]},
			"faces": {
				"north": {"uv": [4, 5, 5, 6.5], "texture": "#0"},
				"east": {"uv": [4, 2, 5.5, 3.5], "texture": "#0"},
				"south": {"uv": [5, 5, 4, 6.5], "texture": "#0"},
				"west": {"uv": [4, 2, 5.5, 3.5], "texture": "#0"},
				"up": {"uv": [6.5, 3.25, 5.5, 2], "texture": "#0"},
				"down": {"uv": [6.5, 3.5, 5.5, 4.75], "texture": "#0"}
			}
		},
		{
			"from": [8, 6.1, 5.5],
			"to": [8, 14.1, 10.5],
			"rotation": {"angle": 0, "axis": "y", "origin": [7.5, 0, 7.5]},
			"faces": {
				"north": {"uv": [0, 0, 0, 4], "texture": "#0"},
				"east": {"uv": [16, 0, 13.5, 4], "texture": "#0"},
				"south": {"uv": [0, 0, 0, 4], "texture": "#0"},
				"west": {"uv": [13.5, 0, 16, 4], "texture": "#0"},
				"up": {"uv": [0, 0, 0, 2.5], "texture": "#0"},
				"down": {"uv": [0, 0, 0, 2.5], "texture": "#0"}
			}
		},
		{
			"from": [8, 15.4, 6.5],
			"to": [8, 17.4, 11.5],
			"rotation": {"angle": -22.5, "axis": "x", "origin": [7.5, 0, 8.5]},
			"faces": {
				"north": {"uv": [0, 0, 0, 1], "texture": "#0"},
				"east": {"uv": [13.5, 15, 16, 16], "texture": "#0"},
				"south": {"uv": [0, 0, 0, 1], "texture": "#0"},
				"west": {"uv": [16, 15, 13.5, 16], "texture": "#0"},
				"up": {"uv": [0, 2.5, 0, 0], "texture": "#0"},
				"down": {"uv": [0, 2.5, 0, 0], "texture": "#0"}
			}
		},
		{
			"from": [8, 15.4, 4.5],
			"to": [8, 17.4, 9.5],
			"rotation": {"angle": 22.5, "axis": "x", "origin": [7.5, 0, 7.5]},
			"faces": {
				"north": {"uv": [0, 0, 0, 1], "texture": "#0"},
				"east": {"uv": [16, 15, 13.5, 16], "texture": "#0"},
				"south": {"uv": [0, 0, 0, 1], "texture": "#0"},
				"west": {"uv": [13.5, 15, 16, 16], "texture": "#0"},
				"up": {"uv": [0, 0, 0, 2.5], "texture": "#0"},
				"down": {"uv": [0, 0, 0, 2.5], "texture": "#0"}
			}
		}
	],
	"display": {
		"thirdperson_righthand": {
			"translation": [0, 2, 1.25]
		},
		"thirdperson_lefthand": {
			"translation": [0, 2, 1.25]
		},
		"firstperson_righthand": {
			"translation": [0, 2, 0]
		},
		"firstperson_lefthand": {
			"translation": [0, 2, 0]
		},
		"ground": {
			"translation": [0, 6, 0]
		},
		"gui": {
			"rotation": [-90, 67.25, 90],
			"translation": [1, 0, 0],
			"scale": [0.8, 0.8, 0.8]
		},
		"fixed": {
			"rotation": [0, 90, 0]
		}
	},
	"groups": [
		{
			"name": "pickaxe",
			"origin": [8, 8, 8],
			"color": 0,
			"children": [0, 1, 2, 3, 4, 5, 6, 7, 8, 9, 10, 11, 12, 13, 14]
		}
	]
}