{
	"credit": "Made with Blockbench",
	"parent": "burguer_pickaxe",
	"texture_size": [64, 64],
	"textures": {
		"0": "default/burguerpickaxe_texture",
		"particle": "default/burguerpickaxe_texture"
	},
	"elements": [
		{
			"from": [7, -2.3, 7],
			"to": [9, 10.7, 9],
			"rotation": {"angle": 0, "axis": "y", "origin": [7.85, 0, 7.95]},
			"faces": {
				"north": {"uv": [2, 3, 2.5, 6.25], "texture": "#0"},
				"east": {"uv": [5, 5, 5.5, 8.25], "texture": "#0"},
				"south": {"uv": [5.25, 0, 5.75, 3.25], "texture": "#0"},
				"west": {"uv": [2.5, 5.5, 3, 8.75], "texture": "#0"},
				"up": {"uv": [2, 6.25, 1.5, 5.75], "texture": "#0"},
				"down": {"uv": [3.5, 6.5, 3, 7], "texture": "#0"}
			}
		},
		{
			"from": [6.8, 0.2, 6.8],
			"to": [9.2, 8.2, 9.2],
			"rotation": {"angle": 0, "axis": "y", "origin": [7.85, 0, 7.95]},
			"faces": {
				"north": {"uv": [5.5, 3.25, 6.125, 5.25], "texture": "#0"},
				"east": {"uv": [5.5, 5.25, 6.125, 7.25], "texture": "#0"},
				"south": {"uv": [0, 5.75, 0.625, 7.75], "texture": "#0"},
				"west": {"uv": [5.75, 0, 6.375, 2], "texture": "#0"},
				"up": {"uv": [1.375, 6.375, 0.75, 5.75], "texture": "#0"},
				"down": {"uv": [2.125, 6.25, 1.5, 6.875], "texture": "#0"}
			}
		},
		{
			"from": [7.8, 15.8, 7.8],
			"to": [8.2, 18.8, 8.2],
			"rotation": {"angle": 0, "axis": "y", "origin": [7.95, -1, 7.95]},
			"faces": {
				"north": {"uv": [5.25, 3.25, 5.375, 4], "texture": "#0"},
				"east": {"uv": [5.25, 4, 5.375, 4.75], "texture": "#0"},
				"south": {"uv": [2.25, 6.25, 2.375, 7], "texture": "#0"},
				"west": {"uv": [6, 7.25, 6.125, 8], "texture": "#0"},
				"up": {"uv": [8.625, 2.625, 8.5, 2.5], "texture": "#0"},
				"down": {"uv": [8.625, 2.75, 8.5, 2.875], "texture": "#0"}
			}
		},
		{
			"from": [8, 17.3, 8.2],
			"to": [8, 18.8, 10.2],
			"rotation": {"angle": 0, "axis": "y", "origin": [7.95, -1, 7.95]},
			"faces": {
				"north": {"uv": [0, 0, 0, 0.375], "texture": "#0"},
				"east": {"uv": [2.25, 7, 1.75, 7.375], "texture": "#0"},
				"south": {"uv": [0, 0, 0, 0.375], "texture": "#0"},
				"west": {"uv": [1.625, 8.75, 2.625, 9.625], "texture": "#0"},
				"up": {"uv": [0, 0.5, 0, 0], "texture": "#0"},
				"down": {"uv": [0, 0, 0, 0.5], "texture": "#0"}
			}
		},
		{
			"from": [6.7, 10.6, 6.7],
			"to": [9.3, 11.8, 9.3],
			"rotation": {"angle": 0, "axis": "y", "origin": [7.95, -2, 7.95]},
			"faces": {
				"north": {"uv": [7.25, 7, 7.875, 7.25], "texture": "#0"},
				"east": {"uv": [7.25, 7.25, 7.875, 7.5], "texture": "#0"},
				"south": {"uv": [7.5, 0, 8.125, 0.25], "texture": "#0"},
				"west": {"uv": [7.5, 0.25, 8.125, 0.5], "texture": "#0"},
				"up": {"uv": [6.875, 4.625, 6.25, 4], "texture": "#0"},
				"down": {"uv": [6.875, 4.75, 6.25, 5.375], "texture": "#0"}
			}
		},
		{
			"from": [6, 14.4, 2.8],
			"to": [10, 15.8, 13.2],
			"rotation": {"angle": 0, "axis": "y", "origin": [7.95, 11.5, 9.75]},
			"faces": {
				"north": {"uv": [6.25, 5.5, 7.25, 5.875], "texture": "#0"},
				"east": {"uv": [5.75, 2.5, 8.375, 2.875], "texture": "#0"},
				"south": {"uv": [6.25, 6, 7.25, 6.375], "texture": "#0"},
				"west": {"uv": [5.75, 2.5, 8.375, 2.875], "texture": "#0"},
				"up": {"uv": [3.5, 2.625, 2.5, 0], "texture": "#0"},
				"down": {"uv": [3.5, 2.75, 2.5, 5.375], "texture": "#0"}
			}
		},
		{
			"from": [6.92388, 14.4, 2.41732],
			"to": [9.07612, 15.8, 2.8],
			"rotation": {"angle": 0, "axis": "y", "origin": [7.95, 11.5, 9.75]},
			"faces": {
				"north": {"uv": [3, 7, 3.5, 7.375], "texture": "#0"},
				"east": {"uv": [7.75, 7.5, 7.875, 7.875], "texture": "#0"},
				"south": {"uv": [7, 4.5, 7.5, 4.875], "texture": "#0"},
				"west": {"uv": [1, 8, 1.125, 8.375], "texture": "#0"},
				"up": {"uv": [6.25, 3.125, 5.75, 3], "texture": "#0"},
				"down": {"uv": [4.25, 7.75, 3.75, 7.875], "texture": "#0"}
			}
		},
		{
			"from": [6, 14.4, 2.8],
			"to": [7, 15.8, 3.2],
			"rotation": {"angle": 22.5, "axis": "y", "origin": [6, 14.4, 2.8]},
			"faces": {
				"north": {"uv": [1.25, 6.5, 1.5, 6.875], "texture": "#0"},
				"east": {"uv": [1.25, 8, 1.375, 8.375], "texture": "#0"},
				"south": {"uv": [2.25, 7, 2.5, 7.375], "texture": "#0"},
				"west": {"uv": [1.5, 8, 1.625, 8.375], "texture": "#0"},
				"up": {"uv": [5.5, 4.875, 5.25, 4.75], "texture": "#0"},
				"down": {"uv": [8, 6.25, 7.75, 6.375], "texture": "#0"}
			}
		},
		{
			"from": [9, 14.4, 2.8],
			"to": [10, 15.8, 3.2],
			"rotation": {"angle": -22.5, "axis": "y", "origin": [10, 14.4, 2.8]},
			"faces": {
				"north": {"uv": [4.25, 7.5, 4.5, 7.875], "texture": "#0"},
				"east": {"uv": [1.75, 8, 1.875, 8.375], "texture": "#0"},
				"south": {"uv": [4.5, 7.5, 4.75, 7.875], "texture": "#0"},
				"west": {"uv": [2, 8, 2.125, 8.375], "texture": "#0"},
				"up": {"uv": [8.25, 6.375, 8, 6.25], "texture": "#0"},
				"down": {"uv": [7.75, 8, 7.5, 8.125], "texture": "#0"}
			}
		},
		{
			"from": [9, 14.4, 12.8],
			"to": [10, 15.8, 13.2],
			"rotation": {"angle": 22.5, "axis": "y", "origin": [10, 14.4, 13.2]},
			"faces": {
				"north": {"uv": [4.75, 7.5, 5, 7.875], "texture": "#0"},
				"east": {"uv": [2.25, 8, 2.375, 8.375], "texture": "#0"},
				"south": {"uv": [7.5, 4.75, 7.75, 5.125], "texture": "#0"},
				"west": {"uv": [3, 8, 3.125, 8.375], "texture": "#0"},
				"up": {"uv": [8.25, 7.625, 8, 7.5], "texture": "#0"},
				"down": {"uv": [8, 8, 7.75, 8.125], "texture": "#0"}
			}
		},
		{
			"from": [6.92388, 14.4, 13.2],
			"to": [9.07612, 15.8, 13.58268],
			"rotation": {"angle": 0, "axis": "y", "origin": [7.95, 11.5, 6.25]},
			"faces": {
				"north": {"uv": [7, 5, 7.5, 5.375], "texture": "#0"},
				"east": {"uv": [3.25, 8, 3.375, 8.375], "texture": "#0"},
				"south": {"uv": [6.25, 7, 6.75, 7.375], "texture": "#0"},
				"west": {"uv": [3.5, 8, 3.625, 8.375], "texture": "#0"},
				"up": {"uv": [8.25, 4.875, 7.75, 4.75], "texture": "#0"},
				"down": {"uv": [8.25, 5, 7.75, 5.125], "texture": "#0"}
			}
		},
		{
			"from": [6, 14.4, 12.8],
			"to": [7, 15.8, 13.2],
			"rotation": {"angle": -22.5, "axis": "y", "origin": [6, 14.4, 13.2]},
			"faces": {
				"north": {"uv": [6.25, 7.5, 6.5, 7.875], "texture": "#0"},
				"east": {"uv": [3.75, 8, 3.875, 8.375], "texture": "#0"},
				"south": {"uv": [6.5, 7.5, 6.75, 7.875], "texture": "#0"},
				"west": {"uv": [4, 8, 4.125, 8.375], "texture": "#0"},
				"up": {"uv": [8.25, 7.875, 8, 7.75], "texture": "#0"},
				"down": {"uv": [8.25, 8, 8, 8.125], "texture": "#0"}
			}
		},
		{
			"from": [9, 11.8, 12.8],
			"to": [10, 13.2, 13.2],
			"rotation": {"angle": 22.5, "axis": "y", "origin": [10, 11.8, 13.2]},
			"faces": {
				"north": {"uv": [6.75, 7.5, 7, 7.875], "texture": "#0"},
				"east": {"uv": [4.25, 8, 4.375, 8.375], "texture": "#0"},
				"south": {"uv": [7.5, 4.75, 7.75, 5.125], "texture": "#0"},
				"west": {"uv": [4.5, 8, 4.625, 8.375], "texture": "#0"},
				"up": {"uv": [0.25, 8.375, 0, 8.25], "texture": "#0"},
				"down": {"uv": [8.5, 0, 8.25, 0.125], "texture": "#0"}
			}
		},
		{
			"from": [6.92388, 11.8, 13.2],
			"to": [9.07612, 13.2, 13.58268],
			"rotation": {"angle": 0, "axis": "y", "origin": [7.95, 8.9, 6.25]},
			"faces": {
				"north": {"uv": [6.75, 7, 7.25, 7.375], "texture": "#0"},
				"east": {"uv": [4.75, 8, 4.875, 8.375], "texture": "#0"},
				"south": {"uv": [6.25, 7, 6.75, 7.375], "texture": "#0"},
				"west": {"uv": [5.5, 8, 5.625, 8.375], "texture": "#0"},
				"up": {"uv": [6, 7.875, 5.5, 7.75], "texture": "#0"},
				"down": {"uv": [8.25, 5.5, 7.75, 5.625], "texture": "#0"}
			}
		},
		{
			"from": [6, 11.8, 12.8],
			"to": [7, 13.2, 13.2],
			"rotation": {"angle": -22.5, "axis": "y", "origin": [6, 11.8, 13.2]},
			"faces": {
				"north": {"uv": [7.25, 7.5, 7.5, 7.875], "texture": "#0"},
				"east": {"uv": [5.75, 8, 5.875, 8.375], "texture": "#0"},
				"south": {"uv": [6.5, 7.5, 6.75, 7.875], "texture": "#0"},
				"west": {"uv": [6, 8, 6.125, 8.375], "texture": "#0"},
				"up": {"uv": [0.5, 8.375, 0.25, 8.25], "texture": "#0"},
				"down": {"uv": [8.5, 0.25, 8.25, 0.375], "texture": "#0"}
			}
		},
		{
			"from": [6, 11.8, 2.8],
			"to": [7, 13.2, 3.2],
			"rotation": {"angle": 22.5, "axis": "y", "origin": [6, 11.8, 2.8]},
			"faces": {
				"north": {"uv": [1.5, 6.5, 1.25, 6.875], "texture": "#0"},
				"east": {"uv": [6.25, 8, 6.375, 8.375], "texture": "#0"},
				"south": {"uv": [0.25, 7.75, 0.5, 8.125], "texture": "#0"},
				"west": {"uv": [6.5, 8, 6.625, 8.375], "texture": "#0"},
				"up": {"uv": [0.75, 8.375, 0.5, 8.25], "texture": "#0"},
				"down": {"uv": [8.5, 0.5, 8.25, 0.625], "texture": "#0"}
			}
		},
		{
			"from": [6.92388, 11.8, 2.41732],
			"to": [9.07612, 13.2, 2.8],
			"rotation": {"angle": 0, "axis": "y", "origin": [7.95, 8.9, 9.75]},
			"faces": {
				"north": {"uv": [3.5, 7, 3, 7.375], "texture": "#0"},
				"east": {"uv": [6.75, 8, 6.875, 8.375], "texture": "#0"},
				"south": {"uv": [7.25, 6, 7.75, 6.375], "texture": "#0"},
				"west": {"uv": [7, 8, 7.125, 8.375], "texture": "#0"},
				"up": {"uv": [8.25, 5.875, 7.75, 5.75], "texture": "#0"},
				"down": {"uv": [8.25, 6, 7.75, 6.125], "texture": "#0"}
			}
		},
		{
			"from": [9, 11.8, 2.8],
			"to": [10, 13.2, 3.2],
			"rotation": {"angle": -22.5, "axis": "y", "origin": [10, 11.8, 2.8]},
			"faces": {
				"north": {"uv": [4.5, 7.5, 4.25, 7.875], "texture": "#0"},
				"east": {"uv": [8, 7, 8.125, 7.375], "texture": "#0"},
				"south": {"uv": [0.75, 7.75, 1, 8.125], "texture": "#0"},
				"west": {"uv": [7.25, 8, 7.375, 8.375], "texture": "#0"},
				"up": {"uv": [1, 8.375, 0.75, 8.25], "texture": "#0"},
				"down": {"uv": [8.5, 4.75, 8.25, 4.875], "texture": "#0"}
			}
		},
		{
			"from": [6, 11.8, 2.8],
			"to": [10, 13.2, 13.2],
			"rotation": {"angle": 0, "axis": "y", "origin": [7.95, 11.5, 9.75]},
			"faces": {
				"north": {"uv": [6.5, 0, 7.5, 0.375], "texture": "#0"},
				"east": {"uv": [5.75, 2.5, 8.375, 2.875], "texture": "#0"},
				"south": {"uv": [6.5, 0.5, 7.5, 0.875], "texture": "#0"},
				"west": {"uv": [8.375, 2.5, 5.75, 2.875], "texture": "#0"},
				"up": {"uv": [1, 5.625, 0, 3], "texture": "#0"},
				"down": {"uv": [2, 3, 1, 5.625], "texture": "#0"}
			}
		},
		{
			"from": [4.5, 13.2, 6.3],
			"to": [6, 13.2, 9.7],
			"rotation": {"angle": 45, "axis": "z", "origin": [6, 13.2, 9.7]},
			"faces": {
				"north": {"uv": [0, 0, 0.375, 0], "texture": "#0"},
				"east": {"uv": [0, 0, 0.875, 0], "texture": "#0"},
				"south": {"uv": [0, 0, 0.375, 0], "texture": "#0"},
				"west": {"uv": [0, 0, 0.875, 0], "texture": "#0"},
				"up": {"uv": [3.375, 6.375, 3, 5.5], "texture": "#0"},
				"down": {"uv": [1.125, 6.5, 0.75, 7.375], "texture": "#0"}
			}
		},
		{
			"from": [4.93934, 11.13934, 6.8],
			"to": [4.93934, 12.13934, 9.2],
			"rotation": {"angle": -22.5, "axis": "z", "origin": [4.93934, 12.13934, 8.7]},
			"faces": {
				"north": {"uv": [0, 0, 0, 0.25], "texture": "#0"},
				"east": {"uv": [7.5, 0.5, 8.125, 0.75], "texture": "#0"},
				"south": {"uv": [0, 0, 0, 0.25], "texture": "#0"},
				"west": {"uv": [0.75, 7.5, 1.375, 7.75], "texture": "#0"},
				"up": {"uv": [0, 0.625, 0, 0], "texture": "#0"},
				"down": {"uv": [0, 0, 0, 0.625], "texture": "#0"}
			}
		},
		{
			"from": [6.3, 13.2, 3.1],
			"to": [9.7, 13.6, 12.9],
			"rotation": {"angle": 0, "axis": "y", "origin": [7.95, 11.5, 9.75]},
			"faces": {
				"north": {"uv": [1.5, 7.5, 2.375, 7.625], "texture": "#0"},
				"east": {"uv": [6.5, 1.5, 9, 1.625], "texture": "#0"},
				"south": {"uv": [7.5, 4.5, 8.375, 4.625], "texture": "#0"},
				"west": {"uv": [6.5, 1.75, 9, 1.875], "texture": "#0"},
				"up": {"uv": [4.375, 2.5, 3.5, 0], "texture": "#0"},
				"down": {"uv": [4.375, 2.5, 3.5, 5], "texture": "#0"}
			}
		},
		{
			"from": [6.4, 14, 3.2],
			"to": [9.6, 14.4, 12.8],
			"rotation": {"angle": 0, "axis": "y", "origin": [7.95, 11.5, 9.75]},
			"faces": {
				"north": {"uv": [7.5, 5.25, 8.25, 5.375], "texture": "#0"},
				"east": {"uv": [6.25, 6.5, 8.625, 6.625], "texture": "#0"},
				"south": {"uv": [1, 7.75, 1.75, 7.875], "texture": "#0"},
				"west": {"uv": [6.25, 6.75, 8.625, 6.875], "texture": "#0"},
				"up": {"uv": [5.25, 2.375, 4.5, 0], "texture": "#0"},
				"down": {"uv": [5.25, 2.5, 4.5, 4.875], "texture": "#0"}
			}
		},
		{
			"from": [6.5, 13.6, 3.3],
			"to": [9.5, 14, 12.7],
			"rotation": {"angle": 0, "axis": "y", "origin": [7.95, 11.5, 9.75]},
			"faces": {
				"north": {"uv": [1.75, 7.75, 2.5, 7.875], "texture": "#0"},
				"east": {"uv": [7, 4, 9.375, 4.125], "texture": "#0"},
				"south": {"uv": [3, 7.75, 3.75, 7.875], "texture": "#0"},
				"west": {"uv": [7, 4.25, 9.375, 4.375], "texture": "#0"},
				"up": {"uv": [4.25, 7.375, 3.5, 5], "texture": "#0"},
				"down": {"uv": [5, 5, 4.25, 7.375], "texture": "#0"}
			}
		},
		{
			"from": [5.5, 13.6, 2.3],
			"to": [10.5, 14.3, 13.7],
			"rotation": {"angle": 0, "axis": "y", "origin": [7.95, 11.5, 9.75]},
			"faces": {
				"north": {"uv": [7.5, 0.75, 8.75, 1], "texture": "#0"},
				"east": {"uv": [6.5, 1, 9.375, 1.25], "texture": "#0"},
				"south": {"uv": [3, 7.5, 4.25, 7.75], "texture": "#0"},
				"west": {"uv": [6.5, 1.25, 9.375, 1.5], "texture": "#0"},
				"up": {"uv": [1.25, 2.875, 0, 0], "texture": "#0"},
				"down": {"uv": [2.5, 0, 1.25, 2.875], "texture": "#0"}
			}
		},
		{
			"from": [5.975, 14.4, 5],
			"to": [5.975, 15.8, 7],
			"faces": {
				"north": {"uv": [0, 0, 0, 0.35], "texture": "#0"},
				"east": {"uv": [0, 0, 0.5, 0.35], "texture": "#0"},
				"south": {"uv": [0, 0, 0, 0.35], "texture": "#0"},
				"west": {"uv": [10, 0, 10.5, 0.35], "texture": "#0"},
				"up": {"uv": [0, 0, 0, 0.5], "texture": "#0"},
				"down": {"uv": [0, 0, 0, 0.5], "texture": "#0"}
			}
		},
		{
			"from": [5.975, 14.4, 9],
			"to": [5.975, 15.8, 11],
			"rotation": {"angle": 0, "axis": "y", "origin": [0, 0, 16]},
			"faces": {
				"north": {"uv": [0, 0, 0, 0.35], "texture": "#0"},
				"east": {"uv": [0.5, 0, 0, 0.35], "texture": "#0"},
				"south": {"uv": [0, 0, 0, 0.35], "texture": "#0"},
				"west": {"uv": [10.5, 0, 10, 0.35], "texture": "#0"},
				"up": {"uv": [0, 0.5, 0, 0], "texture": "#0"},
				"down": {"uv": [0, 0.5, 0, 0], "texture": "#0"}
			}
		}
	],
	"display": {
		"thirdperson_righthand": {
			"translation": [0, 3, 1.5]
		},
		"thirdperson_lefthand": {
			"translation": [0, 3, 1.5]
		},
		"firstperson_righthand": {
			"translation": [0, 2, 0]
		},
		"firstperson_lefthand": {
			"translation": [0, 2, 0]
		},
		"ground": {
			"translation": [0, 7, 0]
		},
		"gui": {
			"rotation": [-90, 67, 90],
			"translation": [0.75, -0.25, 0],
			"scale": [0.7, 0.7, 0.7]
		},
		"fixed": {
			"rotation": [0, -90, 0],
			"translation": [0, -0.25, -0.25],
			"scale": [0.85, 0.85, 0.85]
		}
	},
	"groups": [
		{
			"name": "pickaxe",
			"origin": [8, 8, 8],
			"color": 0,
			"children": [0, 1, 2, 3, 4, 5, 6, 7, 8, 9, 10, 11, 12, 13, 14, 15, 16, 17, 18, 19, 20, 21, 22, 23, 24, 25, 26]
		}
	]
}