{
	"credit": "Made with Blockbench",
	"parent": "copper_pickaxe",
	"texture_size": [32, 32],
	"textures": {
		"0": "default/copperpickaxe_texture",
		"particle": "default/copperpickaxe_texture"
	},
	"elements": [
		{
			"from": [7.2, 0.3, 7.2],
			"to": [8.8, 12.1, 8.8],
			"rotation": {"angle": -45, "axis": "y", "origin": [8, 0, 8]},
			"faces": {
				"north": {"uv": [0, 3, 0.75, 9], "texture": "#0"},
				"east": {"uv": [1, 3, 1.75, 9], "texture": "#0"},
				"south": {"uv": [2, 3, 2.75, 9], "texture": "#0"},
				"west": {"uv": [3, 3, 3.75, 9], "texture": "#0"},
				"up": {"uv": [11.75, 4.25, 11, 3.5], "texture": "#0"},
				"down": {"uv": [4.75, 11, 4, 11.75], "texture": "#0"}
			}
		},
		{
			"from": [7.14645, 9.7, 4.7],
			"to": [8.14645, 10.7, 11.3],
			"rotation": {"angle": -45, "axis": "z", "origin": [7.64645, 9.7, 8]},
			"faces": {
				"north": {"uv": [3.5, 9, 4, 9.5], "texture": "#0"},
				"east": {"uv": [6, 3, 9.25, 3.5], "texture": "#0"},
				"south": {"uv": [9, 9.5, 9.5, 10], "texture": "#0"},
				"west": {"uv": [6, 3.5, 9.25, 4], "texture": "#0"},
				"up": {"uv": [4.5, 9.25, 4, 6], "texture": "#0"},
				"down": {"uv": [6.5, 4, 6, 7.25], "texture": "#0"}
			}
		},
		{
			"from": [6.94645, 9.5, 3.3],
			"to": [8.34645, 10.9, 4.7],
			"rotation": {"angle": -45, "axis": "z", "origin": [7.64645, 9.7, 8]},
			"faces": {
				"north": {"uv": [5, 11, 5.75, 11.75], "texture": "#0"},
				"east": {"uv": [6, 11, 6.75, 11.75], "texture": "#0"},
				"south": {"uv": [11, 6.5, 11.75, 7.25], "texture": "#0"},
				"west": {"uv": [11, 7.5, 11.75, 8.25], "texture": "#0"},
				"up": {"uv": [8.75, 11.75, 8, 11], "texture": "#0"},
				"down": {"uv": [9.75, 11, 9, 11.75], "texture": "#0"}
			}
		},
		{
			"from": [6.94645, 9.5, 11.3],
			"to": [8.34645, 10.9, 12.7],
			"rotation": {"angle": -45, "axis": "z", "origin": [7.64645, 9.7, 8]},
			"faces": {
				"north": {"uv": [10, 11, 10.75, 11.75], "texture": "#0"},
				"east": {"uv": [6.75, 11, 6, 11.75], "texture": "#0"},
				"south": {"uv": [5.75, 11, 5, 11.75], "texture": "#0"},
				"west": {"uv": [11.75, 7.5, 11, 8.25], "texture": "#0"},
				"up": {"uv": [8.75, 11, 8, 11.75], "texture": "#0"},
				"down": {"uv": [9.75, 11.75, 9, 11], "texture": "#0"}
			}
		},
		{
			"from": [7.6, 1.8, 5],
			"to": [8.4, 2.6, 7.3],
			"rotation": {"angle": 0, "axis": "y", "origin": [7.95, 0, 7.95]},
			"faces": {
				"north": {"uv": [11, 4.5, 11.5, 5], "texture": "#0"},
				"east": {"uv": [10.5, 6, 11.75, 6.5], "texture": "#0"},
				"south": {"uv": [11.5, 3, 12, 3.5], "texture": "#0"},
				"west": {"uv": [10.5, 8.5, 11.75, 9], "texture": "#0"},
				"up": {"uv": [2.5, 12.25, 2, 11], "texture": "#0"},
				"down": {"uv": [11.5, 2, 11, 3.25], "texture": "#0"}
			}
		},
		{
			"from": [7.6, 6.2, 5],
			"to": [8.4, 7, 7.3],
			"rotation": {"angle": 0, "axis": "y", "origin": [7.95, 0, 7.95]},
			"faces": {
				"north": {"uv": [12, 6.5, 12.5, 7], "texture": "#0"},
				"east": {"uv": [10.5, 9, 11.75, 9.5], "texture": "#0"},
				"south": {"uv": [12, 7, 12.5, 7.5], "texture": "#0"},
				"west": {"uv": [10.5, 9.5, 11.75, 10], "texture": "#0"},
				"up": {"uv": [3, 12.25, 2.5, 11], "texture": "#0"},
				"down": {"uv": [4, 11, 3.5, 12.25], "texture": "#0"}
			}
		},
		{
			"from": [7.6, 2.6, 5],
			"to": [8.4, 6.2, 5.7],
			"rotation": {"angle": 0, "axis": "y", "origin": [7.95, 0, 7.95]},
			"faces": {
				"north": {"uv": [3, 10, 3.5, 11.75], "texture": "#0"},
				"east": {"uv": [12, 3, 12.5, 4.75], "texture": "#0"},
				"south": {"uv": [7.5, 10, 8, 11.75], "texture": "#0"},
				"west": {"uv": [4, 12, 4.5, 13.75], "texture": "#0"},
				"up": {"uv": [12.5, 10.75, 12, 10.5], "texture": "#0"},
				"down": {"uv": [11.5, 12, 11, 12.25], "texture": "#0"}
			}
		},
		{
			"from": [6.9, -1.5, 6.9],
			"to": [9.1, 0.3, 9.1],
			"rotation": {"angle": -45, "axis": "y", "origin": [7.95, 0, 7.95]},
			"faces": {
				"north": {"uv": [2, 10, 3, 11], "texture": "#0"},
				"east": {"uv": [10, 2, 11, 3], "texture": "#0"},
				"south": {"uv": [4.5, 10, 5.5, 11], "texture": "#0"},
				"west": {"uv": [5.5, 10, 6.5, 11], "texture": "#0"},
				"up": {"uv": [7.5, 11, 6.5, 10], "texture": "#0"},
				"down": {"uv": [10, 10, 9, 11], "texture": "#0"}
			}
		},
		{
			"from": [6.7, 12, 6.7],
			"to": [9.3, 13.8, 9.3],
			"rotation": {"angle": 0, "axis": "y", "origin": [7.95, 0, 7.95]},
			"faces": {
				"north": {"uv": [2, 9, 3.25, 10], "texture": "#0"},
				"east": {"uv": [4.5, 9, 5.75, 10], "texture": "#0"},
				"south": {"uv": [9.5, 3, 10.75, 4], "texture": "#0"},
				"west": {"uv": [9.5, 4, 10.75, 5], "texture": "#0"},
				"up": {"uv": [5.75, 7.25, 4.5, 6], "texture": "#0"},
				"down": {"uv": [7.75, 4, 6.5, 5.25], "texture": "#0"}
			}
		},
		{
			"from": [7.6, 17, 7.6],
			"to": [8.4, 17.3, 8.4],
			"rotation": {"angle": 0, "axis": "y", "origin": [7.95, 0, 7.95]},
			"faces": {
				"north": {"uv": [12, 11, 12.5, 11.25], "texture": "#0"},
				"east": {"uv": [11.5, 12, 12, 12.25], "texture": "#0"},
				"south": {"uv": [12, 11.5, 12.5, 11.75], "texture": "#0"},
				"west": {"uv": [12, 12, 12.5, 12.25], "texture": "#0"},
				"up": {"uv": [12.5, 8, 12, 7.5], "texture": "#0"},
				"down": {"uv": [8.5, 12, 8, 12.5], "texture": "#0"}
			}
		},
		{
			"from": [7.6, 18.1, 7.6],
			"to": [8.4, 18.9, 8.4],
			"rotation": {"angle": 22.5, "axis": "y", "origin": [8, 18, 8]},
			"faces": {
				"north": {"uv": [9, 12, 9.5, 12.5], "texture": "#0"},
				"east": {"uv": [9, 12, 9.5, 12.5], "texture": "#0"},
				"south": {"uv": [9, 12, 9.5, 12.5], "texture": "#0"},
				"west": {"uv": [9, 12, 9.5, 12.5], "texture": "#0"},
				"up": {"uv": [9.5, 12.5, 9, 12], "texture": "#0"},
				"down": {"uv": [10, 12, 9.5, 12.5], "texture": "#0"}
			}
		},
		{
			"from": [7.8, 17.3, 7.8],
			"to": [8.2, 18.1, 8.2],
			"rotation": {"angle": 0, "axis": "y", "origin": [7.95, 0, 7.95]},
			"faces": {
				"north": {"uv": [0, 12.5, 0.25, 13], "texture": "#0"},
				"east": {"uv": [12.5, 0, 12.75, 0.5], "texture": "#0"},
				"south": {"uv": [0.5, 12.5, 0.75, 13], "texture": "#0"},
				"west": {"uv": [12.5, 0.5, 12.75, 1], "texture": "#0"},
				"up": {"uv": [1.25, 12.75, 1, 12.5], "texture": "#0"},
				"down": {"uv": [12.75, 1, 12.5, 1.25], "texture": "#0"}
			}
		},
		{
			"from": [5.9, 13.8, 5],
			"to": [10.1, 17, 11],
			"rotation": {"angle": 0, "axis": "y", "origin": [7.95, 13.5, 9.75]},
			"faces": {
				"north": {"uv": [4, 3, 6, 4.5], "texture": "#0"},
				"east": {"uv": [7, 1.5, 4, 3], "texture": "#0"},
				"south": {"uv": [6, 3, 4, 4.5], "texture": "#0"},
				"west": {"uv": [4, 1.5, 7, 3], "texture": "#0"},
				"up": {"uv": [2, 3, 0, 0], "texture": "#0"},
				"down": {"uv": [0, 0, 2, 3], "texture": "#0"}
			}
		},
		{
			"from": [6.7, 14.1, 4.3],
			"to": [9.3, 16.7, 5],
			"rotation": {"angle": 0, "axis": "y", "origin": [7.95, 13.5, 9.85]},
			"faces": {
				"north": {"uv": [6.5, 5.5, 7.75, 6.75], "texture": "#0"},
				"east": {"uv": [4.5, 12, 4.75, 13.25], "texture": "#0"},
				"south": {"uv": [7, 0, 8.25, 1.25], "texture": "#0"},
				"west": {"uv": [5, 12, 5.25, 13.25], "texture": "#0"},
				"up": {"uv": [12.75, 5.75, 11.5, 5.5], "texture": "#0"},
				"down": {"uv": [13.25, 5, 12, 5.25], "texture": "#0"}
			}
		},
		{
			"from": [6.8, 14.2, 2.3],
			"to": [9.2, 16.6, 4.3],
			"rotation": {"angle": 0, "axis": "y", "origin": [7.1, 16.6, 4.3]},
			"faces": {
				"north": {"uv": [7, 1.5, 8.25, 2.75], "texture": "#0"},
				"east": {"uv": [3.5, 9.5, 4.5, 10.75], "texture": "#0"},
				"south": {"uv": [6.5, 7, 7.75, 8.25], "texture": "#0"},
				"west": {"uv": [9.5, 5, 10.5, 6.25], "texture": "#0"},
				"up": {"uv": [10.75, 7.5, 9.5, 6.5], "texture": "#0"},
				"down": {"uv": [10.75, 7.5, 9.5, 8.5], "texture": "#0"}
			}
		},
		{
			"from": [7, 14.4, -0.7],
			"to": [9, 16.4, 2.3],
			"rotation": {"angle": -22.5, "axis": "x", "origin": [7, 16.4, 2.3]},
			"faces": {
				"north": {"uv": [10, 10, 11, 11], "texture": "#0"},
				"east": {"uv": [8.5, 0, 10, 1], "texture": "#0"},
				"south": {"uv": [0, 10.5, 1, 11.5], "texture": "#0"},
				"west": {"uv": [8.5, 1, 10, 2], "texture": "#0"},
				"up": {"uv": [7, 10, 6, 8.5], "texture": "#0"},
				"down": {"uv": [8, 8.5, 7, 10], "texture": "#0"}
			}
		},
		{
			"from": [7.4, 12.8184, -1.12049],
			"to": [8.6, 14.66616, -0.35512],
			"rotation": {"angle": -45, "axis": "x", "origin": [7, 14.8184, -1.12049]},
			"faces": {
				"north": {"uv": [6, 7.5, 6.5, 8.5], "texture": "#0"},
				"east": {"uv": [7, 11, 7.5, 12], "texture": "#0"},
				"south": {"uv": [11.5, 1, 12, 2], "texture": "#0"},
				"west": {"uv": [11.5, 2, 12, 3], "texture": "#0"},
				"up": {"uv": [12.5, 10, 12, 9.5], "texture": "#0"},
				"down": {"uv": [10.5, 12, 10, 12.5], "texture": "#0"}
			}
		},
		{
			"from": [6.7, 14.1, 11],
			"to": [9.3, 16.7, 11.7],
			"rotation": {"angle": 0, "axis": "y", "origin": [7.95, 13.5, 6.15]},
			"faces": {
				"north": {"uv": [4.5, 7.5, 5.75, 8.75], "texture": "#0"},
				"east": {"uv": [4.75, 12, 4.5, 13.25], "texture": "#0"},
				"south": {"uv": [7.75, 5.5, 6.5, 6.75], "texture": "#0"},
				"west": {"uv": [5, 12, 5.25, 13.25], "texture": "#0"},
				"up": {"uv": [12.75, 5.5, 11.5, 5.75], "texture": "#0"},
				"down": {"uv": [13.25, 5.25, 12, 5], "texture": "#0"}
			}
		},
		{
			"from": [6.8, 14.2, 11.7],
			"to": [9.2, 16.6, 13.7],
			"rotation": {"angle": 0, "axis": "y", "origin": [7.1, 16.6, 11.7]},
			"faces": {
				"north": {"uv": [8, 5.5, 9.25, 6.75], "texture": "#0"},
				"east": {"uv": [4.5, 9.5, 3.5, 10.75], "texture": "#0"},
				"south": {"uv": [8.25, 1.5, 7, 2.75], "texture": "#0"},
				"west": {"uv": [10.5, 5, 9.5, 6.25], "texture": "#0"},
				"up": {"uv": [10.75, 6.5, 9.5, 7.5], "texture": "#0"},
				"down": {"uv": [10.75, 8.5, 9.5, 7.5], "texture": "#0"}
			}
		},
		{
			"from": [7, 14.4, 13.7],
			"to": [9, 16.4, 16.7],
			"rotation": {"angle": 22.5, "axis": "x", "origin": [7, 16.4, 13.7]},
			"faces": {
				"north": {"uv": [1, 10.5, 2, 11.5], "texture": "#0"},
				"east": {"uv": [10, 0, 8.5, 1], "texture": "#0"},
				"south": {"uv": [11, 10, 10, 11], "texture": "#0"},
				"west": {"uv": [10, 1, 8.5, 2], "texture": "#0"},
				"up": {"uv": [7, 8.5, 6, 10], "texture": "#0"},
				"down": {"uv": [8, 10, 7, 8.5], "texture": "#0"}
			}
		},
		{
			"from": [7.4, 12.8184, 16.35512],
			"to": [8.6, 14.66616, 17.12049],
			"rotation": {"angle": 45, "axis": "x", "origin": [7, 14.8184, 17.12049]},
			"faces": {
				"north": {"uv": [11.5, 4.5, 12, 5.5], "texture": "#0"},
				"east": {"uv": [7.5, 11, 7, 12], "texture": "#0"},
				"south": {"uv": [6.5, 7.5, 6, 8.5], "texture": "#0"},
				"west": {"uv": [12, 2, 11.5, 3], "texture": "#0"},
				"up": {"uv": [12.5, 9.5, 12, 10], "texture": "#0"},
				"down": {"uv": [11, 12, 10.5, 12.5], "texture": "#0"}
			}
		}
	],
	"display": {
		"thirdperson_righthand": {
			"translation": [0, 1.75, 2]
		},
		"thirdperson_lefthand": {
			"translation": [0, 1.75, 2]
		},
		"firstperson_righthand": {
			"translation": [0, 0.5, 0]
		},
		"firstperson_lefthand": {
			"translation": [0, 0.5, 0]
		},
		"ground": {
			"translation": [0, 6, 0]
		},
		"gui": {
			"rotation": [-90, 67.5, 90],
			"translation": [1.25, -0.5, 0],
			"scale": [0.7, 0.7, 0.7]
		},
		"fixed": {
			"rotation": [0, 90, 0],
			"translation": [0, -0.5, 0],
			"scale": [0.9, 0.9, 0.9]
		}
	},
	"groups": [
		{
			"name": "pickaxe",
			"origin": [8, 8, 8],
			"color": 0,
			"children": [0, 1, 2, 3, 4, 5, 6, 7, 8, 9, 10, 11, 12, 13, 14, 15, 16, 17, 18, 19, 20]
		}
	]
}