{
	"credit": "Made with Blockbench",
	"texture_size": [64, 64],
	"textures": {
		"1": "default/cyber_axe",
		"particle": "default/cyber_axe"
	},
	"elements": [
		{
			"from": [6, 1, 6],
			"to": [10, 5, 10],
			"rotation": {"angle": 0, "axis": "y", "origin": [7, 16, 16]},
			"faces": {
				"north": {"uv": [2.75, 6, 3.75, 7], "texture": "#1"},
				"east": {"uv": [6.25, 0, 7.25, 1], "texture": "#1"},
				"south": {"uv": [6.25, 1, 7.25, 2], "texture": "#1"},
				"west": {"uv": [6.5, 2, 7.5, 3], "texture": "#1"},
				"up": {"uv": [7.5, 4, 6.5, 3], "texture": "#1"},
				"down": {"uv": [4.75, 6.5, 3.75, 7.5], "texture": "#1"}
			}
		},
		{
			"from": [7, 0, 7],
			"to": [9, 1, 9],
			"rotation": {"angle": 0, "axis": "y", "origin": [7, 15, 16]},
			"faces": {
				"north": {"uv": [5.75, 6.75, 6.25, 7], "texture": "#1"},
				"east": {"uv": [4.5, 7.5, 5, 7.75], "texture": "#1"},
				"south": {"uv": [1, 8, 1.5, 8.25], "texture": "#1"},
				"west": {"uv": [8, 2.75, 8.5, 3], "texture": "#1"},
				"up": {"uv": [8.25, 7.75, 7.75, 7.25], "texture": "#1"},
				"down": {"uv": [8.25, 7.75, 7.75, 8.25], "texture": "#1"}
			}
		},
		{
			"from": [7, 5, 7],
			"to": [9, 19, 9],
			"rotation": {"angle": 0, "axis": "y", "origin": [7, 14, 16]},
			"faces": {
				"north": {"uv": [4.5, 3, 5, 6.5], "texture": "#1"},
				"east": {"uv": [0, 5, 0.5, 8.5], "texture": "#1"},
				"south": {"uv": [5, 0, 5.5, 3.5], "texture": "#1"},
				"west": {"uv": [0.5, 5, 1, 8.5], "texture": "#1"},
				"up": {"uv": [4.25, 6.5, 3.75, 6], "texture": "#1"},
				"down": {"uv": [8.25, 6.75, 7.75, 7.25], "texture": "#1"}
			}
		},
		{
			"from": [6.75, 7, 6.75],
			"to": [9.25, 16, 9.25],
			"rotation": {"angle": 0, "axis": "y", "origin": [7, 14, 16]},
			"faces": {
				"north": {"uv": [5, 3.5, 5.75, 5.75], "texture": "#1"},
				"east": {"uv": [5.5, 0, 6.25, 2.25], "texture": "#1"},
				"south": {"uv": [5.75, 2.25, 6.5, 4.5], "texture": "#1"},
				"west": {"uv": [5.75, 4.5, 6.5, 6.75], "texture": "#1"},
				"up": {"uv": [8.25, 6.75, 7.5, 6], "texture": "#1"},
				"down": {"uv": [5.25, 7.75, 4.5, 8.5], "texture": "#1"}
			}
		},
		{
			"from": [6, 19, 6],
			"to": [10, 23, 10],
			"rotation": {"angle": 0, "axis": "y", "origin": [7, 21, 16]},
			"faces": {
				"north": {"uv": [6.5, 4, 7.5, 5], "texture": "#1"},
				"east": {"uv": [6.5, 5, 7.5, 6], "texture": "#1"},
				"south": {"uv": [6.5, 6, 7.5, 7], "texture": "#1"},
				"west": {"uv": [2.75, 7, 3.75, 8], "texture": "#1"},
				"up": {"uv": [6.75, 8, 5.75, 7], "texture": "#1"},
				"down": {"uv": [7.75, 7, 6.75, 8], "texture": "#1"}
			}
		},
		{
			"from": [6, 17, 6],
			"to": [10, 18, 10],
			"rotation": {"angle": 0, "axis": "y", "origin": [7, 21, 16]},
			"faces": {
				"north": {"uv": [8, 2, 9, 2.25], "texture": "#1"},
				"east": {"uv": [8, 2.25, 9, 2.5], "texture": "#1"},
				"south": {"uv": [8, 2.5, 9, 2.75], "texture": "#1"},
				"west": {"uv": [2.75, 8, 3.75, 8.25], "texture": "#1"},
				"up": {"uv": [8.25, 1, 7.25, 0], "texture": "#1"},
				"down": {"uv": [8.25, 1, 7.25, 2], "texture": "#1"}
			}
		},
		{
			"from": [7.025, 18.5, -2],
			"to": [8.975, 24.5, 8],
			"rotation": {"angle": 0, "axis": "z", "origin": [7, 20.5, 16]},
			"faces": {
				"north": {"uv": [7.5, 2, 8, 3.5], "texture": "#1"},
				"east": {"uv": [2.5, 0, 5, 1.5], "texture": "#1"},
				"south": {"uv": [7.5, 3.5, 8, 5], "texture": "#1"},
				"west": {"uv": [2.5, 1.5, 5, 3], "texture": "#1"},
				"up": {"uv": [2.25, 8.5, 1.75, 6], "texture": "#1"},
				"down": {"uv": [2.75, 6, 2.25, 8.5], "texture": "#1"}
			}
		},
		{
			"from": [6.5, 21.5, 1],
			"to": [9.5, 25.5, 9],
			"rotation": {"angle": 0, "axis": "z", "origin": [7, 20.5, 16]},
			"faces": {
				"north": {"uv": [3.75, 7.5, 4.5, 8.5], "texture": "#1"},
				"east": {"uv": [2.5, 3, 4.5, 4], "texture": "#1"},
				"south": {"uv": [7.5, 5, 8.25, 6], "texture": "#1"},
				"west": {"uv": [2.5, 4, 4.5, 5], "texture": "#1"},
				"up": {"uv": [5.75, 7.75, 5, 5.75], "texture": "#1"},
				"down": {"uv": [1.75, 6, 1, 8], "texture": "#1"}
			}
		},
		{
			"from": [7.5, 21.21023, -2.63121],
			"to": [8.5, 25.21023, 4.36879],
			"rotation": {"angle": -22.5, "axis": "x", "origin": [7, 28.21023, 14.46879]},
			"faces": {
				"north": {"uv": [5.5, 2.25, 5.75, 3.25], "texture": "#1"},
				"east": {"uv": [1, 5, 2.75, 6], "texture": "#1"},
				"south": {"uv": [4.75, 6.5, 5, 7.5], "texture": "#1"},
				"west": {"uv": [2.75, 5, 4.5, 6], "texture": "#1"},
				"up": {"uv": [5.5, 9.5, 5.25, 7.75], "texture": "#1"},
				"down": {"uv": [5.75, 7.75, 5.5, 9.5], "texture": "#1"}
			}
		},
		{
			"from": [8, 16, 8],
			"to": [8, 26, 18],
			"rotation": {"angle": 0, "axis": "y", "origin": [7, 21, 19]},
			"faces": {
				"north": {"uv": [0, 0, 0, 2.5], "texture": "#1"},
				"east": {"uv": [0, 0, 2.5, 2.5], "texture": "#1"},
				"south": {"uv": [0, 0, 0, 2.5], "texture": "#1"},
				"west": {"uv": [0, 2.5, 2.5, 5], "texture": "#1"},
				"up": {"uv": [0, 2.5, 0, 0], "texture": "#1"},
				"down": {"uv": [0, 0, 0, 2.5], "texture": "#1"}
			}
		}
	],
	"gui_light": "front",
	"display": {
		"thirdperson_righthand": {
			"rotation": [0, -1, 0],
			"translation": [0, -4, 2],
			"scale": [0.75, 0.75, 0.75]
		},
		"thirdperson_lefthand": {
			"rotation": [0, -1, 0],
			"translation": [0, -4, 2],
			"scale": [0.75, 0.75, 0.75]
		},
		"firstperson_righthand": {
			"rotation": [7.52, 0, -4.53],
			"translation": [2.5, -0.5, 0],
			"scale": [0.5, 0.5, 0.5]
		},
		"firstperson_lefthand": {
			"rotation": [7.52, 0, -4.53],
			"translation": [2.5, -0.5, 0],
			"scale": [0.5, 0.5, 0.5]
		},
		"ground": {
			"rotation": [45, 0, 0],
			"translation": [0, 2, 0],
			"scale": [0.4, 0.4, 0.4]
		},
		"gui": {
			"rotation": [90, 45, -90],
			"translation": [-1.75, -3.5, 0],
			"scale": [0.6, 0.6, 0.6]
		},
		"fixed": {
			"rotation": [90, -45, 90],
			"translation": [2, -4.25, -0.5],
			"scale": [0.7, 0.7, 0.7]
		}
	},
	"groups": [
		0,
		1,
		2,
		3,
		4,
		5,
		6,
		7,
		8,
		{
			"name": "group",
			"origin": [7, 21, 19],
			"color": 0,
			"children": [9]
		}
	]
}