{
	"credit": "Made with Blockbench",
	"texture_size": [32, 32],
	"textures": {
		"1": "default/cyber_key",
		"particle": "default/cyber_key"
	},
	"elements": [
		{
			"from": [7.5, 16, 1],
			"to": [8.5, 22, 7],
			"faces": {
				"north": {"uv": [9, 4, 9.5, 7], "texture": "#1"},
				"east": {"uv": [0, 0, 3, 3], "texture": "#1"},
				"south": {"uv": [9.5, 4, 10, 7], "texture": "#1"},
				"west": {"uv": [0, 3, 3, 6], "texture": "#1"},
				"up": {"uv": [6.5, 12.5, 6, 9.5], "texture": "#1"},
				"down": {"uv": [7, 9.5, 6.5, 12.5], "texture": "#1"}
			}
		},
		{
			"from": [7, 4, 1],
			"to": [9, 8, 5],
			"faces": {
				"north": {"uv": [7.5, 8, 8.5, 10], "texture": "#1"},
				"east": {"uv": [7, 4, 9, 6], "texture": "#1"},
				"south": {"uv": [8.5, 8, 9.5, 10], "texture": "#1"},
				"west": {"uv": [7, 6, 9, 8], "texture": "#1"},
				"up": {"uv": [10, 2, 9, 0], "texture": "#1"},
				"down": {"uv": [10, 2, 9, 4], "texture": "#1"}
			}
		},
		{
			"from": [7.5, 5, 2],
			"to": [8.5, 16, 4],
			"faces": {
				"north": {"uv": [5.5, 6, 6, 11.5], "texture": "#1"},
				"east": {"uv": [6, 4, 7, 9.5], "texture": "#1"},
				"south": {"uv": [7, 8, 7.5, 13.5], "texture": "#1"},
				"west": {"uv": [4.5, 6, 5.5, 11.5], "texture": "#1"},
				"up": {"uv": [8, 4, 7.5, 3], "texture": "#1"},
				"down": {"uv": [8.5, 3, 8, 4], "texture": "#1"}
			}
		},
		{
			"from": [8, 4.5, 5],
			"to": [8, 10.5, 11],
			"faces": {
				"north": {"uv": [0, 0, 0, 3], "texture": "#1"},
				"east": {"uv": [3, 0, 6, 3], "texture": "#1"},
				"south": {"uv": [0, 0, 0, 3], "texture": "#1"},
				"west": {"uv": [3, 3, 6, 6], "texture": "#1"},
				"up": {"uv": [0, 3, 0, 0], "texture": "#1"},
				"down": {"uv": [0, 0, 0, 3], "texture": "#1"}
			}
		},
		{
			"from": [6.5, 13, 0],
			"to": [9.5, 21, 3],
			"faces": {
				"north": {"uv": [0, 6, 1.5, 10], "texture": "#1"},
				"east": {"uv": [6, 0, 7.5, 4], "texture": "#1"},
				"south": {"uv": [1.5, 6, 3, 10], "texture": "#1"},
				"west": {"uv": [3, 6, 4.5, 10], "texture": "#1"},
				"up": {"uv": [9, 1.5, 7.5, 0], "texture": "#1"},
				"down": {"uv": [9, 1.5, 7.5, 3], "texture": "#1"}
			}
		}
	],
	"gui_light": "front",
	"display": {
		"thirdperson_righthand": {
			"rotation": [-164, 0, 0],
			"translation": [0, 5.5, -0.5],
			"scale": [0.5, 0.5, 0.5]
		},
		"thirdperson_lefthand": {
			"rotation": [-164, 0, 0],
			"translation": [0, 5.5, -0.5],
			"scale": [0.5, 0.5, 0.5]
		},
		"firstperson_righthand": {
			"rotation": [-172, -22, 0],
			"translation": [1.25, 5.5, -1],
			"scale": [0.5, 0.5, 0.5]
		},
		"firstperson_lefthand": {
			"rotation": [-172, -22, 0],
			"translation": [1.25, 5.5, -1],
			"scale": [0.5, 0.5, 0.5]
		},
		"ground": {
			"rotation": [45, 0, 0],
			"translation": [0, 1, 0],
			"scale": [0.5, 0.5, 0.5]
		},
		"gui": {
			"rotation": [89.04, 38.24, -89.44],
			"translation": [-1.25, -4.5, -0.5],
			"scale": [0.8, 0.8, 0.8]
		},
		"fixed": {
			"rotation": [90, -45, 90],
			"translation": [0.5, -6, -0.5]
		}
	}
}