{
	"credit": "Made with Blockbench",
	"texture_size": [32, 32],
	"textures": {
		"1": "default/Cyber",
		"particle": "default/Cyber"
	},
	"elements": [
		{
			"from": [7, 0, 7],
			"to": [8, 9.25, 8],
			"faces": {
				"north": {"uv": [4, 4, 4.5, 8.625], "texture": "#1"},
				"east": {"uv": [4.5, 4, 5, 8.625], "texture": "#1"},
				"south": {"uv": [5, 0, 5.5, 4.625], "texture": "#1"},
				"west": {"uv": [5, 5, 5.5, 9.625], "texture": "#1"},
				"up": {"uv": [8, 9, 7.5, 8.5], "texture": "#1"},
				"down": {"uv": [8, 9.5, 7.5, 10], "texture": "#1"}
			}
		},
		{
			"from": [6.5, 7.5, 6.5],
			"to": [8.5, 9.25, 8.5],
			"faces": {
				"north": {"uv": [6.5, 8, 7.5, 8.875], "texture": "#1"},
				"east": {"uv": [8, 7, 9, 7.875], "texture": "#1"},
				"south": {"uv": [8, 8, 9, 8.875], "texture": "#1"},
				"west": {"uv": [3, 8.5, 4, 9.375], "texture": "#1"},
				"up": {"uv": [4, 8.5, 3, 7.5], "texture": "#1"},
				"down": {"uv": [8.5, 3.5, 7.5, 4.5], "texture": "#1"}
			}
		},
		{
			"from": [6.75, 0.5, 6.75],
			"to": [8.25, 2, 8.25],
			"faces": {
				"north": {"uv": [8.5, 3.5, 9.25, 4.25], "texture": "#1"},
				"east": {"uv": [8.5, 4.5, 9.25, 5.25], "texture": "#1"},
				"south": {"uv": [8.5, 5.5, 9.25, 6.25], "texture": "#1"},
				"west": {"uv": [9, 1, 9.75, 1.75], "texture": "#1"},
				"up": {"uv": [9.75, 2.75, 9, 2], "texture": "#1"},
				"down": {"uv": [4.75, 9, 4, 9.75], "texture": "#1"}
			}
		},
		{
			"from": [4.1066, 9.25305, 7],
			"to": [11.1066, 10.25305, 8],
			"rotation": {"angle": 0, "axis": "y", "origin": [0.1066, 0.00305, 0]},
			"faces": {
				"north": {"uv": [5.5, 1, 9, 1.5], "texture": "#1"},
				"east": {"uv": [8, 9.5, 8.5, 10], "texture": "#1"},
				"south": {"uv": [5.5, 1.5, 9, 2], "texture": "#1"},
				"west": {"uv": [9.5, 8, 10, 8.5], "texture": "#1"},
				"up": {"uv": [9, 2.5, 5.5, 2], "texture": "#1"},
				"down": {"uv": [9, 2.5, 5.5, 3], "texture": "#1"}
			}
		},
		{
			"from": [0.75, 13.75, 7],
			"to": [2.75, 14.5, 8],
			"rotation": {"angle": -45, "axis": "z", "origin": [0.5, 0, 1]},
			"faces": {
				"north": {"uv": [9.5, 5.5, 10.5, 5.875], "texture": "#1"},
				"east": {"uv": [8, 10, 8.5, 10.375], "texture": "#1"},
				"south": {"uv": [9.5, 6, 10.5, 6.375], "texture": "#1"},
				"west": {"uv": [10, 8, 10.5, 8.375], "texture": "#1"},
				"up": {"uv": [10, 7.5, 9, 7], "texture": "#1"},
				"down": {"uv": [10, 7.5, 9, 8], "texture": "#1"}
			}
		},
		{
			"from": [-3.92893, 7.75, 7],
			"to": [-3.17893, 9.75, 8],
			"rotation": {"angle": -45, "axis": "z", "origin": [0.57107, 0, 1]},
			"faces": {
				"north": {"uv": [6.5, 9.5, 6.875, 10.5], "texture": "#1"},
				"east": {"uv": [9, 8, 9.5, 9], "texture": "#1"},
				"south": {"uv": [7, 9.5, 7.375, 10.5], "texture": "#1"},
				"west": {"uv": [9, 9, 9.5, 10], "texture": "#1"},
				"up": {"uv": [8.875, 10.5, 8.5, 10], "texture": "#1"},
				"down": {"uv": [10.375, 8.5, 10, 9], "texture": "#1"}
			}
		},
		{
			"from": [5.25, 10.25, 7.25],
			"to": [9.75, 18.25, 7.75],
			"rotation": {"angle": 0, "axis": "y", "origin": [0.5, 0, 1]},
			"faces": {
				"north": {"uv": [0, 0, 2.25, 4], "texture": "#1"},
				"east": {"uv": [7.5, 4.5, 7.75, 8.5], "texture": "#1"},
				"south": {"uv": [2.5, 0, 4.75, 4], "texture": "#1"},
				"west": {"uv": [0, 8, 0.25, 12], "texture": "#1"},
				"up": {"uv": [10.75, 6.75, 8.5, 6.5], "texture": "#1"},
				"down": {"uv": [8.75, 9, 6.5, 9.25], "texture": "#1"}
			}
		},
		{
			"from": [4.75, 18, 7.5],
			"to": [10.25, 19, 7.5],
			"faces": {
				"north": {"uv": [0, 7.5, 2.75, 8], "texture": "#1"},
				"east": {"uv": [0, 0, 0, 0.5], "texture": "#1"},
				"south": {"uv": [7.5, 3, 10.25, 3.5], "texture": "#1"},
				"west": {"uv": [0, 0, 0, 0.5], "texture": "#1"},
				"up": {"uv": [2.75, 0, 0, 0], "texture": "#1"},
				"down": {"uv": [2.75, 0, 0, 0], "texture": "#1"}
			}
		},
		{
			"from": [3.75, 19, 7.5],
			"to": [11.25, 20, 7.5],
			"faces": {
				"north": {"uv": [5.5, 0, 9.25, 0.5], "texture": "#1"},
				"east": {"uv": [0, 0, 0, 0.5], "texture": "#1"},
				"south": {"uv": [5.5, 0.5, 9.25, 1], "texture": "#1"},
				"west": {"uv": [0, 0, 0, 0.5], "texture": "#1"},
				"up": {"uv": [3.75, 0, 0, 0], "texture": "#1"},
				"down": {"uv": [3.75, 0, 0, 0], "texture": "#1"}
			}
		},
		{
			"from": [9.75, 12, 7.5],
			"to": [11.25, 13.25, 7.5],
			"faces": {
				"north": {"uv": [9.5, 0, 10.25, 0.625], "texture": "#1"},
				"east": {"uv": [0, 0, 0, 0.625], "texture": "#1"},
				"south": {"uv": [3, 9.5, 3.75, 10.125], "texture": "#1"},
				"west": {"uv": [0, 0, 0, 0.625], "texture": "#1"},
				"up": {"uv": [0.75, 0, 0, 0], "texture": "#1"},
				"down": {"uv": [0.75, 0, 0, 0], "texture": "#1"}
			}
		},
		{
			"from": [3.75, 12, 7.5],
			"to": [5.25, 13.25, 7.5],
			"faces": {
				"north": {"uv": [9.5, 3.5, 10.25, 4.125], "texture": "#1"},
				"east": {"uv": [0, 0, 0, 0.625], "texture": "#1"},
				"south": {"uv": [9.5, 4.5, 10.25, 5.125], "texture": "#1"},
				"west": {"uv": [0, 0, 0, 0.625], "texture": "#1"},
				"up": {"uv": [0.75, 0, 0, 0], "texture": "#1"},
				"down": {"uv": [0.75, 0, 0, 0], "texture": "#1"}
			}
		},
		{
			"from": [3, 12.5, 7.5],
			"to": [3.75, 13.75, 7.5],
			"faces": {
				"north": {"uv": [4.5, 10, 4.875, 10.625], "texture": "#1"},
				"east": {"uv": [0, 0, 0, 0.625], "texture": "#1"},
				"south": {"uv": [5, 10, 5.375, 10.625], "texture": "#1"},
				"west": {"uv": [0, 0, 0, 0.625], "texture": "#1"},
				"up": {"uv": [0.375, 0, 0, 0], "texture": "#1"},
				"down": {"uv": [0.375, 0, 0, 0], "texture": "#1"}
			}
		},
		{
			"from": [3, 13.75, 7.5],
			"to": [3.75, 14.5, 7.5],
			"faces": {
				"north": {"uv": [9, 10, 9.375, 10.375], "texture": "#1"},
				"east": {"uv": [0, 0, 0, 0.375], "texture": "#1"},
				"south": {"uv": [10, 9, 10.375, 9.375], "texture": "#1"},
				"west": {"uv": [0, 0, 0, 0.375], "texture": "#1"},
				"up": {"uv": [0.375, 0, 0, 0], "texture": "#1"},
				"down": {"uv": [0.375, 0, 0, 0], "texture": "#1"}
			}
		},
		{
			"from": [11.25, 13.75, 7.5],
			"to": [12, 14.5, 7.5],
			"faces": {
				"north": {"uv": [9.5, 10, 9.875, 10.375], "texture": "#1"},
				"east": {"uv": [0, 0, 0, 0.375], "texture": "#1"},
				"south": {"uv": [10, 9.5, 10.375, 9.875], "texture": "#1"},
				"west": {"uv": [0, 0, 0, 0.375], "texture": "#1"},
				"up": {"uv": [0.375, 0, 0, 0], "texture": "#1"},
				"down": {"uv": [0.375, 0, 0, 0], "texture": "#1"}
			}
		},
		{
			"from": [12, 13.25, 7.5],
			"to": [12.5, 15.25, 7.5],
			"faces": {
				"north": {"uv": [9.5, 9, 9.75, 10], "texture": "#1"},
				"east": {"uv": [0, 0, 0, 1], "texture": "#1"},
				"south": {"uv": [10, 1, 10.25, 2], "texture": "#1"},
				"west": {"uv": [0, 0, 0, 1], "texture": "#1"},
				"up": {"uv": [0.25, 0, 0, 0], "texture": "#1"},
				"down": {"uv": [0.25, 0, 0, 0], "texture": "#1"}
			}
		},
		{
			"from": [2.5, 13.25, 7.5],
			"to": [3, 15.25, 7.5],
			"faces": {
				"north": {"uv": [10, 2, 10.25, 3], "texture": "#1"},
				"east": {"uv": [0, 0, 0, 1], "texture": "#1"},
				"south": {"uv": [4, 10, 4.25, 11], "texture": "#1"},
				"west": {"uv": [0, 0, 0, 1], "texture": "#1"},
				"up": {"uv": [0.25, 0, 0, 0], "texture": "#1"},
				"down": {"uv": [0.25, 0, 0, 0], "texture": "#1"}
			}
		},
		{
			"from": [11.25, 12.5, 7.5],
			"to": [12, 13.75, 7.5],
			"faces": {
				"north": {"uv": [10, 7, 10.375, 7.625], "texture": "#1"},
				"east": {"uv": [0, 0, 0, 0.625], "texture": "#1"},
				"south": {"uv": [7.5, 10, 7.875, 10.625], "texture": "#1"},
				"west": {"uv": [0, 0, 0, 0.625], "texture": "#1"},
				"up": {"uv": [0.375, 0, 0, 0], "texture": "#1"},
				"down": {"uv": [0.375, 0, 0, 0], "texture": "#1"}
			}
		},
		{
			"from": [9.25, 20, 7.5],
			"to": [10.75, 24.25, 7.5],
			"faces": {
				"north": {"uv": [5.5, 3, 6.25, 5.125], "texture": "#1"},
				"east": {"uv": [0, 0, 0, 2.125], "texture": "#1"},
				"south": {"uv": [5.5, 5.5, 6.25, 7.625], "texture": "#1"},
				"west": {"uv": [0, 0, 0, 2.125], "texture": "#1"},
				"up": {"uv": [0.75, 0, 0, 0], "texture": "#1"},
				"down": {"uv": [0.75, 0, 0, 0], "texture": "#1"}
			}
		},
		{
			"from": [4.25, 20, 7.5],
			"to": [5.75, 24.25, 7.5],
			"faces": {
				"north": {"uv": [6.5, 3, 7.25, 5.125], "texture": "#1"},
				"east": {"uv": [0, 0, 0, 2.125], "texture": "#1"},
				"south": {"uv": [6.5, 5.5, 7.25, 7.625], "texture": "#1"},
				"west": {"uv": [0, 0, 0, 2.125], "texture": "#1"},
				"up": {"uv": [0.75, 0, 0, 0], "texture": "#1"},
				"down": {"uv": [0.75, 0, 0, 0], "texture": "#1"}
			}
		},
		{
			"from": [3.5, 22, 7.5],
			"to": [5, 28.25, 7.5],
			"faces": {
				"north": {"uv": [0, 4, 0.75, 7.125], "texture": "#1"},
				"east": {"uv": [0, 0, 0, 3.125], "texture": "#1"},
				"south": {"uv": [1, 4, 1.75, 7.125], "texture": "#1"},
				"west": {"uv": [0, 0, 0, 3.125], "texture": "#1"},
				"up": {"uv": [0.75, 0, 0, 0], "texture": "#1"},
				"down": {"uv": [0.75, 0, 0, 0], "texture": "#1"}
			}
		},
		{
			"from": [10, 22, 7.5],
			"to": [11.5, 28.25, 7.5],
			"faces": {
				"north": {"uv": [2, 4, 2.75, 7.125], "texture": "#1"},
				"east": {"uv": [0, 0, 0, 3.125], "texture": "#1"},
				"south": {"uv": [3, 4, 3.75, 7.125], "texture": "#1"},
				"west": {"uv": [0, 0, 0, 3.125], "texture": "#1"},
				"up": {"uv": [0.75, 0, 0, 0], "texture": "#1"},
				"down": {"uv": [0.75, 0, 0, 0], "texture": "#1"}
			}
		},
		{
			"from": [9.25, 25.75, 7.5],
			"to": [10, 30.5, 7.5],
			"faces": {
				"north": {"uv": [0.5, 8, 0.875, 10.375], "texture": "#1"},
				"east": {"uv": [0, 0, 0, 2.375], "texture": "#1"},
				"south": {"uv": [1, 8, 1.375, 10.375], "texture": "#1"},
				"west": {"uv": [0, 0, 0, 2.375], "texture": "#1"},
				"up": {"uv": [0.375, 0, 0, 0], "texture": "#1"},
				"down": {"uv": [0.375, 0, 0, 0], "texture": "#1"}
			}
		},
		{
			"from": [5, 25.75, 7.5],
			"to": [5.75, 30.5, 7.5],
			"faces": {
				"north": {"uv": [1.5, 8, 1.875, 10.375], "texture": "#1"},
				"east": {"uv": [0, 0, 0, 2.375], "texture": "#1"},
				"south": {"uv": [2, 8, 2.375, 10.375], "texture": "#1"},
				"west": {"uv": [0, 0, 0, 2.375], "texture": "#1"},
				"up": {"uv": [0.375, 0, 0, 0], "texture": "#1"},
				"down": {"uv": [0.375, 0, 0, 0], "texture": "#1"}
			}
		},
		{
			"from": [5.75, 27, 7.5],
			"to": [6.5, 31.75, 7.5],
			"faces": {
				"north": {"uv": [2.5, 8, 2.875, 10.375], "texture": "#1"},
				"east": {"uv": [0, 0, 0, 2.375], "texture": "#1"},
				"south": {"uv": [8, 4.5, 8.375, 6.875], "texture": "#1"},
				"west": {"uv": [0, 0, 0, 2.375], "texture": "#1"},
				"up": {"uv": [0.375, 0, 0, 0], "texture": "#1"},
				"down": {"uv": [0.375, 0, 0, 0], "texture": "#1"}
			}
		},
		{
			"from": [8.5, 27, 7.5],
			"to": [9.25, 31.75, 7.5],
			"faces": {
				"north": {"uv": [5.5, 8, 5.875, 10.375], "texture": "#1"},
				"east": {"uv": [0, 0, 0, 2.375], "texture": "#1"},
				"south": {"uv": [6, 8, 6.375, 10.375], "texture": "#1"},
				"west": {"uv": [0, 0, 0, 2.375], "texture": "#1"},
				"up": {"uv": [0.375, 0, 0, 0], "texture": "#1"},
				"down": {"uv": [0.375, 0, 0, 0], "texture": "#1"}
			}
		},
		{
			"from": [7, 25.25, 7.5],
			"to": [8, 26.25, 7.5],
			"faces": {
				"north": {"uv": [8.5, 9.5, 9, 10], "texture": "#1"},
				"east": {"uv": [0, 0, 0, 0.5], "texture": "#1"},
				"south": {"uv": [9.5, 8.5, 10, 9], "texture": "#1"},
				"west": {"uv": [0, 0, 0, 0.5], "texture": "#1"},
				"up": {"uv": [0.5, 0, 0, 0], "texture": "#1"},
				"down": {"uv": [0.5, 0, 0, 0], "texture": "#1"}
			}
		}
	],
	"display": {
		"thirdperson_righthand": {
			"rotation": [-2.01, -90, 0],
			"translation": [-0.5, 1.5, 1.25]
		},
		"thirdperson_lefthand": {
			"rotation": [-2.01, -90, 0],
			"translation": [-0.5, 1.5, 1.25]
		},
		"firstperson_righthand": {
			"rotation": [44, 90, -63.97]
		},
		"firstperson_lefthand": {
			"rotation": [-4.6, 72.25, -18.76]
		},
		"gui": {
			"rotation": [0, 0, 41.5],
			"translation": [3, -3, 0],
			"scale": [0.5, 0.5, 0.5]
		},
		"head": {
			"rotation": [138.75, 69, -180]
		},
		"fixed": {
			"rotation": [0, 0, -34.5],
			"translation": [0, -3.5, 0],
			"scale": [1, 0.47461, 1]
		}
	}
}