{
	"credit": "Made with Blockbench",
	"parent": "death_pickaxe",
	"texture_size": [32, 32],
	"textures": {
		"0": "default/death_texture",
		"particle": "default/death_texture"
	},
	"elements": [
		{
			"from": [7.3, 5.3, 7.3],
			"to": [8.7, 11.2, 8.7],
			"rotation": {"angle": 0, "axis": "y", "origin": [7.95, 0, 7.95]},
			"faces": {
				"north": {"uv": [6, 5, 6.75, 8], "texture": "#0"},
				"east": {"uv": [7, 0, 7.75, 3], "texture": "#0"},
				"south": {"uv": [1.5, 7, 2.25, 10], "texture": "#0"},
				"west": {"uv": [2.5, 7, 3.25, 10], "texture": "#0"},
				"up": {"uv": [8.25, 9.75, 7.5, 9], "texture": "#0"},
				"down": {"uv": [9.25, 9, 8.5, 9.75], "texture": "#0"}
			}
		},
		{
			"from": [7.1, 4.5, 7.1],
			"to": [8.9, 5.3, 8.9],
			"rotation": {"angle": 0, "axis": "y", "origin": [7.95, 0, 7.95]},
			"faces": {
				"north": {"uv": [6, 3, 7, 3.5], "texture": "#0"},
				"east": {"uv": [9.5, 9, 10.5, 9.5], "texture": "#0"},
				"south": {"uv": [9.5, 9.5, 10.5, 10], "texture": "#0"},
				"west": {"uv": [10, 0, 11, 0.5], "texture": "#0"},
				"up": {"uv": [7, 3, 6, 2], "texture": "#0"},
				"down": {"uv": [9, 7, 8, 8], "texture": "#0"}
			}
		},
		{
			"from": [7.2, 0.5, 7.2],
			"to": [8.8, 4.6, 8.8],
			"rotation": {"angle": 0, "axis": "y", "origin": [7.95, 0, 7.95]},
			"faces": {
				"north": {"uv": [7, 6, 7.75, 8], "texture": "#0"},
				"east": {"uv": [0, 7.5, 0.75, 9.5], "texture": "#0"},
				"south": {"uv": [7.5, 3, 8.25, 5], "texture": "#0"},
				"west": {"uv": [8, 0, 8.75, 2], "texture": "#0"},
				"up": {"uv": [0.75, 10.25, 0, 9.5], "texture": "#0"},
				"down": {"uv": [10.25, 3, 9.5, 3.75], "texture": "#0"}
			}
		},
		{
			"from": [7, -0.5, 7],
			"to": [9, 0.5, 9],
			"rotation": {"angle": 0, "axis": "y", "origin": [7.95, 0, 7.95]},
			"faces": {
				"north": {"uv": [10, 0.5, 11, 1], "texture": "#0"},
				"east": {"uv": [1, 10, 2, 10.5], "texture": "#0"},
				"south": {"uv": [10, 1, 11, 1.5], "texture": "#0"},
				"west": {"uv": [10, 1.5, 11, 2], "texture": "#0"},
				"up": {"uv": [8.5, 9, 7.5, 8], "texture": "#0"},
				"down": {"uv": [9.5, 3, 8.5, 4], "texture": "#0"}
			}
		},
		{
			"from": [7, 11.2, 7],
			"to": [9, 12.2, 9],
			"rotation": {"angle": 0, "axis": "y", "origin": [7.95, 0, 7.95]},
			"faces": {
				"north": {"uv": [2, 10, 3, 10.5], "texture": "#0"},
				"east": {"uv": [10, 2, 11, 2.5], "texture": "#0"},
				"south": {"uv": [10, 2.5, 11, 3], "texture": "#0"},
				"west": {"uv": [3, 10, 4, 10.5], "texture": "#0"},
				"up": {"uv": [9.5, 5, 8.5, 4], "texture": "#0"},
				"down": {"uv": [9.5, 8, 8.5, 9], "texture": "#0"}
			}
		},
		{
			"from": [6, 13.7, 8.4],
			"to": [10, 16.2, 10],
			"rotation": {"angle": 0, "axis": "y", "origin": [6, 13.2, 6]},
			"faces": {
				"north": {"uv": [0, 4, 2, 5.25], "texture": "#0"},
				"east": {"uv": [7.25, 9, 6.5, 10.25], "texture": "#0"},
				"south": {"uv": [4, 2, 6, 3.25], "texture": "#0"},
				"west": {"uv": [6.5, 9, 7.25, 10.25], "texture": "#0"},
				"up": {"uv": [10, 2.75, 8, 2], "texture": "#0"},
				"down": {"uv": [5.5, 8, 3.5, 8.75], "texture": "#0"}
			}
		},
		{
			"from": [7.25, 12.2, 3],
			"to": [8.75, 13.7, 13],
			"rotation": {"angle": 0, "axis": "y", "origin": [6.25, 13.2, 6]},
			"faces": {
				"north": {"uv": [9.5, 4, 10.25, 4.75], "texture": "#0"},
				"east": {"uv": [7, 1, 2, 1.75], "texture": "#0"},
				"south": {"uv": [9.5, 8, 10.25, 8.75], "texture": "#0"},
				"west": {"uv": [2, 1, 7, 1.75], "texture": "#0"},
				"up": {"uv": [3.75, 7, 3, 2], "texture": "#0"},
				"down": {"uv": [3.75, 2, 3, 7], "texture": "#0"}
			}
		},
		{
			"from": [7.05, 12, 11],
			"to": [8.95, 13.9, 12],
			"rotation": {"angle": 0, "axis": "y", "origin": [6.25, 13.2, 6]},
			"faces": {
				"north": {"uv": [9, 0, 10, 1], "texture": "#0"},
				"east": {"uv": [1.5, 5.5, 2, 6.5], "texture": "#0"},
				"south": {"uv": [9, 1, 10, 2], "texture": "#0"},
				"west": {"uv": [5.5, 7, 6, 8], "texture": "#0"},
				"up": {"uv": [5, 10.5, 4, 10], "texture": "#0"},
				"down": {"uv": [11, 5, 10, 5.5], "texture": "#0"}
			}
		},
		{
			"from": [7.45, 12.4, 13],
			"to": [8.55, 13.6, 14.5],
			"rotation": {"angle": 22.5, "axis": "x", "origin": [7.25, 13.7, 13]},
			"faces": {
				"north": {"uv": [5.5, 5, 6, 5.5], "texture": "#0"},
				"east": {"uv": [10, 6.5, 10.75, 7], "texture": "#0"},
				"south": {"uv": [1.5, 6.5, 2, 7], "texture": "#0"},
				"west": {"uv": [10, 7, 10.75, 7.5], "texture": "#0"},
				"up": {"uv": [5.5, 10.75, 5, 10], "texture": "#0"},
				"down": {"uv": [8, 10, 7.5, 10.75], "texture": "#0"}
			}
		},
		{
			"from": [7.65, 12.23992, 13.51624],
			"to": [8.35, 13.08845, 14.36477],
			"rotation": {"angle": -22.5, "axis": "x", "origin": [7.25, 13.01774, 14.49406]},
			"faces": {
				"north": {"uv": [6.5, 10.5, 6.75, 11], "texture": "#0"},
				"east": {"uv": [7, 3, 7.5, 3.5], "texture": "#0"},
				"south": {"uv": [7, 10.5, 7.25, 11], "texture": "#0"},
				"west": {"uv": [1, 9.5, 1.5, 10], "texture": "#0"},
				"up": {"uv": [8.25, 11, 8, 10.5], "texture": "#0"},
				"down": {"uv": [10.75, 8, 10.5, 8.5], "texture": "#0"}
			}
		},
		{
			"from": [7.05, 12, 4],
			"to": [8.95, 13.9, 5],
			"rotation": {"angle": 0, "axis": "y", "origin": [6.25, 13.2, 10]},
			"faces": {
				"north": {"uv": [3.5, 9, 4.5, 10], "texture": "#0"},
				"east": {"uv": [1, 7.5, 1.5, 8.5], "texture": "#0"},
				"south": {"uv": [4.5, 9, 5.5, 10], "texture": "#0"},
				"west": {"uv": [1, 8.5, 1.5, 9.5], "texture": "#0"},
				"up": {"uv": [11, 6, 10, 5.5], "texture": "#0"},
				"down": {"uv": [11, 6, 10, 6.5], "texture": "#0"}
			}
		},
		{
			"from": [7.65, 12.23992, 1.63523],
			"to": [8.35, 13.08845, 2.48376],
			"rotation": {"angle": 22.5, "axis": "x", "origin": [7.25, 13.01774, 1.50594]},
			"faces": {
				"north": {"uv": [8.5, 10.5, 8.75, 11], "texture": "#0"},
				"east": {"uv": [1.5, 10.5, 2, 11], "texture": "#0"},
				"south": {"uv": [10.5, 8.5, 10.75, 9], "texture": "#0"},
				"west": {"uv": [2, 10.5, 2.5, 11], "texture": "#0"},
				"up": {"uv": [10.75, 9.5, 10.5, 9], "texture": "#0"},
				"down": {"uv": [10.75, 9.5, 10.5, 10], "texture": "#0"}
			}
		},
		{
			"from": [7.45, 12.4, 1.5],
			"to": [8.55, 13.6, 3],
			"rotation": {"angle": -22.5, "axis": "x", "origin": [7.25, 13.7, 3]},
			"faces": {
				"north": {"uv": [2.5, 10.5, 3, 11], "texture": "#0"},
				"east": {"uv": [10.75, 6.5, 10, 7], "texture": "#0"},
				"south": {"uv": [3, 10.5, 3.5, 11], "texture": "#0"},
				"west": {"uv": [10.75, 7, 10, 7.5], "texture": "#0"},
				"up": {"uv": [5.5, 10, 5, 10.75], "texture": "#0"},
				"down": {"uv": [8, 10.75, 7.5, 10], "texture": "#0"}
			}
		},
		{
			"from": [6, 12.175, 6],
			"to": [10, 16.2, 8.4],
			"rotation": {"angle": 0, "axis": "y", "origin": [6, 13.2, 6]},
			"faces": {
				"north": {"uv": [0, 0, 2, 2], "texture": "#0"},
				"east": {"uv": [1.25, 5.5, 0, 7.5], "texture": "#0"},
				"south": {"uv": [0, 2, 2, 4], "texture": "#0"},
				"west": {"uv": [0, 5.5, 1.25, 7.5], "texture": "#0"},
				"up": {"uv": [7.5, 4.75, 5.5, 3.5], "texture": "#0"},
				"down": {"uv": [6, 5.5, 4, 6.75], "texture": "#0"}
			}
		},
		{
			"from": [5.975, 12.2, 8.4],
			"to": [10.025, 13.7, 10.4],
			"rotation": {"angle": 45, "axis": "x", "origin": [8, 13.7, 8.4]},
			"faces": {
				"north": {"uv": [5.5, 8, 7.5, 8.75], "texture": "#0"},
				"east": {"uv": [10, 7, 9, 7.75], "texture": "#0"},
				"south": {"uv": [8, 6, 10, 6.75], "texture": "#0"},
				"west": {"uv": [9, 7, 10, 7.75], "texture": "#0"},
				"up": {"uv": [5.5, 8, 3.5, 7], "texture": "#0"},
				"down": {"uv": [9, 5, 7, 6], "texture": "#0"}
			}
		},
		{
			"from": [5.9, 15.8, 7.6],
			"to": [6.5, 17.5, 8.4],
			"rotation": {"angle": 22.5, "axis": "z", "origin": [6.5, 16, 8.4]},
			"faces": {
				"north": {"uv": [10.5, 4, 11, 5], "texture": "#0"},
				"east": {"uv": [10, 10, 10.5, 11], "texture": "#0"},
				"south": {"uv": [4.5, 10.5, 5, 11.5], "texture": "#0"},
				"west": {"uv": [0, 10.5, 0.5, 11.5], "texture": "#0"},
				"up": {"uv": [10.75, 10.5, 10.5, 10], "texture": "#0"},
				"down": {"uv": [10.75, 10.5, 10.5, 11], "texture": "#0"}
			}
		},
		{
			"from": [4.63714, 17.06362, 7.6],
			"to": [5.23714, 18.26362, 8.4],
			"rotation": {"angle": -22.5, "axis": "z", "origin": [5.23714, 15.26362, 8.4]},
			"faces": {
				"north": {"uv": [11.75, 0.5, 12.25, 1.25], "texture": "#0"},
				"east": {"uv": [11, 3, 11.5, 3.75], "texture": "#0"},
				"south": {"uv": [11.25, 0.5, 11.75, 1.25], "texture": "#0"},
				"west": {"uv": [3.5, 10.5, 4, 11.25], "texture": "#0"},
				"up": {"uv": [11.25, 2.5, 11, 2], "texture": "#0"},
				"down": {"uv": [1.75, 11, 1.5, 11.5], "texture": "#0"}
			}
		},
		{
			"from": [10.76286, 17.06362, 7.6],
			"to": [11.36286, 18.26362, 8.4],
			"rotation": {"angle": 22.5, "axis": "z", "origin": [10.76286, 15.26362, 8.4]},
			"faces": {
				"north": {"uv": [11.75, 0.5, 12.25, 1.25], "texture": "#0"},
				"east": {"uv": [4, 10.5, 3.5, 11.25], "texture": "#0"},
				"south": {"uv": [11.75, 0.5, 11.25, 1.25], "texture": "#0"},
				"west": {"uv": [11, 3, 11.5, 3.75], "texture": "#0"},
				"up": {"uv": [11.25, 2.5, 11, 2], "texture": "#0"},
				"down": {"uv": [2.75, 11, 2.5, 11.5], "texture": "#0"}
			}
		},
		{
			"from": [9.5, 15.8, 7.6],
			"to": [10.1, 17.5, 8.4],
			"rotation": {"angle": -22.5, "axis": "z", "origin": [9.5, 16, 8.4]},
			"faces": {
				"north": {"uv": [11, 4, 10.5, 5], "texture": "#0"},
				"east": {"uv": [0.5, 10.5, 0, 11.5], "texture": "#0"},
				"south": {"uv": [5, 10.5, 4.5, 11.5], "texture": "#0"},
				"west": {"uv": [10.5, 10, 10, 11], "texture": "#0"},
				"up": {"uv": [11.25, 3, 11, 2.5], "texture": "#0"},
				"down": {"uv": [3.25, 11, 3, 11.5], "texture": "#0"}
			}
		}
	],
	"display": {
		"thirdperson_righthand": {
			"translation": [0, 5, 1.5],
			"scale": [1.3, 1.3, 1.3]
		},
		"thirdperson_lefthand": {
			"translation": [0, 5, 1.5],
			"scale": [1.3, 1.3, 1.3]
		},
		"firstperson_righthand": {
			"translation": [0, 2, 0],
			"scale": [1.2, 1.2, 1.2]
		},
		"firstperson_lefthand": {
			"translation": [0, 2, 0],
			"scale": [1.2, 1.2, 1.2]
		},
		"ground": {
			"translation": [0, 5, 0]
		},
		"gui": {
			"rotation": [-90, 66.5, 90],
			"translation": [1.25, -0.5, 0],
			"scale": [0.85, 0.85, 0.85]
		},
		"fixed": {
			"rotation": [0, 90, 0]
		}
	},
	"groups": [
		{
			"name": "pickaxe",
			"origin": [8, 8, 8],
			"color": 0,
			"children": [0, 1, 2, 3, 4, 5, 6, 7, 8, 9, 10, 11, 12, 13, 14, 15, 16, 17, 18]
		}
	]
}