{
	"credit": "Made with Blockbench",
	"parent": "dragon_pickaxe",
	"texture_size": [32, 32],
	"textures": {
		"0": "default/dragonpickaxe_texture",
		"particle": "default/dragonpickaxe_texture"
	},
	"elements": [
		{
			"from": [7.3, -0.5, 7.3],
			"to": [8.7, 16.9, 8.7],
			"rotation": {"angle": 0, "axis": "y", "origin": [7.95, 0, 7.95]},
			"faces": {
				"north": {"uv": [0, 4, 0.75, 12.75], "texture": "#0"},
				"east": {"uv": [1, 4, 1.75, 12.75], "texture": "#0"},
				"south": {"uv": [2, 4, 2.75, 12.75], "texture": "#0"},
				"west": {"uv": [3, 4, 3.75, 12.75], "texture": "#0"},
				"up": {"uv": [12.75, 12.75, 12, 12], "texture": "#0"},
				"down": {"uv": [13.25, 1, 12.5, 1.75], "texture": "#0"}
			}
		},
		{
			"from": [7.1, 4.8, 7.1],
			"to": [8.9, 9.9, 8.9],
			"rotation": {"angle": 0, "axis": "y", "origin": [7.95, -0.6, 7.95]},
			"faces": {
				"north": {"uv": [6, 6, 7, 8.5], "texture": "#0"},
				"east": {"uv": [7, 0, 8, 2.5], "texture": "#0"},
				"south": {"uv": [7, 6, 8, 8.5], "texture": "#0"},
				"west": {"uv": [8, 0, 9, 2.5], "texture": "#0"},
				"up": {"uv": [10.5, 5.5, 9.5, 4.5], "texture": "#0"},
				"down": {"uv": [11, 0, 10, 1], "texture": "#0"}
			}
		},
		{
			"from": [7, 4.8, 7.1],
			"to": [9, 6.95, 7.5],
			"rotation": {"angle": 45, "axis": "x", "origin": [7, 4.8, 7.1]},
			"faces": {
				"north": {"uv": [4, 10, 5, 11], "texture": "#0"},
				"east": {"uv": [13.5, 5, 13.75, 6], "texture": "#0"},
				"south": {"uv": [5, 10, 6, 11], "texture": "#0"},
				"west": {"uv": [5.5, 13.5, 5.75, 14.5], "texture": "#0"},
				"up": {"uv": [7, 13.75, 6, 13.5], "texture": "#0"},
				"down": {"uv": [14.5, 7.5, 13.5, 7.75], "texture": "#0"}
			}
		},
		{
			"from": [7, 4.8, 8.5],
			"to": [9, 6.95, 8.9],
			"rotation": {"angle": -45, "axis": "x", "origin": [7, 4.8, 8.9]},
			"faces": {
				"north": {"uv": [10, 5.5, 11, 6.5], "texture": "#0"},
				"east": {"uv": [7, 13.5, 7.25, 14.5], "texture": "#0"},
				"south": {"uv": [6, 10, 7, 11], "texture": "#0"},
				"west": {"uv": [8, 13.5, 8.25, 14.5], "texture": "#0"},
				"up": {"uv": [14.5, 8.25, 13.5, 8], "texture": "#0"},
				"down": {"uv": [9.5, 13.5, 8.5, 13.75], "texture": "#0"}
			}
		},
		{
			"from": [7, 4.53909, 8.50797],
			"to": [9, 6.68909, 8.90797],
			"rotation": {"angle": -45, "axis": "x", "origin": [7, 5.27487, 7.09376]},
			"faces": {
				"north": {"uv": [10, 6.5, 11, 7.5], "texture": "#0"},
				"east": {"uv": [9.5, 13.5, 9.75, 14.5], "texture": "#0"},
				"south": {"uv": [7, 10, 8, 11], "texture": "#0"},
				"west": {"uv": [10, 13.5, 10.25, 14.5], "texture": "#0"},
				"up": {"uv": [11.5, 13.75, 10.5, 13.5], "texture": "#0"},
				"down": {"uv": [14.5, 12, 13.5, 12.25], "texture": "#0"}
			}
		},
		{
			"from": [7, 5.81629, 6.55675],
			"to": [9, 7.96629, 6.95675],
			"rotation": {"angle": 45, "axis": "x", "origin": [7, 5.27487, 7.09376]},
			"faces": {
				"north": {"uv": [10, 7.5, 11, 8.5], "texture": "#0"},
				"east": {"uv": [11.5, 13.5, 11.75, 14.5], "texture": "#0"},
				"south": {"uv": [8, 10, 9, 11], "texture": "#0"},
				"west": {"uv": [13.5, 12.5, 13.75, 13.5], "texture": "#0"},
				"up": {"uv": [14.5, 13.75, 13.5, 13.5], "texture": "#0"},
				"down": {"uv": [15, 0, 14, 0.25], "texture": "#0"}
			}
		},
		{
			"from": [7, 7.05373, 6.55987],
			"to": [9, 9.20373, 6.95987],
			"rotation": {"angle": 45, "axis": "x", "origin": [7, 6.51231, 7.09688]},
			"faces": {
				"north": {"uv": [10, 8.5, 11, 9.5], "texture": "#0"},
				"east": {"uv": [14, 0.5, 14.25, 1.5], "texture": "#0"},
				"south": {"uv": [9, 10, 10, 11], "texture": "#0"},
				"west": {"uv": [14, 1.5, 14.25, 2.5], "texture": "#0"},
				"up": {"uv": [15, 2.75, 14, 2.5], "texture": "#0"},
				"down": {"uv": [15, 3, 14, 3.25], "texture": "#0"}
			}
		},
		{
			"from": [7, 5.77652, 8.51109],
			"to": [9, 7.92652, 8.91109],
			"rotation": {"angle": -45, "axis": "x", "origin": [7, 6.51231, 7.09688]},
			"faces": {
				"north": {"uv": [10, 9.5, 11, 10.5], "texture": "#0"},
				"east": {"uv": [14, 3.5, 14.25, 4.5], "texture": "#0"},
				"south": {"uv": [10.5, 1, 11.5, 2], "texture": "#0"},
				"west": {"uv": [14, 4.5, 14.25, 5.5], "texture": "#0"},
				"up": {"uv": [15, 5.75, 14, 5.5], "texture": "#0"},
				"down": {"uv": [7, 14, 6, 14.25], "texture": "#0"}
			}
		},
		{
			"from": [7, 8.29117, 6.56299],
			"to": [9, 10.64117, 6.96299],
			"rotation": {"angle": 45, "axis": "x", "origin": [7, 7.74975, 7.1]},
			"faces": {
				"north": {"uv": [8, 5.5, 9, 6.75], "texture": "#0"},
				"east": {"uv": [2, 13.5, 2.25, 14.75], "texture": "#0"},
				"south": {"uv": [8, 7, 9, 8.25], "texture": "#0"},
				"west": {"uv": [13.5, 2, 13.75, 3.25], "texture": "#0"},
				"up": {"uv": [15, 6.25, 14, 6], "texture": "#0"},
				"down": {"uv": [15, 6.5, 14, 6.75], "texture": "#0"}
			}
		},
		{
			"from": [7, 7.01396, 8.51421],
			"to": [9, 9.36396, 8.91421],
			"rotation": {"angle": -45, "axis": "x", "origin": [7, 7.74975, 7.1]},
			"faces": {
				"north": {"uv": [8.5, 2.5, 9.5, 3.75], "texture": "#0"},
				"east": {"uv": [2.5, 13.5, 2.75, 14.75], "texture": "#0"},
				"south": {"uv": [6, 8.5, 7, 9.75], "texture": "#0"},
				"west": {"uv": [3, 13.5, 3.25, 14.75], "texture": "#0"},
				"up": {"uv": [15, 7.25, 14, 7], "texture": "#0"},
				"down": {"uv": [9.5, 14, 8.5, 14.25], "texture": "#0"}
			}
		},
		{
			"from": [9.04013, 8.29117, 7],
			"to": [9.44013, 10.64117, 9],
			"rotation": {"angle": 45, "axis": "z", "origin": [8.90312, 7.74975, 7]},
			"faces": {
				"north": {"uv": [3.5, 13.5, 3.75, 14.75], "texture": "#0"},
				"east": {"uv": [7, 8.5, 8, 9.75], "texture": "#0"},
				"south": {"uv": [13.5, 3.5, 13.75, 4.75], "texture": "#0"},
				"west": {"uv": [8, 8.5, 9, 9.75], "texture": "#0"},
				"up": {"uv": [5.25, 15, 5, 14], "texture": "#0"},
				"down": {"uv": [7.75, 14, 7.5, 15], "texture": "#0"}
			}
		},
		{
			"from": [7.08891, 7.01396, 7],
			"to": [7.48891, 9.36396, 9],
			"rotation": {"angle": -45, "axis": "z", "origin": [8.90312, 7.74975, 7]},
			"faces": {
				"north": {"uv": [4, 13.5, 4.25, 14.75], "texture": "#0"},
				"east": {"uv": [9, 0, 10, 1.25], "texture": "#0"},
				"south": {"uv": [4.5, 13.5, 4.75, 14.75], "texture": "#0"},
				"west": {"uv": [9, 5.5, 10, 6.75], "texture": "#0"},
				"up": {"uv": [14.25, 9.5, 14, 8.5], "texture": "#0"},
				"down": {"uv": [14.25, 9.5, 14, 10.5], "texture": "#0"}
			}
		},
		{
			"from": [9.04325, 7.05373, 7],
			"to": [9.44325, 9.20373, 9],
			"rotation": {"angle": 45, "axis": "z", "origin": [8.90624, 6.51231, 7]},
			"faces": {
				"north": {"uv": [10.5, 14, 10.75, 15], "texture": "#0"},
				"east": {"uv": [10.5, 2, 11.5, 3], "texture": "#0"},
				"south": {"uv": [14, 10.5, 14.25, 11.5], "texture": "#0"},
				"west": {"uv": [10.5, 3, 11.5, 4], "texture": "#0"},
				"up": {"uv": [11.25, 15, 11, 14], "texture": "#0"},
				"down": {"uv": [12.25, 14, 12, 15], "texture": "#0"}
			}
		},
		{
			"from": [7.09203, 5.77652, 7],
			"to": [7.49203, 7.92652, 9],
			"rotation": {"angle": -45, "axis": "z", "origin": [8.90624, 6.51231, 7]},
			"faces": {
				"north": {"uv": [12.5, 14, 12.75, 15], "texture": "#0"},
				"east": {"uv": [10.5, 4, 11.5, 5], "texture": "#0"},
				"south": {"uv": [14, 12.5, 14.25, 13.5], "texture": "#0"},
				"west": {"uv": [10, 10.5, 11, 11.5], "texture": "#0"},
				"up": {"uv": [13.25, 15, 13, 14], "texture": "#0"},
				"down": {"uv": [13.75, 14, 13.5, 15], "texture": "#0"}
			}
		},
		{
			"from": [9.04637, 5.81629, 7],
			"to": [9.44637, 7.96629, 9],
			"rotation": {"angle": 45, "axis": "z", "origin": [8.90937, 5.27487, 7]},
			"faces": {
				"north": {"uv": [14, 14, 14.25, 15], "texture": "#0"},
				"east": {"uv": [11, 0, 12, 1], "texture": "#0"},
				"south": {"uv": [0, 14.5, 0.25, 15.5], "texture": "#0"},
				"west": {"uv": [4, 11, 5, 12], "texture": "#0"},
				"up": {"uv": [0.75, 15.5, 0.5, 14.5], "texture": "#0"},
				"down": {"uv": [14.75, 0.5, 14.5, 1.5], "texture": "#0"}
			}
		},
		{
			"from": [7.09515, 4.53909, 7],
			"to": [7.49515, 6.68909, 9],
			"rotation": {"angle": -45, "axis": "z", "origin": [8.90937, 5.27487, 7]},
			"faces": {
				"north": {"uv": [1, 14.5, 1.25, 15.5], "texture": "#0"},
				"east": {"uv": [5, 11, 6, 12], "texture": "#0"},
				"south": {"uv": [1.5, 14.5, 1.75, 15.5], "texture": "#0"},
				"west": {"uv": [11, 5, 12, 6], "texture": "#0"},
				"up": {"uv": [14.75, 2.5, 14.5, 1.5], "texture": "#0"},
				"down": {"uv": [14.75, 3.5, 14.5, 4.5], "texture": "#0"}
			}
		},
		{
			"from": [8.50312, 4.8, 7],
			"to": [8.90312, 6.95, 9],
			"rotation": {"angle": 45, "axis": "z", "origin": [8.90312, 4.8, 7]},
			"faces": {
				"north": {"uv": [14.5, 4.5, 14.75, 5.5], "texture": "#0"},
				"east": {"uv": [6, 11, 7, 12], "texture": "#0"},
				"south": {"uv": [5.5, 14.5, 5.75, 15.5], "texture": "#0"},
				"west": {"uv": [11, 6, 12, 7], "texture": "#0"},
				"up": {"uv": [6.25, 15.5, 6, 14.5], "texture": "#0"},
				"down": {"uv": [6.75, 14.5, 6.5, 15.5], "texture": "#0"}
			}
		},
		{
			"from": [7.10312, 4.8, 7],
			"to": [7.50312, 6.95, 9],
			"rotation": {"angle": -45, "axis": "z", "origin": [7.10312, 4.8, 7]},
			"faces": {
				"north": {"uv": [7, 14.5, 7.25, 15.5], "texture": "#0"},
				"east": {"uv": [7, 11, 8, 12], "texture": "#0"},
				"south": {"uv": [14.5, 7.5, 14.75, 8.5], "texture": "#0"},
				"west": {"uv": [11, 7, 12, 8], "texture": "#0"},
				"up": {"uv": [8.25, 15.5, 8, 14.5], "texture": "#0"},
				"down": {"uv": [8.75, 14.5, 8.5, 15.5], "texture": "#0"}
			}
		},
		{
			"from": [6.9, 4, 6.9],
			"to": [9.1, 4.8, 9.1],
			"rotation": {"angle": 0, "axis": "y", "origin": [7.95, -0.6, 7.95]},
			"faces": {
				"north": {"uv": [0, 13, 1, 13.5], "texture": "#0"},
				"east": {"uv": [13, 0, 14, 0.5], "texture": "#0"},
				"south": {"uv": [13, 0.5, 14, 1], "texture": "#0"},
				"west": {"uv": [1, 13, 2, 13.5], "texture": "#0"},
				"up": {"uv": [9, 12, 8, 11], "texture": "#0"},
				"down": {"uv": [12, 8, 11, 9], "texture": "#0"}
			}
		},
		{
			"from": [6.9, 9.9, 6.9],
			"to": [9.1, 10.7, 9.1],
			"rotation": {"angle": 0, "axis": "y", "origin": [7.95, -0.6, 7.95]},
			"faces": {
				"north": {"uv": [2, 13, 3, 13.5], "texture": "#0"},
				"east": {"uv": [3, 13, 4, 13.5], "texture": "#0"},
				"south": {"uv": [4, 13, 5, 13.5], "texture": "#0"},
				"west": {"uv": [13, 6, 14, 6.5], "texture": "#0"},
				"up": {"uv": [10, 12, 9, 11], "texture": "#0"},
				"down": {"uv": [12, 9, 11, 10], "texture": "#0"}
			}
		},
		{
			"from": [7.1, -0.6, 7.1],
			"to": [8.9, 0.9, 8.9],
			"rotation": {"angle": 0, "axis": "y", "origin": [7.95, 0, 7.95]},
			"faces": {
				"north": {"uv": [9, 12, 10, 12.75], "texture": "#0"},
				"east": {"uv": [12, 10, 13, 10.75], "texture": "#0"},
				"south": {"uv": [11, 12, 12, 12.75], "texture": "#0"},
				"west": {"uv": [12, 11, 13, 11.75], "texture": "#0"},
				"up": {"uv": [12, 11, 11, 10], "texture": "#0"},
				"down": {"uv": [12, 11, 11, 12], "texture": "#0"}
			}
		},
		{
			"from": [7.1, 12.6, 7.1],
			"to": [8.9, 13.8, 8.9],
			"rotation": {"angle": 0, "axis": "y", "origin": [7.95, 0, 7.95]},
			"faces": {
				"north": {"uv": [6.5, 13, 7.5, 13.5], "texture": "#0"},
				"east": {"uv": [13, 6.5, 14, 7], "texture": "#0"},
				"south": {"uv": [13, 7, 14, 7.5], "texture": "#0"},
				"west": {"uv": [13, 8.5, 14, 9], "texture": "#0"},
				"up": {"uv": [12.5, 2, 11.5, 1], "texture": "#0"},
				"down": {"uv": [12.5, 2, 11.5, 3], "texture": "#0"}
			}
		},
		{
			"from": [6.9, 0.9, 6.9],
			"to": [9.1, 1.9, 9.1],
			"rotation": {"angle": 0, "axis": "y", "origin": [7.95, 0, 7.95]},
			"faces": {
				"north": {"uv": [9, 13, 10, 13.5], "texture": "#0"},
				"east": {"uv": [13, 9, 14, 9.5], "texture": "#0"},
				"south": {"uv": [13, 9.5, 14, 10], "texture": "#0"},
				"west": {"uv": [13, 10, 14, 10.5], "texture": "#0"},
				"up": {"uv": [12.5, 4, 11.5, 3], "texture": "#0"},
				"down": {"uv": [12.5, 4, 11.5, 5], "texture": "#0"}
			}
		},
		{
			"from": [7.1, 14.1, 3.9],
			"to": [8.9, 15.9, 12.1],
			"rotation": {"angle": 0, "axis": "y", "origin": [7.95, 14, 6.15]},
			"faces": {
				"north": {"uv": [10, 11.5, 11, 12.5], "texture": "#0"},
				"east": {"uv": [4, 4, 8, 5], "texture": "#0"},
				"south": {"uv": [12, 0, 13, 1], "texture": "#0"},
				"west": {"uv": [4, 5, 8, 6], "texture": "#0"},
				"up": {"uv": [5, 10, 4, 6], "texture": "#0"},
				"down": {"uv": [6, 6, 5, 10], "texture": "#0"}
			}
		},
		{
			"from": [8, 10.1, 0.9],
			"to": [8, 14.1, 15.1],
			"rotation": {"angle": 0, "axis": "y", "origin": [7.85, 14, 6.15]},
			"faces": {
				"north": {"uv": [0, 0, 0, 2], "texture": "#0"},
				"east": {"uv": [7, 2, 0, 4], "texture": "#0"},
				"south": {"uv": [0, 0, 0, 2], "texture": "#0"},
				"west": {"uv": [0, 2, 7, 4], "texture": "#0"},
				"up": {"uv": [0, 7, 0, 0], "texture": "#0"},
				"down": {"uv": [0, 0, 0, 7], "texture": "#0"}
			}
		},
		{
			"from": [7.3, 14.3, 1.4],
			"to": [8.7, 15.7, 3.9],
			"rotation": {"angle": -22.5, "axis": "x", "origin": [7.1, 15.9, 3.9]},
			"faces": {
				"north": {"uv": [12.5, 2, 13.25, 2.75], "texture": "#0"},
				"east": {"uv": [4, 12, 5.25, 12.75], "texture": "#0"},
				"south": {"uv": [12.5, 3, 13.25, 3.75], "texture": "#0"},
				"west": {"uv": [12, 5, 13.25, 5.75], "texture": "#0"},
				"up": {"uv": [6.25, 13.25, 5.5, 12], "texture": "#0"},
				"down": {"uv": [12.75, 6, 12, 7.25], "texture": "#0"}
			}
		},
		{
			"from": [7.5, 13.55852, -0.33316],
			"to": [8.5, 14.55852, 1.66684],
			"rotation": {"angle": -45, "axis": "x", "origin": [7.3, 14.75852, 1.66684]},
			"faces": {
				"north": {"uv": [15.5, 3.5, 15, 4], "texture": "#0"},
				"east": {"uv": [14, 10.5, 13, 11], "texture": "#0"},
				"south": {"uv": [10.5, 5, 11, 5.5], "texture": "#0"},
				"west": {"uv": [11, 13, 12, 13.5], "texture": "#0"},
				"up": {"uv": [8, 13, 7.5, 14], "texture": "#0"},
				"down": {"uv": [12.5, 14, 12, 13], "texture": "#0"}
			}
		},
		{
			"from": [7.3, 14.3, 12.1],
			"to": [8.7, 15.7, 14.6],
			"rotation": {"angle": 22.5, "axis": "x", "origin": [7.1, 15.9, 12.1]},
			"faces": {
				"north": {"uv": [12.5, 4, 13.25, 4.75], "texture": "#0"},
				"east": {"uv": [5.25, 12, 4, 12.75], "texture": "#0"},
				"south": {"uv": [10, 12.5, 10.75, 13.25], "texture": "#0"},
				"west": {"uv": [13.25, 5, 12, 5.75], "texture": "#0"},
				"up": {"uv": [6.25, 12, 5.5, 13.25], "texture": "#0"},
				"down": {"uv": [12.75, 8.5, 12, 9.75], "texture": "#0"}
			}
		},
		{
			"from": [7.4, 15.7, 13.2],
			"to": [8.6, 16.9, 14.4],
			"rotation": {"angle": 22.5, "axis": "x", "origin": [7.1, 15.9, 12.1]},
			"faces": {
				"north": {"uv": [3, 15, 2.5, 15.5], "texture": "#0"},
				"east": {"uv": [15.5, 2, 15, 2.5], "texture": "#0"},
				"south": {"uv": [2.5, 15, 2, 15.5], "texture": "#0"},
				"west": {"uv": [15.5, 2.5, 15, 3], "texture": "#0"},
				"up": {"uv": [3, 15.5, 3.5, 15], "texture": "#0"},
				"down": {"uv": [15, 9.5, 14.5, 10], "texture": "#0"}
			}
		},
		{
			"from": [7.5, 15.94371, 13.50761],
			"to": [8.5, 17.24371, 14.50761],
			"rotation": {"angle": 0, "axis": "y", "origin": [7.4, 15.94371, 14.60761]},
			"faces": {
				"north": {"uv": [14, 1, 13.5, 1.75], "texture": "#0"},
				"east": {"uv": [1.5, 13.5, 1, 14.25], "texture": "#0"},
				"south": {"uv": [1, 13.5, 0.5, 14.25], "texture": "#0"},
				"west": {"uv": [2, 13.5, 1.5, 14.25], "texture": "#0"},
				"up": {"uv": [15.5, 1.5, 15, 1], "texture": "#0"},
				"down": {"uv": [15, 10, 14.5, 10.5], "texture": "#0"}
			}
		},
		{
			"from": [7.6, 17.24371, 13.70761],
			"to": [8.4, 18.24371, 14.50761],
			"rotation": {"angle": -22.5, "axis": "x", "origin": [7.5, 17.24371, 14.50761]},
			"faces": {
				"north": {"uv": [15, 14, 14.5, 14.5], "texture": "#0"},
				"east": {"uv": [15, 13.5, 14.5, 14], "texture": "#0"},
				"south": {"uv": [15, 13, 14.5, 13.5], "texture": "#0"},
				"west": {"uv": [15, 14.5, 14.5, 15], "texture": "#0"},
				"up": {"uv": [15, 0.5, 15.5, 0], "texture": "#0"},
				"down": {"uv": [15, 12.5, 14.5, 13], "texture": "#0"}
			}
		},
		{
			"from": [7.6, 17.24371, 1.49239],
			"to": [8.4, 18.24371, 2.29239],
			"rotation": {"angle": 22.5, "axis": "x", "origin": [7.5, 17.24371, 1.49239]},
			"faces": {
				"north": {"uv": [14.5, 13, 15, 13.5], "texture": "#0"},
				"east": {"uv": [14.5, 13.5, 15, 14], "texture": "#0"},
				"south": {"uv": [14.5, 14, 15, 14.5], "texture": "#0"},
				"west": {"uv": [14.5, 14.5, 15, 15], "texture": "#0"},
				"up": {"uv": [15.5, 0.5, 15, 0], "texture": "#0"},
				"down": {"uv": [15.5, 0.5, 15, 1], "texture": "#0"}
			}
		},
		{
			"from": [7.5, 15.94371, 1.49239],
			"to": [8.5, 17.24371, 2.49239],
			"rotation": {"angle": 0, "axis": "y", "origin": [7.4, 15.94371, 1.39239]},
			"faces": {
				"north": {"uv": [0.5, 13.5, 1, 14.25], "texture": "#0"},
				"east": {"uv": [1, 13.5, 1.5, 14.25], "texture": "#0"},
				"south": {"uv": [13.5, 1, 14, 1.75], "texture": "#0"},
				"west": {"uv": [1.5, 13.5, 2, 14.25], "texture": "#0"},
				"up": {"uv": [15.5, 1.5, 15, 1], "texture": "#0"},
				"down": {"uv": [15.5, 1.5, 15, 2], "texture": "#0"}
			}
		},
		{
			"from": [7.4, 15.7, 1.6],
			"to": [8.6, 16.9, 2.8],
			"rotation": {"angle": -22.5, "axis": "x", "origin": [7.1, 15.9, 3.9]},
			"faces": {
				"north": {"uv": [2, 15, 2.5, 15.5], "texture": "#0"},
				"east": {"uv": [15, 2, 15.5, 2.5], "texture": "#0"},
				"south": {"uv": [2.5, 15, 3, 15.5], "texture": "#0"},
				"west": {"uv": [15, 2.5, 15.5, 3], "texture": "#0"},
				"up": {"uv": [3.5, 15.5, 3, 15], "texture": "#0"},
				"down": {"uv": [15.5, 3, 15, 3.5], "texture": "#0"}
			}
		},
		{
			"from": [7.5, 13.55852, 14.33316],
			"to": [8.5, 14.55852, 16.33316],
			"rotation": {"angle": 45, "axis": "x", "origin": [7.3, 14.75852, 14.33316]},
			"faces": {
				"north": {"uv": [3.5, 15, 4, 15.5], "texture": "#0"},
				"east": {"uv": [13, 10.5, 14, 11], "texture": "#0"},
				"south": {"uv": [15, 3.5, 15.5, 4], "texture": "#0"},
				"west": {"uv": [12, 13, 11, 13.5], "texture": "#0"},
				"up": {"uv": [8, 14, 7.5, 13], "texture": "#0"},
				"down": {"uv": [12.5, 13, 12, 14], "texture": "#0"}
			}
		},
		{
			"from": [6.9, 13.8, 6.7],
			"to": [9.1, 16.4, 9.3],
			"rotation": {"angle": 0, "axis": "y", "origin": [7.95, 13.5, 9.75]},
			"faces": {
				"north": {"uv": [9, 7, 10, 8.25], "texture": "#0"},
				"east": {"uv": [7, 2.5, 8.25, 3.75], "texture": "#0"},
				"south": {"uv": [9, 8.5, 10, 9.75], "texture": "#0"},
				"west": {"uv": [8, 4, 9.25, 5.25], "texture": "#0"},
				"up": {"uv": [10.5, 2.75, 9.5, 1.5], "texture": "#0"},
				"down": {"uv": [10.5, 3, 9.5, 4.25], "texture": "#0"}
			}
		}
	],
	"display": {
		"thirdperson_righthand": {
			"translation": [0, 0.5, 1.25],
			"scale": [1.4, 1.4, 1.4]
		},
		"thirdperson_lefthand": {
			"translation": [0, 0.5, 1.25],
			"scale": [1.4, 1.4, 1.4]
		},
		"firstperson_righthand": {
			"translation": [0, 1.5, 0]
		},
		"firstperson_lefthand": {
			"translation": [0, 1.5, 0]
		},
		"ground": {
			"translation": [0, 5, 0]
		},
		"gui": {
			"rotation": [-90, 67.5, 90],
			"translation": [1.25, -1.25, 0],
			"scale": [0.75, 0.75, 0.75]
		},
		"fixed": {
			"rotation": [0, 90, 0],
			"translation": [0, -0.5, 0],
			"scale": [0.9, 0.9, 0.9]
		}
	},
	"groups": [
		{
			"name": "pickaxe",
			"origin": [8, 8, 8],
			"color": 0,
			"children": [0, 1, 2, 3, 4, 5, 6, 7, 8, 9, 10, 11, 12, 13, 14, 15, 16, 17, 18, 19, 20, 21, 22, 23, 24, 25, 26, 27, 28, 29, 30, 31, 32, 33, 34, 35]
		}
	]
}