{
	"credit": "Made with Blockbench",
	"parent": "end_pickaxe",
	"texture_size": [32, 32],
	"textures": {
		"0": "default/end_pickaxe",
		"particle": "default/end_pickaxe"
	},
	"elements": [
		{
			"from": [7.3, 11.4, 7.15],
			"to": [8.7, 16.8, 8.85],
			"rotation": {"angle": 0, "axis": "y", "origin": [8, 11.5, 8.25]},
			"faces": {
				"north": {"uv": [5, 9, 5.75, 11.75], "texture": "#0"},
				"east": {"uv": [9, 7, 9.75, 9.75], "texture": "#0"},
				"south": {"uv": [9.5, 0, 10.25, 2.75], "texture": "#0"},
				"west": {"uv": [2, 9.5, 2.75, 12.25], "texture": "#0"},
				"up": {"uv": [14.25, 4.25, 13.5, 3.5], "texture": "#0"},
				"down": {"uv": [4.75, 13.5, 4, 14.25], "texture": "#0"}
			}
		},
		{
			"from": [7.6, 11.6, 6.9],
			"to": [8.4, 15.2, 7.7],
			"rotation": {"angle": -22.5, "axis": "x", "origin": [8, 11.7, 7.7]},
			"faces": {
				"north": {"uv": [7, 3, 7.5, 4.75], "texture": "#0"},
				"east": {"uv": [12, 3, 12.5, 4.75], "texture": "#0"},
				"south": {"uv": [5, 12, 5.5, 13.75], "texture": "#0"},
				"west": {"uv": [12, 5, 12.5, 6.75], "texture": "#0"},
				"up": {"uv": [10.5, 11.5, 10, 11], "texture": "#0"},
				"down": {"uv": [9, 12, 8.5, 12.5], "texture": "#0"}
			}
		},
		{
			"from": [7.6, 11.6, 8.3],
			"to": [8.4, 15.2, 9.1],
			"rotation": {"angle": 22.5, "axis": "x", "origin": [8, 11.7, 8.3]},
			"faces": {
				"north": {"uv": [5.5, 12, 6, 13.75], "texture": "#0"},
				"east": {"uv": [6, 12, 6.5, 13.75], "texture": "#0"},
				"south": {"uv": [6.5, 12, 7, 13.75], "texture": "#0"},
				"west": {"uv": [7, 12, 7.5, 13.75], "texture": "#0"},
				"up": {"uv": [14.5, 13, 14, 12.5], "texture": "#0"},
				"down": {"uv": [13.5, 14, 13, 14.5], "texture": "#0"}
			}
		},
		{
			"from": [7.3, 2.6, 7.05],
			"to": [8.7, 3.2, 8.95],
			"rotation": {"angle": 0, "axis": "y", "origin": [7.95, 1.7, 8.2]},
			"faces": {
				"north": {"uv": [14.5, 11.5, 15.25, 11.75], "texture": "#0"},
				"east": {"uv": [14, 13, 15, 13.25], "texture": "#0"},
				"south": {"uv": [14.5, 12, 15.25, 12.25], "texture": "#0"},
				"west": {"uv": [13.5, 14, 14.5, 14.25], "texture": "#0"},
				"up": {"uv": [12.75, 8, 12, 7], "texture": "#0"},
				"down": {"uv": [8.25, 12, 7.5, 13], "texture": "#0"}
			}
		},
		{
			"from": [7.6, 2.1, 7.15],
			"to": [8.4, 9.5, 8.85],
			"rotation": {"angle": 0, "axis": "y", "origin": [7.95, 6.7, 8.2]},
			"faces": {
				"north": {"uv": [3, 9.5, 3.5, 13.25], "texture": "#0"},
				"east": {"uv": [4, 5, 4.75, 8.75], "texture": "#0"},
				"south": {"uv": [3.5, 9.5, 4, 13.25], "texture": "#0"},
				"west": {"uv": [5, 5, 5.75, 8.75], "texture": "#0"},
				"up": {"uv": [7, 14.75, 6.5, 14], "texture": "#0"},
				"down": {"uv": [7.5, 14, 7, 14.75], "texture": "#0"}
			}
		},
		{
			"from": [7.3, 0.9, 7.05],
			"to": [8.7, 2.1, 8.95],
			"rotation": {"angle": 0, "axis": "y", "origin": [7.95, 0, 7.8]},
			"faces": {
				"north": {"uv": [14, 7, 14.75, 7.5], "texture": "#0"},
				"east": {"uv": [7.5, 4.5, 8.5, 5], "texture": "#0"},
				"south": {"uv": [7.5, 14, 8.25, 14.5], "texture": "#0"},
				"west": {"uv": [13.5, 6.5, 14.5, 7], "texture": "#0"},
				"up": {"uv": [12.75, 9, 12, 8], "texture": "#0"},
				"down": {"uv": [12.75, 10, 12, 11], "texture": "#0"}
			}
		},
		{
			"from": [7.3, 9.5, 7.05],
			"to": [8.7, 10.8, 8.95],
			"rotation": {"angle": 0, "axis": "y", "origin": [7.95, 9.2, 7.8]},
			"faces": {
				"north": {"uv": [13.5, 4.5, 14.25, 5.25], "texture": "#0"},
				"east": {"uv": [12, 11, 13, 11.75], "texture": "#0"},
				"south": {"uv": [13.5, 5.5, 14.25, 6.25], "texture": "#0"},
				"west": {"uv": [12, 12, 13, 12.75], "texture": "#0"},
				"up": {"uv": [2.75, 13.5, 2, 12.5], "texture": "#0"},
				"down": {"uv": [13.25, 3, 12.5, 4], "texture": "#0"}
			}
		},
		{
			"from": [7.3, 5.9, 7.05],
			"to": [8.7, 6.5, 8.95],
			"rotation": {"angle": 0, "axis": "y", "origin": [7.95, 4.9, 7.8]},
			"faces": {
				"north": {"uv": [12.5, 14.5, 13.25, 14.75], "texture": "#0"},
				"east": {"uv": [14, 13.5, 15, 13.75], "texture": "#0"},
				"south": {"uv": [14.5, 12.5, 15.25, 12.75], "texture": "#0"},
				"west": {"uv": [0, 14.5, 1, 14.75], "texture": "#0"},
				"up": {"uv": [4.75, 13.5, 4, 12.5], "texture": "#0"},
				"down": {"uv": [13.25, 4, 12.5, 5], "texture": "#0"}
			}
		},
		{
			"from": [7.3, 7.1, 7.05],
			"to": [8.7, 7.7, 8.95],
			"rotation": {"angle": 0, "axis": "y", "origin": [7.95, 4.9, 7.8]},
			"faces": {
				"north": {"uv": [13.5, 14.5, 14.25, 14.75], "texture": "#0"},
				"east": {"uv": [1, 14.5, 2, 14.75], "texture": "#0"},
				"south": {"uv": [14.5, 14, 15.25, 14.25], "texture": "#0"},
				"west": {"uv": [14.5, 3.5, 15.5, 3.75], "texture": "#0"},
				"up": {"uv": [13.25, 6, 12.5, 5], "texture": "#0"},
				"down": {"uv": [13.25, 6, 12.5, 7], "texture": "#0"}
			}
		},
		{
			"from": [7.3, 8.3, 7.05],
			"to": [8.7, 8.9, 8.95],
			"rotation": {"angle": 0, "axis": "y", "origin": [7.95, 4.9, 7.8]},
			"faces": {
				"north": {"uv": [14.5, 14.5, 15.25, 14.75], "texture": "#0"},
				"east": {"uv": [4, 14.5, 5, 14.75], "texture": "#0"},
				"south": {"uv": [0, 15, 0.75, 15.25], "texture": "#0"},
				"west": {"uv": [14.5, 4, 15.5, 4.25], "texture": "#0"},
				"up": {"uv": [9.25, 13.5, 8.5, 12.5], "texture": "#0"},
				"down": {"uv": [13.25, 9, 12.5, 10], "texture": "#0"}
			}
		},
		{
			"from": [7.3, 3.7, 7.05],
			"to": [8.7, 4.3, 8.95],
			"rotation": {"angle": 0, "axis": "y", "origin": [7.95, 2.5, 7.8]},
			"faces": {
				"north": {"uv": [15, 0, 15.75, 0.25], "texture": "#0"},
				"east": {"uv": [14.5, 4.5, 15.5, 4.75], "texture": "#0"},
				"south": {"uv": [15, 0.5, 15.75, 0.75], "texture": "#0"},
				"west": {"uv": [14.5, 5, 15.5, 5.25], "texture": "#0"},
				"up": {"uv": [10.25, 13.5, 9.5, 12.5], "texture": "#0"},
				"down": {"uv": [13.75, 0, 13, 1], "texture": "#0"}
			}
		},
		{
			"from": [7.3, 4.8, 7.05],
			"to": [8.7, 5.4, 8.95],
			"rotation": {"angle": 0, "axis": "y", "origin": [7.95, 3.2, 7.8]},
			"faces": {
				"north": {"uv": [1, 15, 1.75, 15.25], "texture": "#0"},
				"east": {"uv": [14.5, 5.5, 15.5, 5.75], "texture": "#0"},
				"south": {"uv": [15, 1, 15.75, 1.25], "texture": "#0"},
				"west": {"uv": [14.5, 6, 15.5, 6.25], "texture": "#0"},
				"up": {"uv": [13.75, 2, 13, 1], "texture": "#0"},
				"down": {"uv": [13.75, 2, 13, 3], "texture": "#0"}
			}
		},
		{
			"from": [7.4, 2.1, 7.65],
			"to": [8.6, 9.5, 8.35],
			"rotation": {"angle": 0, "axis": "y", "origin": [7.95, 0, 8.2]},
			"faces": {
				"north": {"uv": [10, 3, 10.5, 6.75], "texture": "#0"},
				"east": {"uv": [11.5, 10, 11.75, 13.75], "texture": "#0"},
				"south": {"uv": [10, 7, 10.5, 10.75], "texture": "#0"},
				"west": {"uv": [11, 11.5, 11.25, 15.25], "texture": "#0"},
				"up": {"uv": [6.5, 15.25, 6, 15], "texture": "#0"},
				"down": {"uv": [7, 15, 6.5, 15.25], "texture": "#0"}
			}
		},
		{
			"from": [7.2, 0.3, 6.95],
			"to": [8.8, 0.9, 9.05],
			"rotation": {"angle": 0, "axis": "y", "origin": [7.95, 0, 8.2]},
			"faces": {
				"north": {"uv": [15, 1.5, 15.75, 1.75], "texture": "#0"},
				"east": {"uv": [14.5, 6.5, 15.5, 6.75], "texture": "#0"},
				"south": {"uv": [2, 15, 2.75, 15.25], "texture": "#0"},
				"west": {"uv": [7.5, 14.5, 8.5, 14.75], "texture": "#0"},
				"up": {"uv": [13.75, 8, 13, 7], "texture": "#0"},
				"down": {"uv": [8.25, 13, 7.5, 14], "texture": "#0"}
			}
		},
		{
			"from": [7.025, 14.46447, 5.5],
			"to": [8.975, 16.53553, 10.5],
			"rotation": {"angle": 45, "axis": "x", "origin": [8, 15.5, 8]},
			"faces": {
				"north": {"uv": [10.5, 10.5, 11.5, 11.5], "texture": "#0"},
				"east": {"uv": [5, 2, 7.5, 3], "texture": "#0"},
				"south": {"uv": [6, 11, 7, 12], "texture": "#0"},
				"west": {"uv": [6, 5, 8.5, 6], "texture": "#0"},
				"up": {"uv": [7, 8.5, 6, 6], "texture": "#0"},
				"down": {"uv": [8, 6, 7, 8.5], "texture": "#0"}
			}
		},
		{
			"from": [7.025, 13, 6.96447],
			"to": [8.975, 18, 9.03553],
			"rotation": {"angle": 45, "axis": "x", "origin": [8, 15.5, 8]},
			"faces": {
				"north": {"uv": [7.5, 2, 8.5, 4.5], "texture": "#0"},
				"east": {"uv": [8, 6, 9, 8.5], "texture": "#0"},
				"south": {"uv": [8.5, 2, 9.5, 4.5], "texture": "#0"},
				"west": {"uv": [6, 8.5, 7, 11], "texture": "#0"},
				"up": {"uv": [11.5, 10.5, 10.5, 11.5], "texture": "#0"},
				"down": {"uv": [9, 11, 8, 12], "texture": "#0"}
			}
		},
		{
			"from": [7, 13, 6.96447],
			"to": [9, 18, 9.03553],
			"rotation": {"angle": 0, "axis": "y", "origin": [8, 15.5, 8]},
			"faces": {
				"north": {"uv": [7, 8.5, 8, 11], "texture": "#0"},
				"east": {"uv": [8, 8.5, 9, 11], "texture": "#0"},
				"south": {"uv": [4, 9, 5, 11.5], "texture": "#0"},
				"west": {"uv": [9, 4.5, 10, 7], "texture": "#0"},
				"up": {"uv": [5, 12.5, 4, 11.5], "texture": "#0"},
				"down": {"uv": [10, 11.5, 9, 12.5], "texture": "#0"}
			}
		},
		{
			"from": [7.5, 18, 6.96447],
			"to": [8.5, 20.4, 7.23553],
			"rotation": {"angle": 22.5, "axis": "x", "origin": [6.5, 18, 6.96447]},
			"faces": {
				"north": {"uv": [8.5, 4.5, 9, 5.75], "texture": "#0"},
				"east": {"uv": [10.5, 14, 10.75, 15.25], "texture": "#0"},
				"south": {"uv": [9.5, 3, 10, 4.25], "texture": "#0"},
				"west": {"uv": [14, 11, 14.25, 12.25], "texture": "#0"},
				"up": {"uv": [7.5, 15.25, 7, 15], "texture": "#0"},
				"down": {"uv": [15.5, 7, 15, 7.25], "texture": "#0"}
			}
		},
		{
			"from": [7.5, 18, 8.76447],
			"to": [8.5, 20.4, 9.03553],
			"rotation": {"angle": -22.5, "axis": "x", "origin": [6.5, 18, 9.03553]},
			"faces": {
				"north": {"uv": [10, 3, 9.5, 4.25], "texture": "#0"},
				"east": {"uv": [10.75, 14, 10.5, 15.25], "texture": "#0"},
				"south": {"uv": [9, 4.5, 8.5, 5.75], "texture": "#0"},
				"west": {"uv": [14.25, 11, 14, 12.25], "texture": "#0"},
				"up": {"uv": [7.5, 15, 7, 15.25], "texture": "#0"},
				"down": {"uv": [15.5, 7.25, 15, 7], "texture": "#0"}
			}
		},
		{
			"from": [7.5, 20.21731, 7.88291],
			"to": [8.5, 20.38291, 8.0485],
			"rotation": {"angle": 45, "axis": "x", "origin": [6.5, 20.21731, 7.88291]},
			"faces": {
				"north": {"uv": [7.5, 15, 8, 15.25], "texture": "#0"},
				"east": {"uv": [8.5, 15, 8.75, 15.25], "texture": "#0"},
				"south": {"uv": [15, 7.5, 15.5, 7.75], "texture": "#0"},
				"west": {"uv": [9, 15, 9.25, 15.25], "texture": "#0"},
				"up": {"uv": [8.5, 15.25, 8, 15], "texture": "#0"},
				"down": {"uv": [15.5, 8, 15, 8.25], "texture": "#0"}
			}
		},
		{
			"from": [7.625, 18, 7.25],
			"to": [8.375, 19.8, 8.75],
			"rotation": {"angle": 0, "axis": "y", "origin": [6.5, 18, 8.55]},
			"faces": {
				"north": {"uv": [3, 14, 3.5, 15], "texture": "#0"},
				"east": {"uv": [0, 0, 2, 2.5], "texture": "#0"},
				"south": {"uv": [6, 14, 6.5, 15], "texture": "#0"},
				"west": {"uv": [0, 0, 2, 2.5], "texture": "#0"},
				"up": {"uv": [14.5, 8.25, 14, 7.5], "texture": "#0"},
				"down": {"uv": [14.5, 10, 14, 10.75], "texture": "#0"}
			}
		},
		{
			"from": [7, 14.46447, 3.5],
			"to": [9, 16.53553, 12.5],
			"rotation": {"angle": 0, "axis": "y", "origin": [8, 15.5, 8]},
			"faces": {
				"north": {"uv": [11.5, 9, 12.5, 10], "texture": "#0"},
				"east": {"uv": [5, 0, 9.5, 1], "texture": "#0"},
				"south": {"uv": [10, 11.5, 11, 12.5], "texture": "#0"},
				"west": {"uv": [5, 1, 9.5, 2], "texture": "#0"},
				"up": {"uv": [3, 9.5, 2, 5], "texture": "#0"},
				"down": {"uv": [4, 5, 3, 9.5], "texture": "#0"}
			}
		},
		{
			"from": [7.43726, 14.56447, 1.375],
			"to": [8.83726, 15.96447, 14.625],
			"rotation": {"angle": -45, "axis": "z", "origin": [8.23726, 15.5, 8]},
			"faces": {
				"north": {"uv": [8.5, 13.5, 9.25, 14.25], "texture": "#0"},
				"east": {"uv": [0, 3, 6.75, 3.75], "texture": "#0"},
				"south": {"uv": [13.5, 9, 14.25, 9.75], "texture": "#0"},
				"west": {"uv": [0, 4, 6.75, 4.75], "texture": "#0"},
				"up": {"uv": [0.75, 11.75, 0, 5], "texture": "#0"},
				"down": {"uv": [1.75, 5, 1, 11.75], "texture": "#0"}
			}
		},
		{
			"from": [7.18505, 13.00416, 0],
			"to": [8.81495, 15.40416, 1.5],
			"rotation": {"angle": 22.5, "axis": "x", "origin": [7.01005, 15.40416, 0]},
			"faces": {
				"north": {"uv": [0, 12, 0.75, 13.25], "texture": "#0"},
				"east": {"uv": [12, 0, 12.75, 1.25], "texture": "#0"},
				"south": {"uv": [1, 12, 1.75, 13.25], "texture": "#0"},
				"west": {"uv": [12, 1.5, 12.75, 2.75], "texture": "#0"},
				"up": {"uv": [10.25, 14.25, 9.5, 13.5], "texture": "#0"},
				"down": {"uv": [14.75, 0, 14, 0.75], "texture": "#0"}
			}
		},
		{
			"from": [7.21005, 14.83014, 0],
			"to": [8.78995, 15.40416, 1.38582],
			"rotation": {"angle": 0, "axis": "y", "origin": [7.01005, 15.40416, 0]},
			"faces": {
				"north": {"uv": [15, 2, 15.75, 2.25], "texture": "#0"},
				"east": {"uv": [15, 2.5, 15.75, 2.75], "texture": "#0"},
				"south": {"uv": [3, 15, 3.75, 15.25], "texture": "#0"},
				"west": {"uv": [15, 3, 15.75, 3.25], "texture": "#0"},
				"up": {"uv": [14.75, 1.75, 14, 1], "texture": "#0"},
				"down": {"uv": [2.75, 14, 2, 14.75], "texture": "#0"}
			}
		},
		{
			"from": [7.67453, 15.37746, 0],
			"to": [8.79168, 16.49461, 2.38582],
			"rotation": {"angle": -45, "axis": "z", "origin": [7.47453, 15.95148, 0]},
			"faces": {
				"north": {"uv": [14.5, 7.5, 15, 8], "texture": "#0"},
				"east": {"uv": [2, 13.5, 3.25, 14], "texture": "#0"},
				"south": {"uv": [14.5, 8, 15, 8.5], "texture": "#0"},
				"west": {"uv": [13.5, 3, 14.75, 3.5], "texture": "#0"},
				"up": {"uv": [11, 13.75, 10.5, 12.5], "texture": "#0"},
				"down": {"uv": [4, 13.5, 3.5, 14.75], "texture": "#0"}
			}
		},
		{
			"from": [7.51005, 11.81963, -0.45964],
			"to": [8.48995, 12.88029, 0.60102],
			"rotation": {"angle": -22.5, "axis": "x", "origin": [7.01005, 11.88029, -1.45964]},
			"faces": {
				"north": {"uv": [8.5, 14.5, 9, 15], "texture": "#0"},
				"east": {"uv": [9, 14.5, 9.5, 15], "texture": "#0"},
				"south": {"uv": [14.5, 9, 15, 9.5], "texture": "#0"},
				"west": {"uv": [9.5, 14.5, 10, 15], "texture": "#0"},
				"up": {"uv": [15, 10, 14.5, 9.5], "texture": "#0"},
				"down": {"uv": [10.5, 14.5, 10, 15], "texture": "#0"}
			}
		},
		{
			"from": [7.51005, 11.81963, 15.39898],
			"to": [8.48995, 12.88029, 16.45964],
			"rotation": {"angle": 22.5, "axis": "x", "origin": [7.01005, 11.88029, 17.45964]},
			"faces": {
				"north": {"uv": [15, 9, 14.5, 9.5], "texture": "#0"},
				"east": {"uv": [9.5, 14.5, 9, 15], "texture": "#0"},
				"south": {"uv": [9, 14.5, 8.5, 15], "texture": "#0"},
				"west": {"uv": [10, 14.5, 9.5, 15], "texture": "#0"},
				"up": {"uv": [15, 9.5, 14.5, 10], "texture": "#0"},
				"down": {"uv": [10.5, 15, 10, 14.5], "texture": "#0"}
			}
		},
		{
			"from": [7.67453, 15.37746, 13.61418],
			"to": [8.79168, 16.49461, 16],
			"rotation": {"angle": -45, "axis": "z", "origin": [7.47453, 15.95148, 16]},
			"faces": {
				"north": {"uv": [15, 8, 14.5, 8.5], "texture": "#0"},
				"east": {"uv": [3.25, 13.5, 2, 14], "texture": "#0"},
				"south": {"uv": [15, 7.5, 14.5, 8], "texture": "#0"},
				"west": {"uv": [14.75, 3, 13.5, 3.5], "texture": "#0"},
				"up": {"uv": [11, 12.5, 10.5, 13.75], "texture": "#0"},
				"down": {"uv": [4, 14.75, 3.5, 13.5], "texture": "#0"}
			}
		},
		{
			"from": [7.21005, 14.83014, 14.61418],
			"to": [8.78995, 15.40416, 16],
			"rotation": {"angle": 0, "axis": "y", "origin": [7.01005, 15.40416, 16]},
			"faces": {
				"north": {"uv": [3.75, 15, 3, 15.25], "texture": "#0"},
				"east": {"uv": [15.75, 2.5, 15, 2.75], "texture": "#0"},
				"south": {"uv": [15.75, 2, 15, 2.25], "texture": "#0"},
				"west": {"uv": [15.75, 3, 15, 3.25], "texture": "#0"},
				"up": {"uv": [14.75, 1, 14, 1.75], "texture": "#0"},
				"down": {"uv": [2.75, 14.75, 2, 14], "texture": "#0"}
			}
		},
		{
			"from": [7.18505, 13.00416, 14.5],
			"to": [8.81495, 15.40416, 16],
			"rotation": {"angle": -22.5, "axis": "x", "origin": [7.01005, 15.40416, 16]},
			"faces": {
				"north": {"uv": [1.75, 12, 1, 13.25], "texture": "#0"},
				"east": {"uv": [12.75, 0, 12, 1.25], "texture": "#0"},
				"south": {"uv": [0.75, 12, 0, 13.25], "texture": "#0"},
				"west": {"uv": [12.75, 1.5, 12, 2.75], "texture": "#0"},
				"up": {"uv": [10.25, 13.5, 9.5, 14.25], "texture": "#0"},
				"down": {"uv": [14.75, 0.75, 14, 0], "texture": "#0"}
			}
		},
		{
			"from": [7.2, 10.8, 6.95],
			"to": [8.8, 11.4, 9.05],
			"rotation": {"angle": 0, "axis": "y", "origin": [7.95, 0.5, 8.2]},
			"faces": {
				"north": {"uv": [4, 15, 4.75, 15.25], "texture": "#0"},
				"east": {"uv": [14.5, 10, 15.5, 10.25], "texture": "#0"},
				"south": {"uv": [5, 15, 5.75, 15.25], "texture": "#0"},
				"west": {"uv": [14.5, 10.5, 15.5, 10.75], "texture": "#0"},
				"up": {"uv": [13.75, 12, 13, 11], "texture": "#0"},
				"down": {"uv": [12.75, 13, 12, 14], "texture": "#0"}
			}
		},
		{
			"from": [7.1, -0.2, 6.85],
			"to": [8.9, 0.3, 9.15],
			"rotation": {"angle": 0, "axis": "y", "origin": [7.95, 0, 8.2]},
			"faces": {
				"north": {"uv": [14.5, 11, 15.5, 11.25], "texture": "#0"},
				"east": {"uv": [14, 8.5, 15.25, 8.75], "texture": "#0"},
				"south": {"uv": [11.5, 14.5, 12.5, 14.75], "texture": "#0"},
				"west": {"uv": [11.5, 14, 12.75, 14.25], "texture": "#0"},
				"up": {"uv": [10, 11.25, 9, 10], "texture": "#0"},
				"down": {"uv": [11.5, 9, 10.5, 10.25], "texture": "#0"}
			}
		},
		{
			"from": [7.075, -1.82635, 7.52365],
			"to": [8.925, -0.2, 9.15],
			"rotation": {"angle": 45, "axis": "x", "origin": [8.9, -0.2, 9.15]},
			"faces": {
				"north": {"uv": [13, 12, 14, 12.75], "texture": "#0"},
				"east": {"uv": [14, 2, 14.75, 2.75], "texture": "#0"},
				"south": {"uv": [13, 13, 14, 13.75], "texture": "#0"},
				"west": {"uv": [5, 14, 5.75, 14.75], "texture": "#0"},
				"up": {"uv": [1, 14.25, 0, 13.5], "texture": "#0"},
				"down": {"uv": [2, 13.5, 1, 14.25], "texture": "#0"}
			}
		},
		{
			"from": [6.5, 14.275, 5.49289],
			"to": [9.5, 16.875, 8.09289],
			"rotation": {"angle": 45, "axis": "x", "origin": [4.5, 14.075, 7.29289]},
			"faces": {
				"north": {"uv": [10.5, 0, 12, 1.25], "texture": "#0"},
				"east": {"uv": [11.75, 7.5, 10.5, 8.75], "texture": "#0"},
				"south": {"uv": [10.5, 1.5, 12, 2.75], "texture": "#0"},
				"west": {"uv": [10.5, 7.5, 11.75, 8.75], "texture": "#0"},
				"up": {"uv": [12, 4.25, 10.5, 3], "texture": "#0"},
				"down": {"uv": [12, 4.5, 10.5, 5.75], "texture": "#0"}
			}
		},
		{
			"from": [3, 12.5, 7.55],
			"to": [7.5, 18.5, 7.55],
			"rotation": {"angle": -45, "axis": "y", "origin": [8, 12.5, 7.5]},
			"faces": {
				"north": {"uv": [4.75, 0, 2.5, 3], "texture": "#0"},
				"east": {"uv": [0, 0, 0, 3], "texture": "#0"},
				"south": {"uv": [2.5, 0, 4.75, 3], "texture": "#0"},
				"west": {"uv": [0, 0, 0, 3], "texture": "#0"},
				"up": {"uv": [2.25, 0, 0, 0], "texture": "#0"},
				"down": {"uv": [2.25, 0, 0, 0], "texture": "#0"}
			}
		},
		{
			"from": [8.5, 12.5, 7.55],
			"to": [13, 18.5, 7.55],
			"rotation": {"angle": 45, "axis": "y", "origin": [8, 12.5, 7.5]},
			"faces": {
				"north": {"uv": [2.5, 0, 4.75, 3], "texture": "#0"},
				"east": {"uv": [0, 0, 0, 3], "texture": "#0"},
				"south": {"uv": [4.75, 0, 2.5, 3], "texture": "#0"},
				"west": {"uv": [0, 0, 0, 3], "texture": "#0"},
				"up": {"uv": [0, 0, 2.25, 0], "texture": "#0"},
				"down": {"uv": [0, 0, 2.25, 0], "texture": "#0"}
			}
		},
		{
			"from": [8.5, 12.5, 8.45],
			"to": [13, 18.5, 8.45],
			"rotation": {"angle": -45, "axis": "y", "origin": [8, 12.5, 8.5]},
			"faces": {
				"north": {"uv": [2.5, 0, 4.75, 3], "texture": "#0"},
				"east": {"uv": [0, 0, 0, 3], "texture": "#0"},
				"south": {"uv": [4.75, 0, 2.5, 3], "texture": "#0"},
				"west": {"uv": [0, 0, 0, 3], "texture": "#0"},
				"up": {"uv": [0, 0, 2.25, 0], "texture": "#0"},
				"down": {"uv": [0, 0, 2.25, 0], "texture": "#0"}
			}
		},
		{
			"from": [3, 12.5, 8.45],
			"to": [7.5, 18.5, 8.45],
			"rotation": {"angle": 45, "axis": "y", "origin": [8, 12.5, 8.5]},
			"faces": {
				"north": {"uv": [4.75, 0, 2.5, 3], "texture": "#0"},
				"east": {"uv": [0, 0, 0, 3], "texture": "#0"},
				"south": {"uv": [2.5, 0, 4.75, 3], "texture": "#0"},
				"west": {"uv": [0, 0, 0, 3], "texture": "#0"},
				"up": {"uv": [2.25, 0, 0, 0], "texture": "#0"},
				"down": {"uv": [2.25, 0, 0, 0], "texture": "#0"}
			}
		}
	],
	"display": {
		"thirdperson_righthand": {
			"translation": [0, 2, 1.5],
			"scale": [1.2, 1.2, 1.2]
		},
		"thirdperson_lefthand": {
			"translation": [0, 2, 1.5],
			"scale": [1.2, 1.2, 1.2]
		},
		"firstperson_righthand": {
			"translation": [0, 1.5, 0],
			"scale": [1.2, 1.2, 1.2]
		},
		"firstperson_lefthand": {
			"translation": [0, 1.5, 0],
			"scale": [1.2, 1.2, 1.2]
		},
		"ground": {
			"translation": [0, 6, 0]
		},
		"gui": {
			"rotation": [-90, 68, 90],
			"translation": [1.25, -1, 0],
			"scale": [0.7, 0.7, 0.7]
		},
		"fixed": {
			"rotation": [0, 90, 0],
			"translation": [0, -1.25, 0],
			"scale": [0.8, 0.8, 0.8]
		}
	},
	"groups": [
		{
			"name": "pickaxe",
			"origin": [8, 8, 8],
			"color": 0,
			"children": [0, 1, 2, 3, 4, 5, 6, 7, 8, 9, 10, 11, 12, 13, 14, 15, 16, 17, 18, 19, 20, 21, 22, 23, 24, 25, 26, 27, 28, 29, 30, 31, 32, 33, 34, 35, 36, 37, 38]
		}
	]
}