{
	"credit": "Made with Blockbench",
	"parent": "fish_pickaxe",
	"texture_size": [64, 64],
	"textures": {
		"0": "default/fishpickaxe_texture",
		"particle": "default/fishpickaxe_texture"
	},
	"elements": [
		{
			"from": [7.4, 11.02426, 7.4],
			"to": [8.6, 16.02426, 8.6],
			"rotation": {"angle": 0, "axis": "y", "origin": [7.95, -1.57574, 7.95]},
			"faces": {
				"north": {"uv": [1.5, 7.5, 1.75, 8.75], "texture": "#0"},
				"east": {"uv": [7.5, 1.5, 7.75, 2.75], "texture": "#0"},
				"south": {"uv": [1.75, 7.5, 2, 8.75], "texture": "#0"},
				"west": {"uv": [2, 7.5, 2.25, 8.75], "texture": "#0"},
				"up": {"uv": [5.5, 6.75, 5.25, 6.5], "texture": "#0"},
				"down": {"uv": [8.25, 4.5, 8, 4.75], "texture": "#0"}
			}
		},
		{
			"from": [7.4, -0.5, 7.4],
			"to": [8.6, 4.6, 8.6],
			"rotation": {"angle": 0, "axis": "y", "origin": [7.95, 0, 7.95]},
			"faces": {
				"north": {"uv": [2.25, 7.5, 2.5, 8.75], "texture": "#0"},
				"east": {"uv": [2.5, 7.5, 2.75, 8.75], "texture": "#0"},
				"south": {"uv": [2.75, 7.5, 3, 8.75], "texture": "#0"},
				"west": {"uv": [7.5, 2.75, 7.75, 4], "texture": "#0"},
				"up": {"uv": [8.25, 5, 8, 4.75], "texture": "#0"},
				"down": {"uv": [8.25, 5, 8, 5.25], "texture": "#0"}
			}
		},
		{
			"from": [7.4, 4.6, 7.4],
			"to": [8.6, 5.6, 8.6],
			"rotation": {"angle": 0, "axis": "y", "origin": [7.95, 0, 8.05]},
			"faces": {
				"north": {"uv": [5.25, 8, 5.5, 8.25], "texture": "#0"},
				"east": {"uv": [8, 5.25, 8.25, 5.5], "texture": "#0"},
				"south": {"uv": [5.5, 8, 5.75, 8.25], "texture": "#0"},
				"west": {"uv": [8, 5.5, 8.25, 5.75], "texture": "#0"},
				"up": {"uv": [6, 8.25, 5.75, 8], "texture": "#0"},
				"down": {"uv": [8.25, 5.75, 8, 6], "texture": "#0"}
			}
		},
		{
			"from": [7.4, 5.81213, 6.69081],
			"to": [8.6, 9.81213, 7.89081],
			"rotation": {"angle": 0, "axis": "y", "origin": [7.95, 0.21213, 7.34081]},
			"faces": {
				"north": {"uv": [7, 1.5, 7.25, 2.5], "texture": "#0"},
				"east": {"uv": [7, 7.5, 7.25, 8.5], "texture": "#0"},
				"south": {"uv": [7.25, 7.5, 7.5, 8.5], "texture": "#0"},
				"west": {"uv": [0, 7.75, 0.25, 8.75], "texture": "#0"},
				"up": {"uv": [8.25, 6.75, 8, 6.5], "texture": "#0"},
				"down": {"uv": [8.25, 6.75, 8, 7], "texture": "#0"}
			}
		},
		{
			"from": [7.425, 6.5584, 10.81378],
			"to": [8.575, 8.0584, 12.01378],
			"rotation": {"angle": -45, "axis": "x", "origin": [7.95, 1.9584, 11.46378]},
			"faces": {
				"north": {"uv": [5.25, 3, 5.5, 3.375], "texture": "#0"},
				"east": {"uv": [7.75, 4.25, 8, 4.625], "texture": "#0"},
				"south": {"uv": [4.5, 7.75, 4.75, 8.125], "texture": "#0"},
				"west": {"uv": [4.75, 7.75, 5, 8.125], "texture": "#0"},
				"up": {"uv": [8.25, 7.25, 8, 7], "texture": "#0"},
				"down": {"uv": [8.25, 7.25, 8, 7.5], "texture": "#0"}
			}
		},
		{
			"from": [7.425, 7.56586, 10.81378],
			"to": [8.575, 9.06586, 12.01378],
			"rotation": {"angle": 45, "axis": "x", "origin": [7.95, 13.66586, 11.46378]},
			"faces": {
				"north": {"uv": [7.75, 4.75, 8, 5.125], "texture": "#0"},
				"east": {"uv": [5, 7.75, 5.25, 8.125], "texture": "#0"},
				"south": {"uv": [7.75, 6.5, 8, 6.875], "texture": "#0"},
				"west": {"uv": [7.75, 7, 8, 7.375], "texture": "#0"},
				"up": {"uv": [7.75, 8.25, 7.5, 8], "texture": "#0"},
				"down": {"uv": [8, 8, 7.75, 8.25], "texture": "#0"}
			}
		},
		{
			"from": [7.4, 10.02426, 7.4],
			"to": [8.6, 11.02426, 8.6],
			"rotation": {"angle": 0, "axis": "y", "origin": [7.95, 15.62426, 8.05]},
			"faces": {
				"north": {"uv": [8, 7.75, 8.25, 8], "texture": "#0"},
				"east": {"uv": [8, 8, 8.25, 8.25], "texture": "#0"},
				"south": {"uv": [8.25, 0, 8.5, 0.25], "texture": "#0"},
				"west": {"uv": [0.25, 8.25, 0.5, 8.5], "texture": "#0"},
				"up": {"uv": [8.5, 0.5, 8.25, 0.25], "texture": "#0"},
				"down": {"uv": [0.75, 8.25, 0.5, 8.5], "texture": "#0"}
			}
		},
		{
			"from": [7.2, 0, 7.2],
			"to": [8.8, 2, 8.8],
			"rotation": {"angle": 0, "axis": "y", "origin": [7.95, 0, 7.95]},
			"faces": {
				"north": {"uv": [0.25, 7.75, 0.625, 8.25], "texture": "#0"},
				"east": {"uv": [7.75, 0.5, 8.125, 1], "texture": "#0"},
				"south": {"uv": [7.75, 1, 8.125, 1.5], "texture": "#0"},
				"west": {"uv": [7.75, 1.5, 8.125, 2], "texture": "#0"},
				"up": {"uv": [8.125, 3.125, 7.75, 2.75], "texture": "#0"},
				"down": {"uv": [3.375, 7.75, 3, 8.125], "texture": "#0"}
			}
		},
		{
			"from": [7.2, 3.6, 7.2],
			"to": [8.8, 4.6, 8.8],
			"rotation": {"angle": 0, "axis": "y", "origin": [7.95, 0, 7.95]},
			"faces": {
				"north": {"uv": [7, 6.5, 7.375, 6.75], "texture": "#0"},
				"east": {"uv": [7.5, 5.75, 7.875, 6], "texture": "#0"},
				"south": {"uv": [7.5, 7.75, 7.875, 8], "texture": "#0"},
				"west": {"uv": [7.75, 7.5, 8.125, 7.75], "texture": "#0"},
				"up": {"uv": [8.125, 3.625, 7.75, 3.25], "texture": "#0"},
				"down": {"uv": [3.875, 7.75, 3.5, 8.125], "texture": "#0"}
			}
		},
		{
			"from": [7.2, 11, 7.2],
			"to": [8.8, 12, 8.8],
			"rotation": {"angle": 0, "axis": "y", "origin": [7.95, 0, 7.95]},
			"faces": {
				"north": {"uv": [8, 2, 8.375, 2.25], "texture": "#0"},
				"east": {"uv": [8, 2.25, 8.375, 2.5], "texture": "#0"},
				"south": {"uv": [8, 2.5, 8.375, 2.75], "texture": "#0"},
				"west": {"uv": [8, 4.25, 8.375, 4.5], "texture": "#0"},
				"up": {"uv": [8.125, 4.125, 7.75, 3.75], "texture": "#0"},
				"down": {"uv": [4.375, 7.75, 4, 8.125], "texture": "#0"}
			}
		},
		{
			"from": [7.1, 16, 7.1],
			"to": [8.9, 19, 8.9],
			"rotation": {"angle": 0, "axis": "y", "origin": [7.95, 0, 7.95]},
			"faces": {
				"north": {"uv": [0, 7, 0.5, 7.75], "texture": "#0"},
				"east": {"uv": [7, 0, 7.5, 0.75], "texture": "#0"},
				"south": {"uv": [0.5, 7, 1, 7.75], "texture": "#0"},
				"west": {"uv": [7, 0.75, 7.5, 1.5], "texture": "#0"},
				"up": {"uv": [4.75, 3.5, 4.25, 3], "texture": "#0"},
				"down": {"uv": [2, 4.5, 1.5, 5], "texture": "#0"}
			}
		},
		{
			"from": [5.5, 19, 5],
			"to": [10.5, 24, 11.2],
			"rotation": {"angle": 0, "axis": "y", "origin": [8, 21, 8.5]},
			"faces": {
				"north": {"uv": [5.75, 0, 7, 1.25], "texture": "#0"},
				"east": {"uv": [0, 4.5, 1.5, 5.75], "texture": "#0"},
				"south": {"uv": [5.75, 1.25, 7, 2.5], "texture": "#0"},
				"west": {"uv": [1.5, 4.5, 0, 5.75], "texture": "#0"},
				"up": {"uv": [4.25, 6.5, 3, 5], "texture": "#0"},
				"down": {"uv": [5.5, 5, 4.25, 6.5], "texture": "#0"}
			}
		},
		{
			"from": [8, 18, 12],
			"to": [8, 25, 19.2],
			"rotation": {"angle": 0, "axis": "y", "origin": [8, 21, 15.5]},
			"faces": {
				"north": {"uv": [0, 0, 0, 1.75], "texture": "#0"},
				"east": {"uv": [2.5, 0, 4.25, 1.75], "texture": "#0"},
				"south": {"uv": [0, 0, 0, 1.75], "texture": "#0"},
				"west": {"uv": [4.25, 0, 2.5, 1.75], "texture": "#0"},
				"up": {"uv": [0, 1.75, 0, 0], "texture": "#0"},
				"down": {"uv": [0, 0, 0, 1.75], "texture": "#0"}
			}
		},
		{
			"from": [5.1, 18.6, 4.5],
			"to": [10.9, 24.4, 5.5],
			"rotation": {"angle": 0, "axis": "y", "origin": [8, 21, 8.5]},
			"faces": {
				"north": {"uv": [2.5, 3.5, 4, 5], "texture": "#0"},
				"east": {"uv": [1, 7, 1.25, 8.5], "texture": "#0"},
				"south": {"uv": [4, 3.5, 5.5, 5], "texture": "#0"},
				"west": {"uv": [1.25, 7, 1.5, 8.5], "texture": "#0"},
				"up": {"uv": [7.25, 2.75, 5.75, 2.5], "texture": "#0"},
				"down": {"uv": [7, 6.25, 8.375, 6.5], "texture": "#0"}
			}
		},
		{
			"from": [8.98033, 19.125, -0.21483],
			"to": [9.98033, 23.875, 5.28517],
			"rotation": {"angle": 22.5, "axis": "y", "origin": [8.22175, 21, 3.42659]},
			"faces": {
				"north": {"uv": [7.5, 4, 7.75, 5.25], "texture": "#0"},
				"east": {"uv": [5.5, 3, 6.875, 4.25], "texture": "#0"},
				"south": {"uv": [6, 7.5, 6.25, 8.75], "texture": "#0"},
				"west": {"uv": [5.5, 4.25, 6.875, 5.5], "texture": "#0"},
				"up": {"uv": [7.25, 4.375, 7, 3], "texture": "#0"},
				"down": {"uv": [7.25, 4.5, 7, 5.875], "texture": "#0"}
			}
		},
		{
			"from": [10.00533, 20.675, 2.08517],
			"to": [10.00533, 22.475, 4.28517],
			"rotation": {"angle": 22.5, "axis": "y", "origin": [8.22175, 21, 3.42659]},
			"faces": {
				"north": {"uv": [0, 0, 0, 0.5], "texture": "#0"},
				"east": {"uv": [2, 4.5, 2.5, 5], "texture": "#0"},
				"south": {"uv": [0, 0, 0, 0.5], "texture": "#0"},
				"west": {"uv": [4.75, 3, 5.25, 3.5], "texture": "#0"},
				"up": {"uv": [0, 0.5, 0, 0], "texture": "#0"},
				"down": {"uv": [0, 0, 0, 0.5], "texture": "#0"}
			}
		},
		{
			"from": [5.99467, 20.675, 2.08517],
			"to": [5.99467, 22.475, 4.28517],
			"rotation": {"angle": -22.5, "axis": "y", "origin": [7.77825, 21, 3.42659]},
			"faces": {
				"north": {"uv": [0, 0, 0, 0.5], "texture": "#0"},
				"east": {"uv": [7.5, 5.25, 8, 5.75], "texture": "#0"},
				"south": {"uv": [0, 0, 0, 0.5], "texture": "#0"},
				"west": {"uv": [2, 4.5, 2.5, 5], "texture": "#0"},
				"up": {"uv": [0, 0.5, 0, 0], "texture": "#0"},
				"down": {"uv": [0, 0, 0, 0.5], "texture": "#0"}
			}
		},
		{
			"from": [6.01967, 19.125, -0.21483],
			"to": [7.01967, 23.875, 5.28517],
			"rotation": {"angle": -22.5, "axis": "y", "origin": [7.77825, 21, 3.42659]},
			"faces": {
				"north": {"uv": [6.25, 7.5, 6.5, 8.75], "texture": "#0"},
				"east": {"uv": [5.5, 5.5, 6.875, 6.75], "texture": "#0"},
				"south": {"uv": [6.5, 7.5, 6.75, 8.75], "texture": "#0"},
				"west": {"uv": [6.875, 3, 5.5, 4.25], "texture": "#0"},
				"up": {"uv": [7.5, 2.875, 7.25, 1.5], "texture": "#0"},
				"down": {"uv": [7.5, 3, 7.25, 4.375], "texture": "#0"}
			}
		},
		{
			"from": [7.54704, 19.15, -0.61063],
			"to": [8.45296, 23.85, 1.98937],
			"rotation": {"angle": 0, "axis": "y", "origin": [9.30562, 21, 3.03079]},
			"faces": {
				"north": {"uv": [7.5, 6.5, 7.75, 7.625], "texture": "#0"},
				"east": {"uv": [3, 6.5, 3.625, 7.625], "texture": "#0"},
				"south": {"uv": [6.75, 7.5, 7, 8.625], "texture": "#0"},
				"west": {"uv": [3.75, 6.5, 4.375, 7.625], "texture": "#0"},
				"up": {"uv": [1, 8.375, 0.75, 7.75], "texture": "#0"},
				"down": {"uv": [8, 2, 7.75, 2.625], "texture": "#0"}
			}
		},
		{
			"from": [6.5, 19.15, 1.98937],
			"to": [9.5, 23.85, 4.58937],
			"rotation": {"angle": 0, "axis": "y", "origin": [9.28358, 21, 3.03079]},
			"faces": {
				"north": {"uv": [1.5, 6.25, 2.25, 7.375], "texture": "#0"},
				"east": {"uv": [4.5, 6.5, 5.125, 7.625], "texture": "#0"},
				"south": {"uv": [2.25, 6.25, 3, 7.375], "texture": "#0"},
				"west": {"uv": [5.25, 6.75, 5.875, 7.875], "texture": "#0"},
				"up": {"uv": [6.75, 7.375, 6, 6.75], "texture": "#0"},
				"down": {"uv": [7.5, 6.75, 6.75, 7.375], "texture": "#0"}
			}
		},
		{
			"from": [8, 17.1, -5.5],
			"to": [8, 25.9, 4.5],
			"rotation": {"angle": 0, "axis": "y", "origin": [8, 21, 8.5]},
			"faces": {
				"north": {"uv": [0, 0, 0, 2.25], "texture": "#0"},
				"east": {"uv": [0, 0, 2.5, 2.25], "texture": "#0"},
				"south": {"uv": [0, 0, 0, 2.25], "texture": "#0"},
				"west": {"uv": [2.5, 0, 0, 2.25], "texture": "#0"},
				"up": {"uv": [0, 2.5, 0, 0], "texture": "#0"},
				"down": {"uv": [0, 0, 0, 2.5], "texture": "#0"}
			}
		},
		{
			"from": [5.3, 18.8, 11.2],
			"to": [10.7, 24.2, 12],
			"rotation": {"angle": 0, "axis": "y", "origin": [8, 21, 8.5]},
			"faces": {
				"north": {"uv": [4, 3.5, 2.5, 5], "texture": "#0"},
				"east": {"uv": [1.25, 7, 1, 8.5], "texture": "#0"},
				"south": {"uv": [4.25, 1.5, 5.625, 2.875], "texture": "#0"},
				"west": {"uv": [7.5, 0, 7.75, 1.375], "texture": "#0"},
				"up": {"uv": [5.75, 2.75, 7.25, 2.5], "texture": "#0"},
				"down": {"uv": [8.375, 6.25, 7, 6.5], "texture": "#0"}
			}
		}
	],
	"display": {
		"thirdperson_righthand": {
			"translation": [0, -2, 1.5],
			"scale": [1.2, 1.2, 1.2]
		},
		"thirdperson_lefthand": {
			"translation": [0, -2, 1.5],
			"scale": [1.2, 1.2, 1.2]
		},
		"firstperson_righthand": {
			"translation": [0, -2, -0.25]
		},
		"firstperson_lefthand": {
			"translation": [0, -2, -0.25]
		},
		"ground": {
			"translation": [0, 5.5, 0]
		},
		"gui": {
			"rotation": [-90, 67.25, 90],
			"translation": [2, -2.75, 0],
			"scale": [0.55, 0.55, 0.55]
		},
		"fixed": {
			"rotation": [0, -90, 0],
			"translation": [0, -3, -0.25],
			"scale": [0.7, 0.7, 0.7]
		}
	},
	"groups": [
		{
			"name": "pickaxe",
			"origin": [8, 8, 8],
			"color": 0,
			"children": [0, 1, 2, 3, 4, 5, 6, 7, 8, 9, 10, 11, 12, 13, 14, 15, 16, 17, 18, 19, 20, 21]
		}
	]
}