{
	"credit": "Made with Blockbench",
	"parent": "futuristic_pickaxe",
	"texture_size": [32, 32],
	"textures": {
		"0": "default/futuristicpickaxe_texture",
		"particle": "default/futuristicpickaxe_texture"
	},
	"elements": [
		{
			"from": [7.4, 5.5, 7.4],
			"to": [8.6, 15.3, 8.6],
			"rotation": {"angle": 0, "axis": "y", "origin": [7.95, 0, 7.95]},
			"faces": {
				"north": {"uv": [2.5, 0, 3, 5], "texture": "#0"},
				"east": {"uv": [0, 3, 0.5, 8], "texture": "#0"},
				"south": {"uv": [3, 0, 3.5, 5], "texture": "#0"},
				"west": {"uv": [0.5, 3, 1, 8], "texture": "#0"},
				"up": {"uv": [2.5, 5, 2, 4.5], "texture": "#0"},
				"down": {"uv": [10.5, 2, 10, 2.5], "texture": "#0"}
			}
		},
		{
			"from": [7.2, 7.55, 7.8],
			"to": [7.3, 7.95, 8.2],
			"rotation": {"angle": 0, "axis": "y", "origin": [7.85, -0.65, 7.95]},
			"faces": {
				"north": {"uv": [2, 11.5, 2.25, 11.75], "texture": "#0"},
				"east": {"uv": [11.5, 2, 11.75, 2.25], "texture": "#0"},
				"south": {"uv": [11.5, 2.5, 11.75, 2.75], "texture": "#0"},
				"west": {"uv": [3, 11.5, 3.25, 11.75], "texture": "#0"},
				"up": {"uv": [11.75, 3.25, 11.5, 3], "texture": "#0"},
				"down": {"uv": [3.75, 11.5, 3.5, 11.75], "texture": "#0"}
			}
		},
		{
			"from": [7.2, 8.35, 7.8],
			"to": [7.3, 8.75, 8.2],
			"rotation": {"angle": 0, "axis": "y", "origin": [7.85, 0.15, 7.95]},
			"faces": {
				"north": {"uv": [11.5, 3.5, 11.75, 3.75], "texture": "#0"},
				"east": {"uv": [4, 11.5, 4.25, 11.75], "texture": "#0"},
				"south": {"uv": [11.5, 4, 11.75, 4.25], "texture": "#0"},
				"west": {"uv": [4.5, 11.5, 4.75, 11.75], "texture": "#0"},
				"up": {"uv": [11.75, 4.75, 11.5, 4.5], "texture": "#0"},
				"down": {"uv": [5.25, 11.5, 5, 11.75], "texture": "#0"}
			}
		},
		{
			"from": [7.9, 9.6, 6.5],
			"to": [8.1, 9.8, 7.4],
			"rotation": {"angle": 0, "axis": "y", "origin": [7.95, 0.1, 7.95]},
			"faces": {
				"north": {"uv": [11.5, 5, 11.75, 5.25], "texture": "#0"},
				"east": {"uv": [11, 5.5, 11.5, 5.75], "texture": "#0"},
				"south": {"uv": [5.5, 11.5, 5.75, 11.75], "texture": "#0"},
				"west": {"uv": [11, 6, 11.5, 6.25], "texture": "#0"},
				"up": {"uv": [7.25, 11.5, 7, 11], "texture": "#0"},
				"down": {"uv": [7.75, 11, 7.5, 11.5], "texture": "#0"}
			}
		},
		{
			"from": [7.9, 10.7, 8.6],
			"to": [8.1, 10.9, 9.5],
			"rotation": {"angle": 0, "axis": "y", "origin": [7.95, 1.2, 8.05]},
			"faces": {
				"north": {"uv": [11.5, 5.5, 11.75, 5.75], "texture": "#0"},
				"east": {"uv": [11, 7.5, 11.5, 7.75], "texture": "#0"},
				"south": {"uv": [6, 11.5, 6.25, 11.75], "texture": "#0"},
				"west": {"uv": [8, 11, 8.5, 11.25], "texture": "#0"},
				"up": {"uv": [11.25, 8.5, 11, 8], "texture": "#0"},
				"down": {"uv": [8.75, 11, 8.5, 11.5], "texture": "#0"}
			}
		},
		{
			"from": [7.9, 9.8, 6.5],
			"to": [8.1, 13.4, 6.7],
			"rotation": {"angle": 0, "axis": "y", "origin": [7.95, -1, 9.05]},
			"faces": {
				"north": {"uv": [3, 9.5, 3.25, 11.25], "texture": "#0"},
				"east": {"uv": [3.5, 9.5, 3.75, 11.25], "texture": "#0"},
				"south": {"uv": [4, 9.5, 4.25, 11.25], "texture": "#0"},
				"west": {"uv": [4.5, 9.5, 4.75, 11.25], "texture": "#0"},
				"up": {"uv": [11.75, 6.25, 11.5, 6], "texture": "#0"},
				"down": {"uv": [6.75, 11.5, 6.5, 11.75], "texture": "#0"}
			}
		},
		{
			"from": [7.9, 10.9, 9.3],
			"to": [8.1, 13.4, 9.5],
			"rotation": {"angle": 0, "axis": "y", "origin": [7.95, -1, 6.95]},
			"faces": {
				"north": {"uv": [5, 10, 5.25, 11.25], "texture": "#0"},
				"east": {"uv": [5.5, 10, 5.75, 11.25], "texture": "#0"},
				"south": {"uv": [6, 10, 6.25, 11.25], "texture": "#0"},
				"west": {"uv": [6.5, 10, 6.75, 11.25], "texture": "#0"},
				"up": {"uv": [11.75, 6.75, 11.5, 6.5], "texture": "#0"},
				"down": {"uv": [7.25, 11.5, 7, 11.75], "texture": "#0"}
			}
		},
		{
			"from": [7.3, 10.1, 7.3],
			"to": [8.7, 12.1, 8.7],
			"rotation": {"angle": 0, "axis": "y", "origin": [7.95, -1, 7.95]},
			"faces": {
				"north": {"uv": [5, 8, 5.75, 9], "texture": "#0"},
				"east": {"uv": [6, 8, 6.75, 9], "texture": "#0"},
				"south": {"uv": [7, 8, 7.75, 9], "texture": "#0"},
				"west": {"uv": [8, 7, 8.75, 8], "texture": "#0"},
				"up": {"uv": [9.75, 3.75, 9, 3], "texture": "#0"},
				"down": {"uv": [9.75, 4, 9, 4.75], "texture": "#0"}
			}
		},
		{
			"from": [7.3, 6.9, 7.3],
			"to": [8.7, 9.4, 8.7],
			"rotation": {"angle": 0, "axis": "y", "origin": [7.95, -4, 7.95]},
			"faces": {
				"north": {"uv": [3, 8, 3.75, 9.25], "texture": "#0"},
				"east": {"uv": [8, 3, 8.75, 4.25], "texture": "#0"},
				"south": {"uv": [4, 8, 4.75, 9.25], "texture": "#0"},
				"west": {"uv": [8, 4.5, 8.75, 5.75], "texture": "#0"},
				"up": {"uv": [5.75, 9.75, 5, 9], "texture": "#0"},
				"down": {"uv": [9.75, 5, 9, 5.75], "texture": "#0"}
			}
		},
		{
			"from": [8, 6.9, 5.8],
			"to": [8, 9.4, 10.2],
			"rotation": {"angle": 0, "axis": "y", "origin": [7.95, -4, 7.45]},
			"faces": {
				"north": {"uv": [0, 0, 0, 1.25], "texture": "#0"},
				"east": {"uv": [2.25, 1.5, 0, 2.75], "texture": "#0"},
				"south": {"uv": [0, 0, 0, 1.25], "texture": "#0"},
				"west": {"uv": [0, 1.5, 2.25, 2.75], "texture": "#0"},
				"up": {"uv": [0, 2.25, 0, 0], "texture": "#0"},
				"down": {"uv": [0, 0, 0, 2.25], "texture": "#0"}
			}
		},
		{
			"from": [7.2, 12.1, 7.2],
			"to": [8.8, 13, 8.8],
			"rotation": {"angle": 0, "axis": "y", "origin": [7.95, -1, 7.95]},
			"faces": {
				"north": {"uv": [9.5, 2.5, 10.25, 3], "texture": "#0"},
				"east": {"uv": [9.5, 6, 10.25, 6.5], "texture": "#0"},
				"south": {"uv": [9.5, 6.5, 10.25, 7], "texture": "#0"},
				"west": {"uv": [10, 0.5, 10.75, 1], "texture": "#0"},
				"up": {"uv": [6.75, 9.75, 6, 9], "texture": "#0"},
				"down": {"uv": [7.75, 9, 7, 9.75], "texture": "#0"}
			}
		},
		{
			"from": [7.2, -0.5, 7.2],
			"to": [8.8, 5.1, 8.8],
			"rotation": {"angle": 0, "axis": "y", "origin": [7.95, 0, 7.95]},
			"faces": {
				"north": {"uv": [1, 3, 1.75, 5.75], "texture": "#0"},
				"east": {"uv": [3.5, 0, 4.25, 2.75], "texture": "#0"},
				"south": {"uv": [3.5, 3, 4.25, 5.75], "texture": "#0"},
				"west": {"uv": [4.5, 0, 5.25, 2.75], "texture": "#0"},
				"up": {"uv": [9.75, 7.75, 9, 7], "texture": "#0"},
				"down": {"uv": [8.75, 9, 8, 9.75], "texture": "#0"}
			}
		},
		{
			"from": [6.9, 2.75, 7.6],
			"to": [7.2, 3.55, 8.4],
			"rotation": {"angle": 0, "axis": "y", "origin": [7.95, 0.25, 7.95]},
			"faces": {
				"north": {"uv": [11, 8.5, 11.25, 9], "texture": "#0"},
				"east": {"uv": [10, 5, 10.5, 5.5], "texture": "#0"},
				"south": {"uv": [11, 9, 11.25, 9.5], "texture": "#0"},
				"west": {"uv": [10, 5.5, 10.5, 6], "texture": "#0"},
				"up": {"uv": [11.25, 10, 11, 9.5], "texture": "#0"},
				"down": {"uv": [10.25, 11, 10, 11.5], "texture": "#0"}
			}
		},
		{
			"from": [6.9, 0.95, 7.6],
			"to": [7.2, 1.75, 8.4],
			"rotation": {"angle": 0, "axis": "y", "origin": [7.95, 0.25, 7.95]},
			"faces": {
				"north": {"uv": [11, 10, 11.25, 10.5], "texture": "#0"},
				"east": {"uv": [7, 10, 7.5, 10.5], "texture": "#0"},
				"south": {"uv": [10.5, 11, 10.75, 11.5], "texture": "#0"},
				"west": {"uv": [10, 7, 10.5, 7.5], "texture": "#0"},
				"up": {"uv": [11.25, 11, 11, 10.5], "texture": "#0"},
				"down": {"uv": [11.25, 11, 11, 11.5], "texture": "#0"}
			}
		},
		{
			"from": [7.1, -1.5, 7.1],
			"to": [8.9, -1, 8.9],
			"rotation": {"angle": 0, "axis": "y", "origin": [7.95, 0, 7.95]},
			"faces": {
				"north": {"uv": [7.5, 10, 8.5, 10.25], "texture": "#0"},
				"east": {"uv": [10, 7.5, 11, 7.75], "texture": "#0"},
				"south": {"uv": [10, 8, 11, 8.25], "texture": "#0"},
				"west": {"uv": [10, 8.5, 11, 8.75], "texture": "#0"},
				"up": {"uv": [3, 8, 2, 7], "texture": "#0"},
				"down": {"uv": [8, 7, 7, 8], "texture": "#0"}
			}
		},
		{
			"from": [7.1, 5.5, 7.1],
			"to": [8.9, 6, 8.9],
			"rotation": {"angle": 0, "axis": "y", "origin": [7.95, 0.5, 7.95]},
			"faces": {
				"north": {"uv": [10, 9, 11, 9.25], "texture": "#0"},
				"east": {"uv": [10, 9.5, 11, 9.75], "texture": "#0"},
				"south": {"uv": [10, 10, 11, 10.25], "texture": "#0"},
				"west": {"uv": [10.5, 0, 11.5, 0.25], "texture": "#0"},
				"up": {"uv": [8.5, 1, 7.5, 0], "texture": "#0"},
				"down": {"uv": [8.5, 1, 7.5, 2], "texture": "#0"}
			}
		},
		{
			"from": [6.9, 4.8, 6.9],
			"to": [9.1, 5.5, 9.1],
			"rotation": {"angle": 0, "axis": "y", "origin": [7.95, 0.5, 7.95]},
			"faces": {
				"north": {"uv": [1, 10.5, 2, 10.75], "texture": "#0"},
				"east": {"uv": [10.5, 1, 11.5, 1.25], "texture": "#0"},
				"south": {"uv": [10.5, 1.5, 11.5, 1.75], "texture": "#0"},
				"west": {"uv": [10.5, 2, 11.5, 2.25], "texture": "#0"},
				"up": {"uv": [8.5, 3, 7.5, 2], "texture": "#0"},
				"down": {"uv": [1, 8, 0, 9], "texture": "#0"}
			}
		},
		{
			"from": [7.65, 4.1, 5.2],
			"to": [8.35, 4.8, 7.2],
			"rotation": {"angle": 0, "axis": "y", "origin": [8.1, 0.5, 8.05]},
			"faces": {
				"north": {"uv": [11.5, 7, 11.75, 7.25], "texture": "#0"},
				"east": {"uv": [10.5, 2.5, 11.5, 2.75], "texture": "#0"},
				"south": {"uv": [7.5, 11.5, 7.75, 11.75], "texture": "#0"},
				"west": {"uv": [10.5, 3, 11.5, 3.25], "texture": "#0"},
				"up": {"uv": [8.75, 11, 8.5, 10], "texture": "#0"},
				"down": {"uv": [2.25, 10.5, 2, 11.5], "texture": "#0"}
			}
		},
		{
			"from": [7.65, -0.3, 5.2],
			"to": [8.35, 0.4, 7.2],
			"rotation": {"angle": 0, "axis": "y", "origin": [8.1, 0, 8.05]},
			"faces": {
				"north": {"uv": [11.5, 7.5, 11.75, 7.75], "texture": "#0"},
				"east": {"uv": [10.5, 3.5, 11.5, 3.75], "texture": "#0"},
				"south": {"uv": [8, 11.5, 8.25, 11.75], "texture": "#0"},
				"west": {"uv": [10.5, 4, 11.5, 4.25], "texture": "#0"},
				"up": {"uv": [10.75, 5.5, 10.5, 4.5], "texture": "#0"},
				"down": {"uv": [10.75, 5.5, 10.5, 6.5], "texture": "#0"}
			}
		},
		{
			"from": [7.75, 0.4, 5.4],
			"to": [8.25, 4.1, 5.9],
			"rotation": {"angle": 0, "axis": "y", "origin": [8.1, 0, 8.05]},
			"faces": {
				"north": {"uv": [9, 9.5, 9.25, 11.25], "texture": "#0"},
				"east": {"uv": [9.5, 9.5, 9.75, 11.25], "texture": "#0"},
				"south": {"uv": [0, 10, 0.25, 11.75], "texture": "#0"},
				"west": {"uv": [0.5, 10, 0.75, 11.75], "texture": "#0"},
				"up": {"uv": [11.75, 8.25, 11.5, 8], "texture": "#0"},
				"down": {"uv": [8.75, 11.5, 8.5, 11.75], "texture": "#0"}
			}
		},
		{
			"from": [6.9, -1, 6.9],
			"to": [9.1, -0.3, 9.1],
			"rotation": {"angle": 0, "axis": "y", "origin": [7.95, 0, 7.95]},
			"faces": {
				"north": {"uv": [10.5, 6.5, 11.5, 6.75], "texture": "#0"},
				"east": {"uv": [7, 10.5, 8, 10.75], "texture": "#0"},
				"south": {"uv": [10.5, 7, 11.5, 7.25], "texture": "#0"},
				"west": {"uv": [10, 10.5, 11, 10.75], "texture": "#0"},
				"up": {"uv": [2, 9, 1, 8], "texture": "#0"},
				"down": {"uv": [3, 8, 2, 9], "texture": "#0"}
			}
		},
		{
			"from": [7.2, 13, 6.3],
			"to": [8.8, 15, 9.7],
			"rotation": {"angle": 0, "axis": "y", "origin": [8, 14, 8]},
			"faces": {
				"north": {"uv": [8, 8, 8.75, 9], "texture": "#0"},
				"east": {"uv": [4.5, 3, 6.25, 4], "texture": "#0"},
				"south": {"uv": [8.5, 0, 9.25, 1], "texture": "#0"},
				"west": {"uv": [4.5, 4, 6.25, 5], "texture": "#0"},
				"up": {"uv": [2.75, 6.75, 2, 5], "texture": "#0"},
				"down": {"uv": [1.75, 6, 1, 7.75], "texture": "#0"}
			}
		},
		{
			"from": [7, 13.5, 7.5],
			"to": [9, 14.5, 8.5],
			"rotation": {"angle": 45, "axis": "x", "origin": [8, 14, 8]},
			"faces": {
				"north": {"uv": [9, 8, 10, 8.5], "texture": "#0"},
				"east": {"uv": [11.5, 0.5, 11, 1], "texture": "#0"},
				"south": {"uv": [9, 8.5, 10, 9], "texture": "#0"},
				"west": {"uv": [11, 0.5, 11.5, 1], "texture": "#0"},
				"up": {"uv": [10, 9.5, 9, 9], "texture": "#0"},
				"down": {"uv": [10.5, 0, 9.5, 0.5], "texture": "#0"}
			}
		},
		{
			"from": [7.4, 17.02381, 1.89603],
			"to": [8.6, 18.82381, 4.39603],
			"rotation": {"angle": -22.5, "axis": "x", "origin": [7.2, 15.98715, 11.24433]},
			"faces": {
				"north": {"uv": [3, 5, 3.5, 6], "texture": "#0"},
				"east": {"uv": [6.5, 3, 7.75, 4], "texture": "#0"},
				"south": {"uv": [2.5, 9, 3, 10], "texture": "#0"},
				"west": {"uv": [6.5, 4, 7.75, 5], "texture": "#0"},
				"up": {"uv": [2.5, 4.25, 2, 3], "texture": "#0"},
				"down": {"uv": [1.5, 9, 1, 10.25], "texture": "#0"}
			}
		},
		{
			"from": [7.3, 12.98478, 2.87654],
			"to": [8.7, 14.78478, 6.37654],
			"rotation": {"angle": 22.5, "axis": "x", "origin": [7.3, 12.98478, 6.37654]},
			"faces": {
				"north": {"uv": [8.5, 1, 9.25, 2], "texture": "#0"},
				"east": {"uv": [4.5, 5, 6.25, 6], "texture": "#0"},
				"south": {"uv": [8.5, 2, 9.25, 3], "texture": "#0"},
				"west": {"uv": [5.5, 0, 7.25, 1], "texture": "#0"},
				"up": {"uv": [3.75, 6, 3, 7.75], "texture": "#0"},
				"down": {"uv": [4.75, 6, 4, 7.75], "texture": "#0"}
			}
		},
		{
			"from": [7.3, 12.98478, 9.62346],
			"to": [8.7, 14.78478, 13.12346],
			"rotation": {"angle": -22.5, "axis": "x", "origin": [7.3, 12.98478, 9.62346]},
			"faces": {
				"north": {"uv": [8.5, 6, 9.25, 7], "texture": "#0"},
				"east": {"uv": [6.25, 5, 4.5, 6], "texture": "#0"},
				"south": {"uv": [8.5, 1, 9.25, 2], "texture": "#0"},
				"west": {"uv": [7.25, 0, 5.5, 1], "texture": "#0"},
				"up": {"uv": [3.75, 7.75, 3, 6], "texture": "#0"},
				"down": {"uv": [4.75, 7.75, 4, 6], "texture": "#0"}
			}
		},
		{
			"from": [7.6, 13.36746, 0.83326],
			"to": [8.4, 15.03044, 1.52209],
			"rotation": {"angle": -45, "axis": "x", "origin": [7.2, 15.03044, 1.52209]},
			"faces": {
				"north": {"uv": [10, 1, 10.5, 1.75], "texture": "#0"},
				"east": {"uv": [1, 11, 1.25, 11.75], "texture": "#0"},
				"south": {"uv": [2.5, 10, 3, 10.75], "texture": "#0"},
				"west": {"uv": [1.5, 11, 1.75, 11.75], "texture": "#0"},
				"up": {"uv": [12, 0.25, 11.5, 0], "texture": "#0"},
				"down": {"uv": [12, 0.5, 11.5, 0.75], "texture": "#0"}
			}
		},
		{
			"from": [7.4, 17.02381, 11.60397],
			"to": [8.6, 18.82381, 14.10397],
			"rotation": {"angle": 22.5, "axis": "x", "origin": [7.2, 15.98715, 4.75567]},
			"faces": {
				"north": {"uv": [9.5, 0.5, 10, 1.5], "texture": "#0"},
				"east": {"uv": [7.75, 3, 6.5, 4], "texture": "#0"},
				"south": {"uv": [3, 5, 3.5, 6], "texture": "#0"},
				"west": {"uv": [7.75, 4, 6.5, 5], "texture": "#0"},
				"up": {"uv": [2.5, 3, 2, 4.25], "texture": "#0"},
				"down": {"uv": [1.5, 10.25, 1, 9], "texture": "#0"}
			}
		},
		{
			"from": [7.6, 13.36746, 14.47791],
			"to": [8.4, 15.03044, 15.16674],
			"rotation": {"angle": 45, "axis": "x", "origin": [7.2, 15.03044, 14.47791]},
			"faces": {
				"north": {"uv": [10, 3, 10.5, 3.75], "texture": "#0"},
				"east": {"uv": [1.25, 11, 1, 11.75], "texture": "#0"},
				"south": {"uv": [10, 1, 10.5, 1.75], "texture": "#0"},
				"west": {"uv": [1.5, 11, 1.75, 11.75], "texture": "#0"},
				"up": {"uv": [12, 0.25, 11.5, 0], "texture": "#0"},
				"down": {"uv": [12, 1.5, 11.5, 1.75], "texture": "#0"}
			}
		}
	],
	"display": {
		"thirdperson_righthand": {
			"translation": [0, 4.75, 2],
			"scale": [1.2, 1.2, 1.2]
		},
		"thirdperson_lefthand": {
			"translation": [0, 4.75, 2],
			"scale": [1.2, 1.2, 1.2]
		},
		"firstperson_righthand": {
			"translation": [0, 3, 0]
		},
		"firstperson_lefthand": {
			"translation": [0, 3, 0]
		},
		"ground": {
			"translation": [0, 6.5, 0]
		},
		"gui": {
			"rotation": [90, -67.5, 90],
			"translation": [1.25, 0, 0],
			"scale": [0.8, 0.8, 0.8]
		},
		"fixed": {
			"rotation": [0, 90, 0],
			"translation": [0, 0.5, -0.25]
		}
	},
	"groups": [
		{
			"name": "pickaxe",
			"origin": [8, 8, 8],
			"color": 0,
			"children": [0, 1, 2, 3, 4, 5, 6, 7, 8, 9, 10, 11, 12, 13, 14, 15, 16, 17, 18, 19, 20, 21, 22, 23, 24, 25, 26, 27, 28]
		}
	]
}