{
	"credit": "Made with Blockbench",
	"parent": "gold_diamond_pickaxe",
	"texture_size": [32, 32],
	"textures": {
		"0": "default/gold_ametist_pickaxe_texture",
		"particle": "default/gold_ametist_pickaxe_texture"
	},
	"elements": [
		{
			"from": [7.4, 2.5, 7.4],
			"to": [8.6, 16.5, 8.6],
			"rotation": {"angle": 0, "axis": "y", "origin": [7.95, 0, 7.95]},
			"faces": {
				"north": {"uv": [0, 0, 0.5, 7], "texture": "#0"},
				"east": {"uv": [0.5, 0, 1, 7], "texture": "#0"},
				"south": {"uv": [1, 0, 1.5, 7], "texture": "#0"},
				"west": {"uv": [1.5, 0, 2, 7], "texture": "#0"},
				"up": {"uv": [10.5, 2.5, 10, 2], "texture": "#0"},
				"down": {"uv": [10.5, 2.5, 10, 3], "texture": "#0"}
			}
		},
		{
			"from": [7.3, 16.5, 7.3],
			"to": [8.7, 17.9, 8.7],
			"rotation": {"angle": 0, "axis": "y", "origin": [7.95, -0.1, 7.95]},
			"faces": {
				"north": {"uv": [1, 9, 1.75, 9.75], "texture": "#0"},
				"east": {"uv": [9, 1, 9.75, 1.75], "texture": "#0"},
				"south": {"uv": [2, 9, 2.75, 9.75], "texture": "#0"},
				"west": {"uv": [9, 2, 9.75, 2.75], "texture": "#0"},
				"up": {"uv": [9.75, 5.75, 9, 5], "texture": "#0"},
				"down": {"uv": [6.75, 9, 6, 9.75], "texture": "#0"}
			}
		},
		{
			"from": [7.325, 2.9, 7.3],
			"to": [7.7, 5.3, 7.8],
			"rotation": {"angle": 22.5, "axis": "x", "origin": [7.3, 2.9, 7.3]},
			"faces": {
				"north": {"uv": [10, 5, 10.25, 6.25], "texture": "#0"},
				"east": {"uv": [6, 10, 6.25, 11.25], "texture": "#0"},
				"south": {"uv": [6.5, 10, 6.75, 11.25], "texture": "#0"},
				"west": {"uv": [10, 6.5, 10.25, 7.75], "texture": "#0"},
				"up": {"uv": [9.75, 14.75, 9.5, 14.5], "texture": "#0"},
				"down": {"uv": [14.75, 10.5, 14.5, 10.75], "texture": "#0"}
			}
		},
		{
			"from": [7.3, 2.9, 8.2],
			"to": [7.7, 5.3, 8.7],
			"rotation": {"angle": -22.5, "axis": "x", "origin": [7.3, 2.9, 8.7]},
			"faces": {
				"north": {"uv": [7, 10, 7.25, 11.25], "texture": "#0"},
				"east": {"uv": [7.5, 10, 7.75, 11.25], "texture": "#0"},
				"south": {"uv": [8, 10, 8.25, 11.25], "texture": "#0"},
				"west": {"uv": [10, 8, 10.25, 9.25], "texture": "#0"},
				"up": {"uv": [14.75, 11.25, 14.5, 11], "texture": "#0"},
				"down": {"uv": [14.75, 11.5, 14.5, 11.75], "texture": "#0"}
			}
		},
		{
			"from": [7.3, 2.9, 8.3],
			"to": [7.8, 5.3, 8.675],
			"rotation": {"angle": -22.5, "axis": "z", "origin": [7.3, 2.9, 7.3]},
			"faces": {
				"north": {"uv": [8.5, 10, 8.75, 11.25], "texture": "#0"},
				"east": {"uv": [9, 10, 9.25, 11.25], "texture": "#0"},
				"south": {"uv": [9.5, 10, 9.75, 11.25], "texture": "#0"},
				"west": {"uv": [10, 9.5, 10.25, 10.75], "texture": "#0"},
				"up": {"uv": [14.75, 12.25, 14.5, 12], "texture": "#0"},
				"down": {"uv": [14.75, 12.5, 14.5, 12.75], "texture": "#0"}
			}
		},
		{
			"from": [8.2, 2.9, 8.3],
			"to": [8.7, 5.3, 8.7],
			"rotation": {"angle": 22.5, "axis": "z", "origin": [8.7, 2.9, 7.3]},
			"faces": {
				"north": {"uv": [10.5, 2, 10.75, 3.25], "texture": "#0"},
				"east": {"uv": [3, 10.5, 3.25, 11.75], "texture": "#0"},
				"south": {"uv": [3.5, 10.5, 3.75, 11.75], "texture": "#0"},
				"west": {"uv": [10.5, 3.5, 10.75, 4.75], "texture": "#0"},
				"up": {"uv": [14.75, 13.25, 14.5, 13], "texture": "#0"},
				"down": {"uv": [14.75, 13.5, 14.5, 13.75], "texture": "#0"}
			}
		},
		{
			"from": [7.3, 4.9, 8.3],
			"to": [7.8, 7.3, 8.675],
			"rotation": {"angle": -22.5, "axis": "z", "origin": [7.3, 4.9, 7.3]},
			"faces": {
				"north": {"uv": [4, 10.5, 4.25, 11.75], "texture": "#0"},
				"east": {"uv": [4.5, 10.5, 4.75, 11.75], "texture": "#0"},
				"south": {"uv": [5, 10.5, 5.25, 11.75], "texture": "#0"},
				"west": {"uv": [10.5, 5, 10.75, 6.25], "texture": "#0"},
				"up": {"uv": [14.75, 14.25, 14.5, 14], "texture": "#0"},
				"down": {"uv": [14.75, 14.5, 14.5, 14.75], "texture": "#0"}
			}
		},
		{
			"from": [8.2, 4.9, 8.3],
			"to": [8.7, 7.3, 8.7],
			"rotation": {"angle": 22.5, "axis": "z", "origin": [8.7, 4.9, 7.3]},
			"faces": {
				"north": {"uv": [5.5, 10.5, 5.75, 11.75], "texture": "#0"},
				"east": {"uv": [10.5, 6.5, 10.75, 7.75], "texture": "#0"},
				"south": {"uv": [10.5, 8, 10.75, 9.25], "texture": "#0"},
				"west": {"uv": [10.5, 9.5, 10.75, 10.75], "texture": "#0"},
				"up": {"uv": [15.25, 0.25, 15, 0], "texture": "#0"},
				"down": {"uv": [15.25, 0.5, 15, 0.75], "texture": "#0"}
			}
		},
		{
			"from": [7.3, 4.9, 8.2],
			"to": [7.7, 7.3, 8.7],
			"rotation": {"angle": -22.5, "axis": "x", "origin": [7.3, 4.9, 8.7]},
			"faces": {
				"north": {"uv": [0, 11, 0.25, 12.25], "texture": "#0"},
				"east": {"uv": [11, 0, 11.25, 1.25], "texture": "#0"},
				"south": {"uv": [0.5, 11, 0.75, 12.25], "texture": "#0"},
				"west": {"uv": [1, 11, 1.25, 12.25], "texture": "#0"},
				"up": {"uv": [15.25, 1.25, 15, 1], "texture": "#0"},
				"down": {"uv": [15.25, 1.5, 15, 1.75], "texture": "#0"}
			}
		},
		{
			"from": [7.325, 4.9, 7.3],
			"to": [7.7, 7.3, 7.8],
			"rotation": {"angle": 22.5, "axis": "x", "origin": [7.3, 4.9, 7.3]},
			"faces": {
				"north": {"uv": [1.5, 11, 1.75, 12.25], "texture": "#0"},
				"east": {"uv": [11, 1.5, 11.25, 2.75], "texture": "#0"},
				"south": {"uv": [2, 11, 2.25, 12.25], "texture": "#0"},
				"west": {"uv": [2.5, 11, 2.75, 12.25], "texture": "#0"},
				"up": {"uv": [15.25, 2.25, 15, 2], "texture": "#0"},
				"down": {"uv": [15.25, 2.5, 15, 2.75], "texture": "#0"}
			}
		},
		{
			"from": [7.3, 6.9, 8.3],
			"to": [7.8, 9.3, 8.675],
			"rotation": {"angle": -22.5, "axis": "z", "origin": [7.3, 6.9, 7.3]},
			"faces": {
				"north": {"uv": [11, 3, 11.25, 4.25], "texture": "#0"},
				"east": {"uv": [11, 4.5, 11.25, 5.75], "texture": "#0"},
				"south": {"uv": [11, 6, 11.25, 7.25], "texture": "#0"},
				"west": {"uv": [11, 7.5, 11.25, 8.75], "texture": "#0"},
				"up": {"uv": [3.25, 15.25, 3, 15], "texture": "#0"},
				"down": {"uv": [15.25, 3, 15, 3.25], "texture": "#0"}
			}
		},
		{
			"from": [8.2, 6.9, 8.3],
			"to": [8.7, 9.3, 8.7],
			"rotation": {"angle": 22.5, "axis": "z", "origin": [8.7, 6.9, 7.3]},
			"faces": {
				"north": {"uv": [11, 9, 11.25, 10.25], "texture": "#0"},
				"east": {"uv": [10, 11, 10.25, 12.25], "texture": "#0"},
				"south": {"uv": [10.5, 11, 10.75, 12.25], "texture": "#0"},
				"west": {"uv": [11, 10.5, 11.25, 11.75], "texture": "#0"},
				"up": {"uv": [3.75, 15.25, 3.5, 15], "texture": "#0"},
				"down": {"uv": [15.25, 3.5, 15, 3.75], "texture": "#0"}
			}
		},
		{
			"from": [7.3, 6.9, 8.2],
			"to": [7.7, 9.3, 8.7],
			"rotation": {"angle": -22.5, "axis": "x", "origin": [7.3, 6.9, 8.7]},
			"faces": {
				"north": {"uv": [11.5, 0, 11.75, 1.25], "texture": "#0"},
				"east": {"uv": [11.5, 1.5, 11.75, 2.75], "texture": "#0"},
				"south": {"uv": [11.5, 3, 11.75, 4.25], "texture": "#0"},
				"west": {"uv": [11.5, 4.5, 11.75, 5.75], "texture": "#0"},
				"up": {"uv": [4.25, 15.25, 4, 15], "texture": "#0"},
				"down": {"uv": [15.25, 4, 15, 4.25], "texture": "#0"}
			}
		},
		{
			"from": [7.325, 6.9, 7.3],
			"to": [7.7, 9.3, 7.8],
			"rotation": {"angle": 22.5, "axis": "x", "origin": [7.3, 6.9, 7.3]},
			"faces": {
				"north": {"uv": [6, 11.5, 6.25, 12.75], "texture": "#0"},
				"east": {"uv": [11.5, 6, 11.75, 7.25], "texture": "#0"},
				"south": {"uv": [6.5, 11.5, 6.75, 12.75], "texture": "#0"},
				"west": {"uv": [7, 11.5, 7.25, 12.75], "texture": "#0"},
				"up": {"uv": [4.75, 15.25, 4.5, 15], "texture": "#0"},
				"down": {"uv": [15.25, 4.5, 15, 4.75], "texture": "#0"}
			}
		},
		{
			"from": [7.3, 8.9, 8.3],
			"to": [7.8, 11.3, 8.675],
			"rotation": {"angle": -22.5, "axis": "z", "origin": [7.3, 8.9, 7.3]},
			"faces": {
				"north": {"uv": [7.5, 11.5, 7.75, 12.75], "texture": "#0"},
				"east": {"uv": [11.5, 7.5, 11.75, 8.75], "texture": "#0"},
				"south": {"uv": [8, 11.5, 8.25, 12.75], "texture": "#0"},
				"west": {"uv": [8.5, 11.5, 8.75, 12.75], "texture": "#0"},
				"up": {"uv": [5.25, 15.25, 5, 15], "texture": "#0"},
				"down": {"uv": [15.25, 5, 15, 5.25], "texture": "#0"}
			}
		},
		{
			"from": [8.2, 8.9, 8.3],
			"to": [8.7, 11.3, 8.7],
			"rotation": {"angle": 22.5, "axis": "z", "origin": [8.7, 8.9, 7.3]},
			"faces": {
				"north": {"uv": [9, 11.5, 9.25, 12.75], "texture": "#0"},
				"east": {"uv": [11.5, 9, 11.75, 10.25], "texture": "#0"},
				"south": {"uv": [9.5, 11.5, 9.75, 12.75], "texture": "#0"},
				"west": {"uv": [11.5, 10.5, 11.75, 11.75], "texture": "#0"},
				"up": {"uv": [5.75, 15.25, 5.5, 15], "texture": "#0"},
				"down": {"uv": [15.25, 5.5, 15, 5.75], "texture": "#0"}
			}
		},
		{
			"from": [7.3, 8.9, 8.2],
			"to": [7.7, 11.3, 8.7],
			"rotation": {"angle": -22.5, "axis": "x", "origin": [7.3, 8.9, 8.7]},
			"faces": {
				"north": {"uv": [12, 0, 12.25, 1.25], "texture": "#0"},
				"east": {"uv": [12, 1.5, 12.25, 2.75], "texture": "#0"},
				"south": {"uv": [3, 12, 3.25, 13.25], "texture": "#0"},
				"west": {"uv": [12, 3, 12.25, 4.25], "texture": "#0"},
				"up": {"uv": [15.25, 6.25, 15, 6], "texture": "#0"},
				"down": {"uv": [15.25, 6.5, 15, 6.75], "texture": "#0"}
			}
		},
		{
			"from": [7.325, 8.9, 7.3],
			"to": [7.7, 11.3, 7.8],
			"rotation": {"angle": 22.5, "axis": "x", "origin": [7.3, 8.9, 7.3]},
			"faces": {
				"north": {"uv": [3.5, 12, 3.75, 13.25], "texture": "#0"},
				"east": {"uv": [4, 12, 4.25, 13.25], "texture": "#0"},
				"south": {"uv": [4.5, 12, 4.75, 13.25], "texture": "#0"},
				"west": {"uv": [12, 4.5, 12.25, 5.75], "texture": "#0"},
				"up": {"uv": [15.25, 7.25, 15, 7], "texture": "#0"},
				"down": {"uv": [15.25, 7.5, 15, 7.75], "texture": "#0"}
			}
		},
		{
			"from": [7.3, 10.9, 8.3],
			"to": [7.8, 13.3, 8.7],
			"rotation": {"angle": -22.5, "axis": "z", "origin": [7.3, 10.9, 7.3]},
			"faces": {
				"north": {"uv": [5, 12, 5.25, 13.25], "texture": "#0"},
				"east": {"uv": [5.5, 12, 5.75, 13.25], "texture": "#0"},
				"south": {"uv": [12, 6, 12.25, 7.25], "texture": "#0"},
				"west": {"uv": [12, 7.5, 12.25, 8.75], "texture": "#0"},
				"up": {"uv": [15.25, 8.25, 15, 8], "texture": "#0"},
				"down": {"uv": [15.25, 8.5, 15, 8.75], "texture": "#0"}
			}
		},
		{
			"from": [8.2, 10.9, 8.3],
			"to": [8.7, 13.3, 8.7],
			"rotation": {"angle": 22.5, "axis": "z", "origin": [8.7, 10.9, 7.3]},
			"faces": {
				"north": {"uv": [12, 9, 12.25, 10.25], "texture": "#0"},
				"east": {"uv": [12, 10.5, 12.25, 11.75], "texture": "#0"},
				"south": {"uv": [11, 12, 11.25, 13.25], "texture": "#0"},
				"west": {"uv": [11.5, 12, 11.75, 13.25], "texture": "#0"},
				"up": {"uv": [15.25, 9.25, 15, 9], "texture": "#0"},
				"down": {"uv": [9.75, 15, 9.5, 15.25], "texture": "#0"}
			}
		},
		{
			"from": [8.2, 8.9, 7.325],
			"to": [8.7, 11.3, 7.7],
			"rotation": {"angle": 22.5, "axis": "z", "origin": [8.7, 8.9, 8.7]},
			"faces": {
				"north": {"uv": [12, 12, 12.25, 13.25], "texture": "#0"},
				"east": {"uv": [0, 12.5, 0.25, 13.75], "texture": "#0"},
				"south": {"uv": [12.5, 0, 12.75, 1.25], "texture": "#0"},
				"west": {"uv": [0.5, 12.5, 0.75, 13.75], "texture": "#0"},
				"up": {"uv": [15.25, 9.75, 15, 9.5], "texture": "#0"},
				"down": {"uv": [15.25, 10, 15, 10.25], "texture": "#0"}
			}
		},
		{
			"from": [7.3, 8.9, 7.3],
			"to": [7.8, 11.3, 7.7],
			"rotation": {"angle": -22.5, "axis": "z", "origin": [7.3, 8.9, 8.7]},
			"faces": {
				"north": {"uv": [1, 12.5, 1.25, 13.75], "texture": "#0"},
				"east": {"uv": [1.5, 12.5, 1.75, 13.75], "texture": "#0"},
				"south": {"uv": [12.5, 1.5, 12.75, 2.75], "texture": "#0"},
				"west": {"uv": [2, 12.5, 2.25, 13.75], "texture": "#0"},
				"up": {"uv": [15.25, 10.75, 15, 10.5], "texture": "#0"},
				"down": {"uv": [11.25, 15, 11, 15.25], "texture": "#0"}
			}
		},
		{
			"from": [8.2, 10.9, 7.3],
			"to": [8.7, 13.3, 7.7],
			"rotation": {"angle": 22.5, "axis": "z", "origin": [8.7, 10.9, 8.7]},
			"faces": {
				"north": {"uv": [2.5, 12.5, 2.75, 13.75], "texture": "#0"},
				"east": {"uv": [12.5, 3, 12.75, 4.25], "texture": "#0"},
				"south": {"uv": [12.5, 4.5, 12.75, 5.75], "texture": "#0"},
				"west": {"uv": [12.5, 6, 12.75, 7.25], "texture": "#0"},
				"up": {"uv": [15.25, 11.25, 15, 11], "texture": "#0"},
				"down": {"uv": [11.75, 15, 11.5, 15.25], "texture": "#0"}
			}
		},
		{
			"from": [7.3, 10.9, 7.3],
			"to": [7.8, 13.3, 7.7],
			"rotation": {"angle": -22.5, "axis": "z", "origin": [7.3, 10.9, 8.7]},
			"faces": {
				"north": {"uv": [12.5, 7.5, 12.75, 8.75], "texture": "#0"},
				"east": {"uv": [12.5, 9, 12.75, 10.25], "texture": "#0"},
				"south": {"uv": [10, 12.5, 10.25, 13.75], "texture": "#0"},
				"west": {"uv": [10.5, 12.5, 10.75, 13.75], "texture": "#0"},
				"up": {"uv": [15.25, 11.75, 15, 11.5], "texture": "#0"},
				"down": {"uv": [12.25, 15, 12, 15.25], "texture": "#0"}
			}
		},
		{
			"from": [8.2, 6.9, 7.325],
			"to": [8.7, 9.3, 7.7],
			"rotation": {"angle": 22.5, "axis": "z", "origin": [8.7, 6.9, 8.7]},
			"faces": {
				"north": {"uv": [12.5, 10.5, 12.75, 11.75], "texture": "#0"},
				"east": {"uv": [12.5, 12, 12.75, 13.25], "texture": "#0"},
				"south": {"uv": [13, 0, 13.25, 1.25], "texture": "#0"},
				"west": {"uv": [13, 1.5, 13.25, 2.75], "texture": "#0"},
				"up": {"uv": [15.25, 12.25, 15, 12], "texture": "#0"},
				"down": {"uv": [12.75, 15, 12.5, 15.25], "texture": "#0"}
			}
		},
		{
			"from": [7.3, 6.9, 7.3],
			"to": [7.8, 9.3, 7.7],
			"rotation": {"angle": -22.5, "axis": "z", "origin": [7.3, 6.9, 8.7]},
			"faces": {
				"north": {"uv": [13, 3, 13.25, 4.25], "texture": "#0"},
				"east": {"uv": [13, 4.5, 13.25, 5.75], "texture": "#0"},
				"south": {"uv": [6, 13, 6.25, 14.25], "texture": "#0"},
				"west": {"uv": [13, 6, 13.25, 7.25], "texture": "#0"},
				"up": {"uv": [15.25, 12.75, 15, 12.5], "texture": "#0"},
				"down": {"uv": [13.25, 15, 13, 15.25], "texture": "#0"}
			}
		},
		{
			"from": [8.2, 4.9, 7.325],
			"to": [8.7, 7.3, 7.7],
			"rotation": {"angle": 22.5, "axis": "z", "origin": [8.7, 4.9, 8.7]},
			"faces": {
				"north": {"uv": [6.5, 13, 6.75, 14.25], "texture": "#0"},
				"east": {"uv": [7, 13, 7.25, 14.25], "texture": "#0"},
				"south": {"uv": [7.5, 13, 7.75, 14.25], "texture": "#0"},
				"west": {"uv": [13, 7.5, 13.25, 8.75], "texture": "#0"},
				"up": {"uv": [15.25, 13.25, 15, 13], "texture": "#0"},
				"down": {"uv": [13.75, 15, 13.5, 15.25], "texture": "#0"}
			}
		},
		{
			"from": [7.3, 4.9, 7.3],
			"to": [7.8, 7.3, 7.7],
			"rotation": {"angle": -22.5, "axis": "z", "origin": [7.3, 4.9, 8.7]},
			"faces": {
				"north": {"uv": [8, 13, 8.25, 14.25], "texture": "#0"},
				"east": {"uv": [8.5, 13, 8.75, 14.25], "texture": "#0"},
				"south": {"uv": [9, 13, 9.25, 14.25], "texture": "#0"},
				"west": {"uv": [13, 9, 13.25, 10.25], "texture": "#0"},
				"up": {"uv": [15.25, 13.75, 15, 13.5], "texture": "#0"},
				"down": {"uv": [14.25, 15, 14, 15.25], "texture": "#0"}
			}
		},
		{
			"from": [8.2, 2.9, 7.325],
			"to": [8.7, 5.3, 7.7],
			"rotation": {"angle": 22.5, "axis": "z", "origin": [8.7, 2.9, 8.7]},
			"faces": {
				"north": {"uv": [9.5, 13, 9.75, 14.25], "texture": "#0"},
				"east": {"uv": [13, 10.5, 13.25, 11.75], "texture": "#0"},
				"south": {"uv": [13, 12, 13.25, 13.25], "texture": "#0"},
				"west": {"uv": [13.5, 0, 13.75, 1.25], "texture": "#0"},
				"up": {"uv": [15.25, 14.25, 15, 14], "texture": "#0"},
				"down": {"uv": [14.75, 15, 14.5, 15.25], "texture": "#0"}
			}
		},
		{
			"from": [7.3, 2.9, 7.3],
			"to": [7.8, 5.3, 7.7],
			"rotation": {"angle": -22.5, "axis": "z", "origin": [7.3, 2.9, 8.7]},
			"faces": {
				"north": {"uv": [13.5, 1.5, 13.75, 2.75], "texture": "#0"},
				"east": {"uv": [3, 13.5, 3.25, 14.75], "texture": "#0"},
				"south": {"uv": [13.5, 3, 13.75, 4.25], "texture": "#0"},
				"west": {"uv": [3.5, 13.5, 3.75, 14.75], "texture": "#0"},
				"up": {"uv": [15.25, 14.75, 15, 14.5], "texture": "#0"},
				"down": {"uv": [15.25, 15, 15, 15.25], "texture": "#0"}
			}
		},
		{
			"from": [7.3, 10.9, 8.2],
			"to": [7.7, 13.3, 8.7],
			"rotation": {"angle": -22.5, "axis": "x", "origin": [7.3, 10.9, 8.7]},
			"faces": {
				"north": {"uv": [4, 13.5, 4.25, 14.75], "texture": "#0"},
				"east": {"uv": [4.5, 13.5, 4.75, 14.75], "texture": "#0"},
				"south": {"uv": [13.5, 4.5, 13.75, 5.75], "texture": "#0"},
				"west": {"uv": [5, 13.5, 5.25, 14.75], "texture": "#0"},
				"up": {"uv": [0.25, 15.75, 0, 15.5], "texture": "#0"},
				"down": {"uv": [15.75, 0, 15.5, 0.25], "texture": "#0"}
			}
		},
		{
			"from": [7.3, 10.9, 7.3],
			"to": [7.7, 13.3, 7.8],
			"rotation": {"angle": 22.5, "axis": "x", "origin": [7.3, 10.9, 7.3]},
			"faces": {
				"north": {"uv": [5.5, 13.5, 5.75, 14.75], "texture": "#0"},
				"east": {"uv": [13.5, 6, 13.75, 7.25], "texture": "#0"},
				"south": {"uv": [13.5, 7.5, 13.75, 8.75], "texture": "#0"},
				"west": {"uv": [13.5, 9, 13.75, 10.25], "texture": "#0"},
				"up": {"uv": [0.75, 15.75, 0.5, 15.5], "texture": "#0"},
				"down": {"uv": [15.75, 0.5, 15.5, 0.75], "texture": "#0"}
			}
		},
		{
			"from": [8.3, 8.9, 7.3],
			"to": [8.7, 11.3, 7.8],
			"rotation": {"angle": 22.5, "axis": "x", "origin": [8.7, 8.9, 7.3]},
			"faces": {
				"north": {"uv": [13.5, 10.5, 13.75, 11.75], "texture": "#0"},
				"east": {"uv": [11, 13.5, 11.25, 14.75], "texture": "#0"},
				"south": {"uv": [11.5, 13.5, 11.75, 14.75], "texture": "#0"},
				"west": {"uv": [12, 13.5, 12.25, 14.75], "texture": "#0"},
				"up": {"uv": [1.25, 15.75, 1, 15.5], "texture": "#0"},
				"down": {"uv": [15.75, 1, 15.5, 1.25], "texture": "#0"}
			}
		},
		{
			"from": [8.3, 8.9, 8.2],
			"to": [8.675, 11.3, 8.7],
			"rotation": {"angle": -22.5, "axis": "x", "origin": [8.7, 8.9, 8.7]},
			"faces": {
				"north": {"uv": [13.5, 12, 13.75, 13.25], "texture": "#0"},
				"east": {"uv": [12.5, 13.5, 12.75, 14.75], "texture": "#0"},
				"south": {"uv": [13, 13.5, 13.25, 14.75], "texture": "#0"},
				"west": {"uv": [13.5, 13.5, 13.75, 14.75], "texture": "#0"},
				"up": {"uv": [1.75, 15.75, 1.5, 15.5], "texture": "#0"},
				"down": {"uv": [15.75, 1.5, 15.5, 1.75], "texture": "#0"}
			}
		},
		{
			"from": [8.3, 10.9, 7.3],
			"to": [8.7, 13.3, 7.8],
			"rotation": {"angle": 22.5, "axis": "x", "origin": [8.7, 10.9, 7.3]},
			"faces": {
				"north": {"uv": [0, 14, 0.25, 15.25], "texture": "#0"},
				"east": {"uv": [14, 0, 14.25, 1.25], "texture": "#0"},
				"south": {"uv": [0.5, 14, 0.75, 15.25], "texture": "#0"},
				"west": {"uv": [1, 14, 1.25, 15.25], "texture": "#0"},
				"up": {"uv": [2.25, 15.75, 2, 15.5], "texture": "#0"},
				"down": {"uv": [15.75, 2, 15.5, 2.25], "texture": "#0"}
			}
		},
		{
			"from": [8.3, 10.9, 8.2],
			"to": [8.7, 13.3, 8.7],
			"rotation": {"angle": -22.5, "axis": "x", "origin": [8.7, 10.9, 8.7]},
			"faces": {
				"north": {"uv": [1.5, 14, 1.75, 15.25], "texture": "#0"},
				"east": {"uv": [14, 1.5, 14.25, 2.75], "texture": "#0"},
				"south": {"uv": [2, 14, 2.25, 15.25], "texture": "#0"},
				"west": {"uv": [2.5, 14, 2.75, 15.25], "texture": "#0"},
				"up": {"uv": [2.75, 15.75, 2.5, 15.5], "texture": "#0"},
				"down": {"uv": [15.75, 2.5, 15.5, 2.75], "texture": "#0"}
			}
		},
		{
			"from": [8.3, 6.9, 8.2],
			"to": [8.675, 9.3, 8.7],
			"rotation": {"angle": -22.5, "axis": "x", "origin": [8.7, 6.9, 8.7]},
			"faces": {
				"north": {"uv": [14, 3, 14.25, 4.25], "texture": "#0"},
				"east": {"uv": [14, 4.5, 14.25, 5.75], "texture": "#0"},
				"south": {"uv": [14, 6, 14.25, 7.25], "texture": "#0"},
				"west": {"uv": [14, 7.5, 14.25, 8.75], "texture": "#0"},
				"up": {"uv": [3.25, 15.75, 3, 15.5], "texture": "#0"},
				"down": {"uv": [15.75, 3, 15.5, 3.25], "texture": "#0"}
			}
		},
		{
			"from": [8.3, 6.9, 7.3],
			"to": [8.7, 9.3, 7.8],
			"rotation": {"angle": 22.5, "axis": "x", "origin": [8.7, 6.9, 7.3]},
			"faces": {
				"north": {"uv": [14, 9, 14.25, 10.25], "texture": "#0"},
				"east": {"uv": [10, 14, 10.25, 15.25], "texture": "#0"},
				"south": {"uv": [10.5, 14, 10.75, 15.25], "texture": "#0"},
				"west": {"uv": [14, 10.5, 14.25, 11.75], "texture": "#0"},
				"up": {"uv": [3.75, 15.75, 3.5, 15.5], "texture": "#0"},
				"down": {"uv": [15.75, 3.5, 15.5, 3.75], "texture": "#0"}
			}
		},
		{
			"from": [8.3, 4.9, 8.2],
			"to": [8.675, 7.3, 8.7],
			"rotation": {"angle": -22.5, "axis": "x", "origin": [8.7, 4.9, 8.7]},
			"faces": {
				"north": {"uv": [14, 12, 14.25, 13.25], "texture": "#0"},
				"east": {"uv": [14, 13.5, 14.25, 14.75], "texture": "#0"},
				"south": {"uv": [14.5, 0, 14.75, 1.25], "texture": "#0"},
				"west": {"uv": [14.5, 1.5, 14.75, 2.75], "texture": "#0"},
				"up": {"uv": [4.25, 15.75, 4, 15.5], "texture": "#0"},
				"down": {"uv": [15.75, 4, 15.5, 4.25], "texture": "#0"}
			}
		},
		{
			"from": [8.3, 4.9, 7.3],
			"to": [8.7, 7.3, 7.8],
			"rotation": {"angle": 22.5, "axis": "x", "origin": [8.7, 4.9, 7.3]},
			"faces": {
				"north": {"uv": [14.5, 3, 14.75, 4.25], "texture": "#0"},
				"east": {"uv": [14.5, 4.5, 14.75, 5.75], "texture": "#0"},
				"south": {"uv": [6, 14.5, 6.25, 15.75], "texture": "#0"},
				"west": {"uv": [14.5, 6, 14.75, 7.25], "texture": "#0"},
				"up": {"uv": [4.75, 15.75, 4.5, 15.5], "texture": "#0"},
				"down": {"uv": [15.75, 4.5, 15.5, 4.75], "texture": "#0"}
			}
		},
		{
			"from": [8.3, 2.9, 8.2],
			"to": [8.675, 5.3, 8.7],
			"rotation": {"angle": -22.5, "axis": "x", "origin": [8.7, 2.9, 8.7]},
			"faces": {
				"north": {"uv": [6.5, 14.5, 6.75, 15.75], "texture": "#0"},
				"east": {"uv": [7, 14.5, 7.25, 15.75], "texture": "#0"},
				"south": {"uv": [7.5, 14.5, 7.75, 15.75], "texture": "#0"},
				"west": {"uv": [14.5, 7.5, 14.75, 8.75], "texture": "#0"},
				"up": {"uv": [5.25, 15.75, 5, 15.5], "texture": "#0"},
				"down": {"uv": [15.75, 5, 15.5, 5.25], "texture": "#0"}
			}
		},
		{
			"from": [8.3, 2.9, 7.3],
			"to": [8.7, 5.3, 7.8],
			"rotation": {"angle": 22.5, "axis": "x", "origin": [8.7, 2.9, 7.3]},
			"faces": {
				"north": {"uv": [8, 14.5, 8.25, 15.75], "texture": "#0"},
				"east": {"uv": [8.5, 14.5, 8.75, 15.75], "texture": "#0"},
				"south": {"uv": [9, 14.5, 9.25, 15.75], "texture": "#0"},
				"west": {"uv": [14.5, 9, 14.75, 10.25], "texture": "#0"},
				"up": {"uv": [5.75, 15.75, 5.5, 15.5], "texture": "#0"},
				"down": {"uv": [15.75, 5.5, 15.5, 5.75], "texture": "#0"}
			}
		},
		{
			"from": [7, -0.5, 7],
			"to": [9, 0.9, 9],
			"rotation": {"angle": 0, "axis": "y", "origin": [7.95, 0, 7.95]},
			"faces": {
				"north": {"uv": [5, 7.5, 6, 8.25], "texture": "#0"},
				"east": {"uv": [0, 8, 1, 8.75], "texture": "#0"},
				"south": {"uv": [8, 0, 9, 0.75], "texture": "#0"},
				"west": {"uv": [1, 8, 2, 8.75], "texture": "#0"},
				"up": {"uv": [4, 6.5, 3, 5.5], "texture": "#0"},
				"down": {"uv": [5, 5.5, 4, 6.5], "texture": "#0"}
			}
		},
		{
			"from": [7.25, 0.9, 7.25],
			"to": [8.75, 2.9, 8.75],
			"rotation": {"angle": 0, "axis": "y", "origin": [8, 0, 8]},
			"faces": {
				"north": {"uv": [8, 1, 8.75, 2], "texture": "#0"},
				"east": {"uv": [2, 8, 2.75, 9], "texture": "#0"},
				"south": {"uv": [8, 2, 8.75, 3], "texture": "#0"},
				"west": {"uv": [8, 5, 8.75, 6], "texture": "#0"},
				"up": {"uv": [9.75, 6.75, 9, 6], "texture": "#0"},
				"down": {"uv": [7.75, 9, 7, 9.75], "texture": "#0"}
			}
		},
		{
			"from": [7.25, 11.2, 7.25],
			"to": [8.75, 13.2, 8.75],
			"rotation": {"angle": 0, "axis": "y", "origin": [8, 10.3, 8]},
			"faces": {
				"north": {"uv": [6, 8, 6.75, 9], "texture": "#0"},
				"east": {"uv": [8, 6, 8.75, 7], "texture": "#0"},
				"south": {"uv": [7, 8, 7.75, 9], "texture": "#0"},
				"west": {"uv": [8, 7, 8.75, 8], "texture": "#0"},
				"up": {"uv": [9.75, 7.75, 9, 7], "texture": "#0"},
				"down": {"uv": [8.75, 9, 8, 9.75], "texture": "#0"}
			}
		},
		{
			"from": [6.6, 13.2, 6.5],
			"to": [9.4, 16.2, 9.5],
			"rotation": {"angle": 0, "axis": "y", "origin": [7.95, 12.9, 9.75]},
			"faces": {
				"north": {"uv": [3.5, 3, 2, 4.5], "texture": "#0"},
				"east": {"uv": [2, 1.5, 3.5, 3], "texture": "#0"},
				"south": {"uv": [2, 3, 3.5, 4.5], "texture": "#0"},
				"west": {"uv": [3.5, 1.5, 2, 3], "texture": "#0"},
				"up": {"uv": [5, 3, 3.5, 1.5], "texture": "#0"},
				"down": {"uv": [5, 3, 3.5, 4.5], "texture": "#0"}
			}
		},
		{
			"from": [7, 13.6, 3.5],
			"to": [9, 15.8, 6.5],
			"rotation": {"angle": 0, "axis": "y", "origin": [7.95, 12.9, 9.75]},
			"faces": {
				"north": {"uv": [6, 0, 7, 1], "texture": "#0"},
				"east": {"uv": [2, 4.5, 3.5, 5.5], "texture": "#0"},
				"south": {"uv": [6, 1, 7, 2], "texture": "#0"},
				"west": {"uv": [3.5, 4.5, 2, 5.5], "texture": "#0"},
				"up": {"uv": [6, 1.5, 5, 0], "texture": "#0"},
				"down": {"uv": [6, 1.5, 5, 3], "texture": "#0"}
			}
		},
		{
			"from": [7.2, 15.26447, 2.36239],
			"to": [8.8, 17.06447, 4.36239],
			"rotation": {"angle": -22.5, "axis": "x", "origin": [7.95, 14.36447, 7.61239]},
			"faces": {
				"north": {"uv": [8, 8, 8.75, 9], "texture": "#0"},
				"east": {"uv": [6, 2, 7, 3], "texture": "#0"},
				"south": {"uv": [3, 8.5, 3.75, 9.5], "texture": "#0"},
				"west": {"uv": [7, 2, 6, 3], "texture": "#0"},
				"up": {"uv": [9.25, 4, 8.5, 3], "texture": "#0"},
				"down": {"uv": [4.75, 8.5, 4, 9.5], "texture": "#0"}
			}
		},
		{
			"from": [7, 15.06447, 0.36239],
			"to": [9, 17.26447, 2.36239],
			"rotation": {"angle": -22.5, "axis": "x", "origin": [7.95, 14.36447, 7.61239]},
			"faces": {
				"north": {"uv": [6, 6, 7, 7], "texture": "#0"},
				"east": {"uv": [8, 2, 7, 3], "texture": "#0"},
				"south": {"uv": [6.5, 3, 7.5, 4], "texture": "#0"},
				"west": {"uv": [7, 7, 6, 8], "texture": "#0"},
				"up": {"uv": [8, 6, 7, 7], "texture": "#0"},
				"down": {"uv": [8, 8, 7, 7], "texture": "#0"}
			}
		},
		{
			"from": [7.3, 12.49971, -1.54244],
			"to": [8.7, 13.89971, -0.04244],
			"rotation": {"angle": -45, "axis": "x", "origin": [7.3, 13.89971, -0.04244]},
			"faces": {
				"north": {"uv": [9, 8, 9.75, 8.75], "texture": "#0"},
				"east": {"uv": [0.75, 10, 0, 10.75], "texture": "#0"},
				"south": {"uv": [3, 9.5, 3.75, 10.25], "texture": "#0"},
				"west": {"uv": [1.75, 10, 1, 10.75], "texture": "#0"},
				"up": {"uv": [10.75, 1, 10, 1.75], "texture": "#0"},
				"down": {"uv": [2.75, 10.75, 2, 10], "texture": "#0"}
			}
		},
		{
			"from": [7.3, 12.49971, 16.04244],
			"to": [8.7, 13.89971, 17.54244],
			"rotation": {"angle": 45, "axis": "x", "origin": [7.3, 13.89971, 16.04244]},
			"faces": {
				"north": {"uv": [5, 9.5, 5.75, 10.25], "texture": "#0"},
				"east": {"uv": [0, 10, 0.75, 10.75], "texture": "#0"},
				"south": {"uv": [10, 0, 10.75, 0.75], "texture": "#0"},
				"west": {"uv": [1, 10, 1.75, 10.75], "texture": "#0"},
				"up": {"uv": [10.75, 1.75, 10, 1], "texture": "#0"},
				"down": {"uv": [2.75, 10, 2, 10.75], "texture": "#0"}
			}
		},
		{
			"from": [8, 11.89971, 17.54244],
			"to": [8, 13.89971, 19.54244],
			"rotation": {"angle": 45, "axis": "x", "origin": [7.3, 13.89971, 16.04244]},
			"faces": {
				"north": {"uv": [0, 0, 0, 1], "texture": "#0"},
				"east": {"uv": [7, 1, 8, 2], "texture": "#0"},
				"south": {"uv": [0, 0, 0, 1], "texture": "#0"},
				"west": {"uv": [8, 1, 7, 2], "texture": "#0"},
				"up": {"uv": [0, 1, 0, 0], "texture": "#0"},
				"down": {"uv": [0, 0, 0, 1], "texture": "#0"}
			}
		},
		{
			"from": [8, 11.89971, -3.54244],
			"to": [8, 13.89971, -1.54244],
			"rotation": {"angle": -45, "axis": "x", "origin": [7.3, 13.89971, -0.04244]},
			"faces": {
				"north": {"uv": [0, 0, 0, 1], "texture": "#0"},
				"east": {"uv": [8, 1, 7, 2], "texture": "#0"},
				"south": {"uv": [0, 0, 0, 1], "texture": "#0"},
				"west": {"uv": [7, 1, 8, 2], "texture": "#0"},
				"up": {"uv": [0, 1, 0, 0], "texture": "#0"},
				"down": {"uv": [0, 0, 0, 1], "texture": "#0"}
			}
		},
		{
			"from": [7, 15.06447, 13.63761],
			"to": [9, 17.26447, 15.63761],
			"rotation": {"angle": 22.5, "axis": "x", "origin": [7.95, 14.36447, 8.38761]},
			"faces": {
				"north": {"uv": [2, 7, 3, 8], "texture": "#0"},
				"east": {"uv": [7, 2, 8, 3], "texture": "#0"},
				"south": {"uv": [7, 5, 8, 6], "texture": "#0"},
				"west": {"uv": [6, 7, 7, 8], "texture": "#0"},
				"up": {"uv": [8, 7, 7, 6], "texture": "#0"},
				"down": {"uv": [8, 7, 7, 8], "texture": "#0"}
			}
		},
		{
			"from": [7.2, 15.26447, 11.63761],
			"to": [8.8, 17.06447, 13.63761],
			"rotation": {"angle": 22.5, "axis": "x", "origin": [7.95, 14.36447, 8.38761]},
			"faces": {
				"north": {"uv": [8.5, 4, 9.25, 5], "texture": "#0"},
				"east": {"uv": [7, 2, 6, 3], "texture": "#0"},
				"south": {"uv": [5, 8.5, 5.75, 9.5], "texture": "#0"},
				"west": {"uv": [7, 2, 6, 3], "texture": "#0"},
				"up": {"uv": [9.25, 3, 8.5, 4], "texture": "#0"},
				"down": {"uv": [4.75, 9.5, 4, 8.5], "texture": "#0"}
			}
		},
		{
			"from": [7, 13.6, 9.5],
			"to": [9, 15.8, 12.5],
			"rotation": {"angle": 0, "axis": "y", "origin": [7.95, 12.9, 6.25]},
			"faces": {
				"north": {"uv": [4, 7.5, 5, 8.5], "texture": "#0"},
				"east": {"uv": [3.5, 4.5, 2, 5.5], "texture": "#0"},
				"south": {"uv": [7.5, 4, 8.5, 5], "texture": "#0"},
				"west": {"uv": [2, 4.5, 3.5, 5.5], "texture": "#0"},
				"up": {"uv": [6, 0, 5, 1.5], "texture": "#0"},
				"down": {"uv": [6, 3, 5, 1.5], "texture": "#0"}
			}
		}
	],
	"display": {
		"thirdperson_righthand": {
			"translation": [0, 1, 1]
		},
		"thirdperson_lefthand": {
			"translation": [0, 1, 1]
		},
		"firstperson_righthand": {
			"translation": [0, 1.5, 0]
		},
		"firstperson_lefthand": {
			"translation": [0, 1.5, 0]
		},
		"ground": {
			"translation": [0, 5, 0]
		},
		"gui": {
			"rotation": [-90, 67.25, 90],
			"translation": [1, -0.5, 0],
			"scale": [0.8, 0.8, 0.8]
		},
		"fixed": {
			"rotation": [0, 90, 0],
			"translation": [0, -0.5, -0.25],
			"scale": [0.9, 0.9, 0.9]
		}
	},
	"groups": [
		{
			"name": "pickaxe",
			"origin": [8, 8, 8],
			"color": 0,
			"children": [0, 1, 2, 3, 4, 5, 6, 7, 8, 9, 10, 11, 12, 13, 14, 15, 16, 17, 18, 19, 20, 21, 22, 23, 24, 25, 26, 27, 28, 29, 30, 31, 32, 33, 34, 35, 36, 37, 38, 39, 40, 41, 42, 43, 44, 45, 46, 47, 48, 49, 50, 51, 52, 53, 54, 55]
		}
	]
}