{
	"credit": "Made with Blockbench",
	"texture_size": [32, 32],
	"textures": {
		"2": "default/kosa",
		"particle": "default/kosa"
	},
	"elements": [
		{
			"name": "base_handle",
			"from": [6.25, 22.5, 7.25],
			"to": [9.75, 25.5, 8.75],
			"rotation": {"angle": 0, "axis": "y", "origin": [8, 8, 8]},
			"faces": {
				"north": {"uv": [2, 0, 4, 1.5], "texture": "#2"},
				"east": {"uv": [7, 3, 8, 4.5], "texture": "#2"},
				"south": {"uv": [2, 1.5, 4, 3], "texture": "#2"},
				"west": {"uv": [4, 7, 5, 8.5], "texture": "#2"},
				"up": {"uv": [7, 4, 5, 3], "texture": "#2"},
				"down": {"uv": [7, 4, 5, 5], "texture": "#2"}
			}
		},
		{
			"name": "base_handle",
			"from": [7.5, 7.5, 7.5],
			"to": [8.5, 23, 8.5],
			"rotation": {"angle": 0, "axis": "y", "origin": [8, 8, 8]},
			"faces": {
				"north": {"uv": [0, 0, 0.5, 8], "texture": "#2"},
				"east": {"uv": [0.5, 0, 1, 8], "texture": "#2"},
				"south": {"uv": [1, 0, 1.5, 8], "texture": "#2"},
				"west": {"uv": [1.5, 0, 2, 8], "texture": "#2"},
				"up": {"uv": [10, 3, 9.5, 2.5], "texture": "#2"},
				"down": {"uv": [10, 5, 9.5, 5.5], "texture": "#2"}
			}
		},
		{
			"name": "base_handle",
			"from": [7.5, 3.75, 7.5],
			"to": [8.5, 7, 8.5],
			"rotation": {"angle": 0, "axis": "y", "origin": [8, 8, 8]},
			"faces": {
				"north": {"uv": [8, 3, 8.5, 4.5], "texture": "#2"},
				"east": {"uv": [5, 8, 5.5, 9.5], "texture": "#2"},
				"south": {"uv": [5.5, 8, 6, 9.5], "texture": "#2"},
				"west": {"uv": [6, 8, 6.5, 9.5], "texture": "#2"},
				"up": {"uv": [6.5, 10, 6, 9.5], "texture": "#2"},
				"down": {"uv": [7, 9.5, 6.5, 10], "texture": "#2"}
			}
		},
		{
			"name": "base_handle",
			"from": [9.75, 4.25, 7.9],
			"to": [9.85, 6.5, 8.1],
			"rotation": {"angle": 0, "axis": "y", "origin": [8, 8, 8]},
			"faces": {
				"north": {"uv": [8.5, 3, 9, 4], "texture": "#2"},
				"east": {"uv": [4, 8.5, 4.5, 9.5], "texture": "#2"},
				"south": {"uv": [4.5, 8.5, 5, 9.5], "texture": "#2"},
				"west": {"uv": [8.5, 6, 9, 7], "texture": "#2"},
				"up": {"uv": [7.5, 10, 7, 9.5], "texture": "#2"},
				"down": {"uv": [10, 7, 9.5, 7.5], "texture": "#2"}
			}
		},
		{
			"name": "base_handle",
			"from": [7.25, 25.5, 7.5],
			"to": [8.75, 26, 8.5],
			"rotation": {"angle": 0, "axis": "y", "origin": [8, 8, 8]},
			"faces": {
				"north": {"uv": [8.5, 4, 9.5, 4.5], "texture": "#2"},
				"east": {"uv": [7.5, 9.5, 8, 10], "texture": "#2"},
				"south": {"uv": [8.5, 7, 9.5, 7.5], "texture": "#2"},
				"west": {"uv": [9.5, 7.5, 10, 8], "texture": "#2"},
				"up": {"uv": [9, 9, 8, 8.5], "texture": "#2"},
				"down": {"uv": [10, 0, 9, 0.5], "texture": "#2"}
			}
		},
		{
			"name": "base_handle",
			"from": [7.25, 22, 7.5],
			"to": [8.75, 22.5, 8.5],
			"rotation": {"angle": 0, "axis": "y", "origin": [8, 8, 8]},
			"faces": {
				"north": {"uv": [0.5, 9, 1.5, 9.5], "texture": "#2"},
				"east": {"uv": [8, 9.5, 8.5, 10], "texture": "#2"},
				"south": {"uv": [9, 0.5, 10, 1], "texture": "#2"},
				"west": {"uv": [9.5, 8, 10, 8.5], "texture": "#2"},
				"up": {"uv": [10, 1.5, 9, 1], "texture": "#2"},
				"down": {"uv": [2.5, 9, 1.5, 9.5], "texture": "#2"}
			}
		},
		{
			"name": "base_handle",
			"from": [7.5, 26, 7.5],
			"to": [8.5, 26.5, 8.5],
			"rotation": {"angle": 0, "axis": "y", "origin": [8, 8, 8]},
			"faces": {
				"north": {"uv": [8.5, 9.5, 9, 10], "texture": "#2"},
				"east": {"uv": [9, 9.5, 9.5, 10], "texture": "#2"},
				"south": {"uv": [9.5, 9.5, 10, 10], "texture": "#2"},
				"west": {"uv": [0, 10, 0.5, 10.5], "texture": "#2"},
				"up": {"uv": [10.5, 0.5, 10, 0], "texture": "#2"},
				"down": {"uv": [1, 10, 0.5, 10.5], "texture": "#2"}
			}
		},
		{
			"name": "base_handle",
			"from": [7.25, 7, 7.25],
			"to": [8.75, 7.5, 8.75],
			"rotation": {"angle": 0, "axis": "y", "origin": [8, 8, 8]},
			"faces": {
				"north": {"uv": [2.5, 9, 3.5, 9.5], "texture": "#2"},
				"east": {"uv": [9, 3, 10, 3.5], "texture": "#2"},
				"south": {"uv": [9, 3.5, 10, 4], "texture": "#2"},
				"west": {"uv": [9, 5.5, 10, 6], "texture": "#2"},
				"up": {"uv": [8, 5.5, 7, 4.5], "texture": "#2"},
				"down": {"uv": [6, 7, 5, 8], "texture": "#2"}
			}
		},
		{
			"name": "base_handle",
			"from": [8.5, 6.5, 7.75],
			"to": [9.92, 7, 8.25],
			"rotation": {"angle": 0, "axis": "y", "origin": [8, 8, 8]},
			"faces": {
				"north": {"uv": [10, 0.5, 10.5, 1], "texture": "#2"},
				"east": {"uv": [1, 10, 1.5, 10.5], "texture": "#2"},
				"south": {"uv": [10, 1, 10.5, 1.5], "texture": "#2"},
				"west": {"uv": [1.5, 10, 2, 10.5], "texture": "#2"},
				"up": {"uv": [10.5, 2, 10, 1.5], "texture": "#2"},
				"down": {"uv": [2.5, 10, 2, 10.5], "texture": "#2"}
			}
		},
		{
			"name": "base_handle",
			"from": [8.5, 3.75, 7.75],
			"to": [9.92, 4.25, 8.25],
			"rotation": {"angle": 0, "axis": "y", "origin": [8, 8, 8]},
			"faces": {
				"north": {"uv": [10, 2.5, 10.5, 3], "texture": "#2"},
				"east": {"uv": [10, 3, 10.5, 3.5], "texture": "#2"},
				"south": {"uv": [3.5, 10, 4, 10.5], "texture": "#2"},
				"west": {"uv": [10, 3.5, 10.5, 4], "texture": "#2"},
				"up": {"uv": [10.5, 4.5, 10, 4], "texture": "#2"},
				"down": {"uv": [10.5, 4.5, 10, 5], "texture": "#2"}
			}
		},
		{
			"name": "base_handle",
			"from": [7.25, 7.5, 7.25],
			"to": [8.75, 8, 8.75],
			"rotation": {"angle": 0, "axis": "y", "origin": [8, 8, 8]},
			"faces": {
				"north": {"uv": [9, 6, 10, 6.5], "texture": "#2"},
				"east": {"uv": [9, 6.5, 10, 7], "texture": "#2"},
				"south": {"uv": [8, 9, 9, 9.5], "texture": "#2"},
				"west": {"uv": [9, 8.5, 10, 9], "texture": "#2"},
				"up": {"uv": [7, 8, 6, 7], "texture": "#2"},
				"down": {"uv": [8, 7, 7, 8], "texture": "#2"}
			}
		},
		{
			"name": "base_handle",
			"from": [7.25, 3.25, 7.25],
			"to": [8.75, 3.75, 8.75],
			"rotation": {"angle": 0, "axis": "y", "origin": [8, 8, 8]},
			"faces": {
				"north": {"uv": [9, 9, 10, 9.5], "texture": "#2"},
				"east": {"uv": [0.5, 9.5, 1.5, 10], "texture": "#2"},
				"south": {"uv": [1.5, 9.5, 2.5, 10], "texture": "#2"},
				"west": {"uv": [9.5, 2, 10.5, 2.5], "texture": "#2"},
				"up": {"uv": [8.5, 1, 7.5, 0], "texture": "#2"},
				"down": {"uv": [8.5, 1, 7.5, 2], "texture": "#2"}
			}
		},
		{
			"name": "base_handle",
			"from": [-0.44469, 23.01508, 7.5],
			"to": [3.05531, 24.76508, 8.5],
			"rotation": {"angle": 22.5, "axis": "z", "origin": [1.05531, 24.36508, 7.625]},
			"faces": {
				"north": {"uv": [5, 5, 7, 6], "texture": "#2"},
				"east": {"uv": [3.5, 9, 4, 10], "texture": "#2"},
				"south": {"uv": [5.5, 0, 7.5, 1], "texture": "#2"},
				"west": {"uv": [2.5, 9.5, 3, 10.5], "texture": "#2"},
				"up": {"uv": [9, 6, 7, 5.5], "texture": "#2"},
				"down": {"uv": [9.5, 2, 7.5, 2.5], "texture": "#2"}
			}
		},
		{
			"name": "base_handle",
			"from": [-3.81936, 23.66416, 7.5],
			"to": [-0.31936, 25.26416, 8.5],
			"rotation": {"angle": 45, "axis": "z", "origin": [0.93064, 24.51416, 7.625]},
			"faces": {
				"north": {"uv": [5.5, 1, 7.5, 2], "texture": "#2"},
				"east": {"uv": [3, 9.5, 3.5, 10.5], "texture": "#2"},
				"south": {"uv": [5.5, 2, 7.5, 3], "texture": "#2"},
				"west": {"uv": [4, 9.5, 4.5, 10.5], "texture": "#2"},
				"up": {"uv": [9.5, 3, 7.5, 2.5], "texture": "#2"},
				"down": {"uv": [2, 8, 0, 8.5], "texture": "#2"}
			}
		},
		{
			"name": "base_handle",
			"from": [-1.59899, 19.02021, 7.75],
			"to": [-0.49899, 20.52021, 8.25],
			"rotation": {"angle": -22.5, "axis": "z", "origin": [0.65101, 24.52021, 7.375]},
			"faces": {
				"north": {"uv": [9.5, 4, 10, 5], "texture": "#2"},
				"east": {"uv": [4.5, 9.5, 5, 10.5], "texture": "#2"},
				"south": {"uv": [5, 9.5, 5.5, 10.5], "texture": "#2"},
				"west": {"uv": [5.5, 9.5, 6, 10.5], "texture": "#2"},
				"up": {"uv": [10.5, 5.5, 10, 5], "texture": "#2"},
				"down": {"uv": [10.5, 5.5, 10, 6], "texture": "#2"}
			}
		},
		{
			"name": "base_handle",
			"from": [-1.32996, 18.61589, 7.75],
			"to": [-0.72996, 19.11589, 8.25],
			"rotation": {"angle": -22.5, "axis": "z", "origin": [0.42004, 24.61589, 7.375]},
			"faces": {
				"north": {"uv": [6, 10, 6.5, 10.5], "texture": "#2"},
				"east": {"uv": [10, 6, 10.5, 6.5], "texture": "#2"},
				"south": {"uv": [6.5, 10, 7, 10.5], "texture": "#2"},
				"west": {"uv": [10, 6.5, 10.5, 7], "texture": "#2"},
				"up": {"uv": [7.5, 10.5, 7, 10], "texture": "#2"},
				"down": {"uv": [10.5, 7, 10, 7.5], "texture": "#2"}
			}
		},
		{
			"name": "base_handle",
			"from": [2.75, 23.5, 7.25],
			"to": [6.25, 25.5, 8.75],
			"rotation": {"angle": 0, "axis": "y", "origin": [5.42179, 24.88635, 8]},
			"faces": {
				"north": {"uv": [2, 6, 4, 7], "texture": "#2"},
				"east": {"uv": [2, 8, 3, 9], "texture": "#2"},
				"south": {"uv": [4, 6, 6, 7], "texture": "#2"},
				"west": {"uv": [3, 8, 4, 9], "texture": "#2"},
				"up": {"uv": [8, 7, 6, 6], "texture": "#2"},
				"down": {"uv": [4, 7, 2, 8], "texture": "#2"}
			}
		},
		{
			"name": "base_handle",
			"from": [6, 20, 7.5],
			"to": [9, 23, 8.5],
			"rotation": {"angle": 45, "axis": "z", "origin": [5.42179, 24.88635, 8]},
			"faces": {
				"north": {"uv": [2, 3, 3.5, 4.5], "texture": "#2"},
				"east": {"uv": [8, 6, 8.5, 7.5], "texture": "#2"},
				"south": {"uv": [3.5, 3, 5, 4.5], "texture": "#2"},
				"west": {"uv": [6.5, 8, 7, 9.5], "texture": "#2"},
				"up": {"uv": [9.5, 5, 8, 4.5], "texture": "#2"},
				"down": {"uv": [9.5, 5, 8, 5.5], "texture": "#2"}
			}
		},
		{
			"from": [6.5, 22.75, 7],
			"to": [9.5, 25.25, 7.25],
			"faces": {
				"north": {"uv": [4, 0, 5.5, 1.5], "texture": "#2"},
				"east": {"uv": [7, 8, 7.5, 9.5], "texture": "#2"},
				"south": {"uv": [4, 1.5, 5.5, 3], "texture": "#2"},
				"west": {"uv": [7.5, 8, 8, 9.5], "texture": "#2"},
				"up": {"uv": [9.5, 8, 8, 7.5], "texture": "#2"},
				"down": {"uv": [9.5, 8, 8, 8.5], "texture": "#2"}
			}
		},
		{
			"from": [6.5, 22.75, 8.75],
			"to": [9.5, 25.25, 9],
			"faces": {
				"north": {"uv": [2, 4.5, 3.5, 6], "texture": "#2"},
				"east": {"uv": [0, 8.5, 0.5, 10], "texture": "#2"},
				"south": {"uv": [3.5, 4.5, 5, 6], "texture": "#2"},
				"west": {"uv": [8.5, 0, 9, 1.5], "texture": "#2"},
				"up": {"uv": [2, 9, 0.5, 8.5], "texture": "#2"},
				"down": {"uv": [10, 1.5, 8.5, 2], "texture": "#2"}
			}
		}
	],
	"display": {
		"thirdperson_righthand": {
			"rotation": [0, -90, 0],
			"translation": [0.5, 1, -0.5],
			"scale": [1, 1.01102, 1]
		},
		"thirdperson_lefthand": {
			"rotation": [0, 90, 0],
			"translation": [0, 1, -0.5],
			"scale": [1, 1.01102, 1]
		},
		"firstperson_righthand": {
			"rotation": [-23.5, -90, 0],
			"scale": [1, 1.27734, 1]
		},
		"firstperson_lefthand": {
			"rotation": [13.39, 71.2, -38.94],
			"scale": [1, 1.27734, 1]
		},
		"gui": {
			"rotation": [0, 0, 35],
			"translation": [4.5, -4, 0],
			"scale": [0.7, 0.7, 0.71]
		},
		"head": {
			"rotation": [0, -78.75, 0]
		},
		"fixed": {
			"rotation": [-8.75, 8.34, 46.63],
			"translation": [6, -3, -2.75],
			"scale": [0.80859, 1, 1]
		}
	},
	"groups": [
		{
			"name": "base_handle",
			"origin": [8, 8, 8],
			"color": 0,
			"children": [0, 1, 2, 3, 4, 5, 6, 7, 8, 9, 10, 11]
		},
		{
			"name": "pick",
			"origin": [8, 8, 8],
			"color": 0,
			"children": []
		},
		12,
		13,
		14,
		15,
		16,
		17,
		18,
		19
	]
}