{
	"credit": "Made with Blockbench",
	"texture_size": [32, 32],
	"textures": {
		"1": "default/krumpac",
		"particle": "default/krumpac"
	},
	"elements": [
		{
			"name": "base_handle",
			"from": [6.25, 16.25, 7.25],
			"to": [9.75, 18.5, 8.75],
			"rotation": {"angle": 0, "axis": "y", "origin": [8, 8, 8]},
			"faces": {
				"north": {"uv": [0, 0, 2, 1], "texture": "#1"},
				"east": {"uv": [1, 3, 2, 4], "texture": "#1"},
				"south": {"uv": [0, 1, 2, 2], "texture": "#1"},
				"west": {"uv": [1, 4, 2, 5], "texture": "#1"},
				"up": {"uv": [2, 3, 0, 2], "texture": "#1"},
				"down": {"uv": [4, 0, 2, 1], "texture": "#1"}
			}
		},
		{
			"name": "base_handle",
			"from": [7.5, 7.5, 7.5],
			"to": [8.5, 15.75, 8.5],
			"rotation": {"angle": 0, "axis": "y", "origin": [8, 8, 8]},
			"faces": {
				"north": {"uv": [2, 1, 2.5, 5], "texture": "#1"},
				"east": {"uv": [2.5, 1, 3, 5], "texture": "#1"},
				"south": {"uv": [0, 3, 0.5, 7], "texture": "#1"},
				"west": {"uv": [0.5, 3, 1, 7], "texture": "#1"},
				"up": {"uv": [6, 8, 5.5, 7.5], "texture": "#1"},
				"down": {"uv": [0.5, 10, 0, 10.5], "texture": "#1"}
			}
		},
		{
			"name": "base_handle",
			"from": [7.5, 3.75, 7.5],
			"to": [8.5, 7, 8.5],
			"rotation": {"angle": 0, "axis": "y", "origin": [8, 8, 8]},
			"faces": {
				"north": {"uv": [2, 7.5, 2.5, 9], "texture": "#1"},
				"east": {"uv": [2.5, 7.5, 3, 9], "texture": "#1"},
				"south": {"uv": [3, 7.5, 3.5, 9], "texture": "#1"},
				"west": {"uv": [3.5, 7.5, 4, 9], "texture": "#1"},
				"up": {"uv": [10.5, 0.5, 10, 0], "texture": "#1"},
				"down": {"uv": [1, 10, 0.5, 10.5], "texture": "#1"}
			}
		},
		{
			"name": "base_handle",
			"from": [9.5, 4.25, 7.9],
			"to": [9.7, 6.5, 8.1],
			"rotation": {"angle": 0, "axis": "y", "origin": [8, 8, 8]},
			"faces": {
				"north": {"uv": [6.5, 8.5, 7, 9.5], "texture": "#1"},
				"east": {"uv": [7, 8.5, 7.5, 9.5], "texture": "#1"},
				"south": {"uv": [7.5, 8.5, 8, 9.5], "texture": "#1"},
				"west": {"uv": [8, 8.5, 8.5, 9.5], "texture": "#1"},
				"up": {"uv": [10.5, 1, 10, 0.5], "texture": "#1"},
				"down": {"uv": [1.5, 10, 1, 10.5], "texture": "#1"}
			}
		},
		{
			"name": "base_handle",
			"from": [13.25, 20, 7.9],
			"to": [16.25, 20.2, 8.1],
			"rotation": {"angle": 0, "axis": "z", "origin": [8, 8, 8]},
			"faces": {
				"north": {"uv": [7, 5.5, 8.5, 6], "texture": "#1"},
				"east": {"uv": [10, 1, 10.5, 1.5], "texture": "#1"},
				"south": {"uv": [4, 7.5, 5.5, 8], "texture": "#1"},
				"west": {"uv": [1.5, 10, 2, 10.5], "texture": "#1"},
				"up": {"uv": [9, 6.5, 7.5, 6], "texture": "#1"},
				"down": {"uv": [9, 6.5, 7.5, 7], "texture": "#1"}
			}
		},
		{
			"name": "base_handle",
			"from": [-0.25, 20, 7.9],
			"to": [2.75, 20.2, 8.1],
			"rotation": {"angle": 0, "axis": "z", "origin": [8, 8, 8]},
			"faces": {
				"north": {"uv": [4, 8, 5.5, 8.5], "texture": "#1"},
				"east": {"uv": [10, 1.5, 10.5, 2], "texture": "#1"},
				"south": {"uv": [8, 4.5, 9.5, 5], "texture": "#1"},
				"west": {"uv": [2, 10, 2.5, 10.5], "texture": "#1"},
				"up": {"uv": [9.5, 5.5, 8, 5], "texture": "#1"},
				"down": {"uv": [7, 8, 5.5, 8.5], "texture": "#1"}
			}
		},
		{
			"name": "base_handle",
			"from": [20.04394, 15.37109, 7.9],
			"to": [20.24394, 16.12109, 8.1],
			"rotation": {"angle": 22.5, "axis": "z", "origin": [7.99394, 8.12109, 8]},
			"faces": {
				"north": {"uv": [10, 2, 10.5, 2.5], "texture": "#1"},
				"east": {"uv": [2.5, 10, 3, 10.5], "texture": "#1"},
				"south": {"uv": [10, 2.5, 10.5, 3], "texture": "#1"},
				"west": {"uv": [3, 10, 3.5, 10.5], "texture": "#1"},
				"up": {"uv": [10.5, 3.5, 10, 3], "texture": "#1"},
				"down": {"uv": [4, 10, 3.5, 10.5], "texture": "#1"}
			}
		},
		{
			"name": "base_handle",
			"from": [7.60153, 20.55427, 7.9],
			"to": [7.80153, 21.30427, 8.1],
			"rotation": {"angle": 22.5, "axis": "z", "origin": [8.05153, 8.05427, 8]},
			"faces": {
				"north": {"uv": [10, 3.5, 10.5, 4], "texture": "#1"},
				"east": {"uv": [4, 10, 4.5, 10.5], "texture": "#1"},
				"south": {"uv": [10, 4, 10.5, 4.5], "texture": "#1"},
				"west": {"uv": [4.5, 10, 5, 10.5], "texture": "#1"},
				"up": {"uv": [5.5, 10.5, 5, 10], "texture": "#1"},
				"down": {"uv": [10.5, 5, 10, 5.5], "texture": "#1"}
			}
		},
		{
			"name": "base_handle",
			"from": [10.19026, 22.06764, 7.9],
			"to": [10.39026, 22.81764, 8.1],
			"rotation": {"angle": -22.5, "axis": "z", "origin": [5.14026, 13.81764, 8]},
			"faces": {
				"north": {"uv": [5.5, 10, 6, 10.5], "texture": "#1"},
				"east": {"uv": [10, 5.5, 10.5, 6], "texture": "#1"},
				"south": {"uv": [6, 10, 6.5, 10.5], "texture": "#1"},
				"west": {"uv": [10, 6, 10.5, 6.5], "texture": "#1"},
				"up": {"uv": [10.5, 7, 10, 6.5], "texture": "#1"},
				"down": {"uv": [8, 10, 7.5, 10.5], "texture": "#1"}
			}
		},
		{
			"name": "base_handle",
			"from": [-3.07514, 17.24707, 7.9],
			"to": [-2.87514, 17.99707, 8.1],
			"rotation": {"angle": -22.5, "axis": "z", "origin": [3.87486, 11.99707, 8]},
			"faces": {
				"north": {"uv": [8, 10, 8.5, 10.5], "texture": "#1"},
				"east": {"uv": [8.5, 10, 9, 10.5], "texture": "#1"},
				"south": {"uv": [9, 10, 9.5, 10.5], "texture": "#1"},
				"west": {"uv": [9.5, 10, 10, 10.5], "texture": "#1"},
				"up": {"uv": [10.5, 10.5, 10, 10], "texture": "#1"},
				"down": {"uv": [0.5, 10.5, 0, 11], "texture": "#1"}
			}
		},
		{
			"name": "base_handle",
			"from": [7.25, 18.5, 7.5],
			"to": [8.75, 19, 8.5],
			"rotation": {"angle": 0, "axis": "y", "origin": [8, 8, 8]},
			"faces": {
				"north": {"uv": [8.5, 5.5, 9.5, 6], "texture": "#1"},
				"east": {"uv": [10.5, 0, 11, 0.5], "texture": "#1"},
				"south": {"uv": [8.5, 8, 9.5, 8.5], "texture": "#1"},
				"west": {"uv": [0.5, 10.5, 1, 11], "texture": "#1"},
				"up": {"uv": [9.5, 9, 8.5, 8.5], "texture": "#1"},
				"down": {"uv": [1, 9, 0, 9.5], "texture": "#1"}
			}
		},
		{
			"name": "base_handle",
			"from": [7.25, 15.75, 7.5],
			"to": [8.75, 16.25, 8.5],
			"rotation": {"angle": 0, "axis": "y", "origin": [8, 8, 8]},
			"faces": {
				"north": {"uv": [9, 0, 10, 0.5], "texture": "#1"},
				"east": {"uv": [10.5, 0.5, 11, 1], "texture": "#1"},
				"south": {"uv": [9, 0.5, 10, 1], "texture": "#1"},
				"west": {"uv": [1, 10.5, 1.5, 11], "texture": "#1"},
				"up": {"uv": [3, 9.5, 2, 9], "texture": "#1"},
				"down": {"uv": [10, 2, 9, 2.5], "texture": "#1"}
			}
		},
		{
			"name": "base_handle",
			"from": [7.5, 19, 7.5],
			"to": [8.5, 19.5, 8.5],
			"rotation": {"angle": 0, "axis": "y", "origin": [8, 8, 8]},
			"faces": {
				"north": {"uv": [10.5, 1, 11, 1.5], "texture": "#1"},
				"east": {"uv": [1.5, 10.5, 2, 11], "texture": "#1"},
				"south": {"uv": [10.5, 1.5, 11, 2], "texture": "#1"},
				"west": {"uv": [2, 10.5, 2.5, 11], "texture": "#1"},
				"up": {"uv": [11, 2.5, 10.5, 2], "texture": "#1"},
				"down": {"uv": [3, 10.5, 2.5, 11], "texture": "#1"}
			}
		},
		{
			"name": "base_handle",
			"from": [7.25, 7, 7.25],
			"to": [8.75, 7.5, 8.75],
			"rotation": {"angle": 0, "axis": "y", "origin": [8, 8, 8]},
			"faces": {
				"north": {"uv": [9, 2.5, 10, 3], "texture": "#1"},
				"east": {"uv": [3, 9, 4, 9.5], "texture": "#1"},
				"south": {"uv": [9, 3, 10, 3.5], "texture": "#1"},
				"west": {"uv": [9, 3.5, 10, 4], "texture": "#1"},
				"up": {"uv": [7, 3, 6, 2], "texture": "#1"},
				"down": {"uv": [3.5, 6, 2.5, 7], "texture": "#1"}
			}
		},
		{
			"name": "base_handle",
			"from": [8.5, 6.5, 7.75],
			"to": [9.92, 7, 8.25],
			"rotation": {"angle": 0, "axis": "y", "origin": [8, 8, 8]},
			"faces": {
				"north": {"uv": [10.5, 2.5, 11, 3], "texture": "#1"},
				"east": {"uv": [3, 10.5, 3.5, 11], "texture": "#1"},
				"south": {"uv": [10.5, 3, 11, 3.5], "texture": "#1"},
				"west": {"uv": [3.5, 10.5, 4, 11], "texture": "#1"},
				"up": {"uv": [11, 4, 10.5, 3.5], "texture": "#1"},
				"down": {"uv": [4.5, 10.5, 4, 11], "texture": "#1"}
			}
		},
		{
			"name": "base_handle",
			"from": [8.5, 3.75, 7.75],
			"to": [9.92, 4.25, 8.25],
			"rotation": {"angle": 0, "axis": "y", "origin": [8, 8, 8]},
			"faces": {
				"north": {"uv": [10.5, 4, 11, 4.5], "texture": "#1"},
				"east": {"uv": [4.5, 10.5, 5, 11], "texture": "#1"},
				"south": {"uv": [10.5, 4.5, 11, 5], "texture": "#1"},
				"west": {"uv": [5, 10.5, 5.5, 11], "texture": "#1"},
				"up": {"uv": [11, 5.5, 10.5, 5], "texture": "#1"},
				"down": {"uv": [6, 10.5, 5.5, 11], "texture": "#1"}
			}
		},
		{
			"name": "base_handle",
			"from": [7.25, 7.5, 7.25],
			"to": [8.75, 8, 8.75],
			"rotation": {"angle": 0, "axis": "y", "origin": [8, 8, 8]},
			"faces": {
				"north": {"uv": [9, 4, 10, 4.5], "texture": "#1"},
				"east": {"uv": [9, 6, 10, 6.5], "texture": "#1"},
				"south": {"uv": [9, 6.5, 10, 7], "texture": "#1"},
				"west": {"uv": [8.5, 9, 9.5, 9.5], "texture": "#1"},
				"up": {"uv": [7, 4, 6, 3], "texture": "#1"},
				"down": {"uv": [4.5, 6, 3.5, 7], "texture": "#1"}
			}
		},
		{
			"name": "base_handle",
			"from": [7.25, 3.25, 7.25],
			"to": [8.75, 3.75, 8.75],
			"rotation": {"angle": 0, "axis": "y", "origin": [8, 8, 8]},
			"faces": {
				"north": {"uv": [0, 9.5, 1, 10], "texture": "#1"},
				"east": {"uv": [2, 9.5, 3, 10], "texture": "#1"},
				"south": {"uv": [3, 9.5, 4, 10], "texture": "#1"},
				"west": {"uv": [9.5, 4.5, 10.5, 5], "texture": "#1"},
				"up": {"uv": [7, 5, 6, 4], "texture": "#1"},
				"down": {"uv": [5.5, 6, 4.5, 7], "texture": "#1"}
			}
		},
		{
			"name": "base_handle",
			"from": [2.13873, 19.54914, 7.5],
			"to": [4.88873, 21.29914, 8.5],
			"rotation": {"angle": -45, "axis": "z", "origin": [0.63873, 19.39914, 8.125]},
			"faces": {
				"north": {"uv": [3, 1, 4.5, 2], "texture": "#1"},
				"east": {"uv": [1, 9, 1.5, 10], "texture": "#1"},
				"south": {"uv": [3, 2, 4.5, 3], "texture": "#1"},
				"west": {"uv": [9.5, 5, 10, 6], "texture": "#1"},
				"up": {"uv": [8.5, 8.5, 7, 8], "texture": "#1"},
				"down": {"uv": [9.5, 7, 8, 7.5], "texture": "#1"}
			}
		},
		{
			"name": "base_handle",
			"from": [8.15847, 8.17782, 7.5],
			"to": [10.90847, 9.92782, 8.5],
			"rotation": {"angle": 45, "axis": "z", "origin": [0.15847, 17.27782, 8.125]},
			"faces": {
				"north": {"uv": [3, 3, 4.5, 4], "texture": "#1"},
				"east": {"uv": [6.5, 9.5, 7, 10.5], "texture": "#1"},
				"south": {"uv": [4, 0, 5.5, 1], "texture": "#1"},
				"west": {"uv": [7, 9.5, 7.5, 10.5], "texture": "#1"},
				"up": {"uv": [9.5, 8, 8, 7.5], "texture": "#1"},
				"down": {"uv": [1.5, 8.5, 0, 9], "texture": "#1"}
			}
		},
		{
			"name": "base_handle",
			"from": [12.95711, 18.83198, 7.5],
			"to": [16.70711, 19.68198, 8.5],
			"rotation": {"angle": 0, "axis": "z", "origin": [-0.54289, 17.68198, 8.125]},
			"faces": {
				"north": {"uv": [5.5, 6, 7.5, 6.5], "texture": "#1"},
				"east": {"uv": [10.5, 5.5, 11, 6], "texture": "#1"},
				"south": {"uv": [5.5, 6.5, 7.5, 7], "texture": "#1"},
				"west": {"uv": [6, 10.5, 6.5, 11], "texture": "#1"},
				"up": {"uv": [2, 7.5, 0, 7], "texture": "#1"},
				"down": {"uv": [9, 0, 7, 0.5], "texture": "#1"}
			}
		},
		{
			"name": "base_handle",
			"from": [-0.70711, 18.83198, 7.5],
			"to": [3.04289, 19.68198, 8.5],
			"rotation": {"angle": 0, "axis": "z", "origin": [0.29289, 17.68198, 8.125]},
			"faces": {
				"north": {"uv": [7, 0.5, 9, 1], "texture": "#1"},
				"east": {"uv": [10.5, 6, 11, 6.5], "texture": "#1"},
				"south": {"uv": [2, 7, 4, 7.5], "texture": "#1"},
				"west": {"uv": [6.5, 10.5, 7, 11], "texture": "#1"},
				"up": {"uv": [9, 2.5, 7, 2], "texture": "#1"},
				"down": {"uv": [9, 2.5, 7, 3], "texture": "#1"}
			}
		},
		{
			"name": "base_handle",
			"from": [18.29236, 29.10911, 7.75],
			"to": [20.04236, 30.20911, 8.25],
			"rotation": {"angle": -45, "axis": "z", "origin": [4.79236, 26.85911, 7.625]},
			"faces": {
				"north": {"uv": [9.5, 7, 10.5, 7.5], "texture": "#1"},
				"east": {"uv": [10.5, 6.5, 11, 7], "texture": "#1"},
				"south": {"uv": [7.5, 9.5, 8.5, 10], "texture": "#1"},
				"west": {"uv": [7, 10.5, 7.5, 11], "texture": "#1"},
				"up": {"uv": [10.5, 8, 9.5, 7.5], "texture": "#1"},
				"down": {"uv": [10.5, 8, 9.5, 8.5], "texture": "#1"}
			}
		},
		{
			"name": "base_handle",
			"from": [-6.77244, 25.7001, 7.75],
			"to": [-5.02244, 26.8001, 8.25],
			"rotation": {"angle": 45, "axis": "z", "origin": [5.72756, 28.4501, 7.875]},
			"faces": {
				"north": {"uv": [8.5, 9.5, 9.5, 10], "texture": "#1"},
				"east": {"uv": [10.5, 7, 11, 7.5], "texture": "#1"},
				"south": {"uv": [9.5, 8.5, 10.5, 9], "texture": "#1"},
				"west": {"uv": [7.5, 10.5, 8, 11], "texture": "#1"},
				"up": {"uv": [10.5, 9.5, 9.5, 9], "texture": "#1"},
				"down": {"uv": [10.5, 9.5, 9.5, 10], "texture": "#1"}
			}
		},
		{
			"name": "base_handle",
			"from": [8.534, 20.06383, 7.75],
			"to": [12.534, 20.16383, 8.25],
			"rotation": {"angle": -45, "axis": "z", "origin": [6.284, 24.31383, 7.625], "rescale": true},
			"faces": {
				"north": {"uv": [7, 3, 9, 3.5], "texture": "#1"},
				"east": {"uv": [10.5, 7.5, 11, 8], "texture": "#1"},
				"south": {"uv": [7, 3.5, 9, 4], "texture": "#1"},
				"west": {"uv": [8, 10.5, 8.5, 11], "texture": "#1"},
				"up": {"uv": [6, 7.5, 4, 7], "texture": "#1"},
				"down": {"uv": [9, 4, 7, 4.5], "texture": "#1"}
			}
		},
		{
			"name": "base_handle",
			"from": [12.184, 20.31383, 7.75],
			"to": [12.284, 22.81383, 8.25],
			"rotation": {"angle": -45, "axis": "z", "origin": [6.284, 24.31383, 7.625], "rescale": true},
			"faces": {
				"north": {"uv": [1.5, 8.5, 2, 10], "texture": "#1"},
				"east": {"uv": [4, 8.5, 4.5, 10], "texture": "#1"},
				"south": {"uv": [4.5, 8.5, 5, 10], "texture": "#1"},
				"west": {"uv": [5, 8.5, 5.5, 10], "texture": "#1"},
				"up": {"uv": [11, 8.5, 10.5, 8], "texture": "#1"},
				"down": {"uv": [9, 10.5, 8.5, 11], "texture": "#1"}
			}
		},
		{
			"name": "base_handle",
			"from": [3.75, 16.5, 7.25],
			"to": [6.25, 18.5, 8.75],
			"rotation": {"angle": 0, "axis": "z", "origin": [5.42179, 17.88635, 8]},
			"faces": {
				"north": {"uv": [3, 4, 4.5, 5], "texture": "#1"},
				"east": {"uv": [7, 4.5, 8, 5.5], "texture": "#1"},
				"south": {"uv": [4.5, 1, 6, 2], "texture": "#1"},
				"west": {"uv": [6, 7, 7, 8], "texture": "#1"},
				"up": {"uv": [6, 3, 4.5, 2], "texture": "#1"},
				"down": {"uv": [6, 3, 4.5, 4], "texture": "#1"}
			}
		},
		{
			"name": "base_handle",
			"from": [9.75, 16.5, 7.25],
			"to": [12.25, 18.5, 8.75],
			"rotation": {"angle": 0, "axis": "z", "origin": [5.42179, 17.88635, 8]},
			"faces": {
				"north": {"uv": [4.5, 4, 6, 5], "texture": "#1"},
				"east": {"uv": [7, 7, 8, 8], "texture": "#1"},
				"south": {"uv": [1, 5, 2.5, 6], "texture": "#1"},
				"west": {"uv": [0, 7.5, 1, 8.5], "texture": "#1"},
				"up": {"uv": [4, 6, 2.5, 5], "texture": "#1"},
				"down": {"uv": [5.5, 5, 4, 6], "texture": "#1"}
			}
		},
		{
			"from": [17.5, 8.75, 6.75],
			"to": [18.6, 9.85, 9.25],
			"rotation": {"angle": 45, "axis": "z", "origin": [3.2, 1.25, 0]},
			"faces": {
				"north": {"uv": [10.5, 8.5, 11, 9], "texture": "#1"},
				"east": {"uv": [8.5, 1, 10, 1.5], "texture": "#1"},
				"south": {"uv": [9, 10.5, 9.5, 11], "texture": "#1"},
				"west": {"uv": [8.5, 1.5, 10, 2], "texture": "#1"},
				"up": {"uv": [6, 10, 5.5, 8.5], "texture": "#1"},
				"down": {"uv": [6.5, 8.5, 6, 10], "texture": "#1"}
			}
		},
		{
			"from": [23.17581, 5.76185, 7.5],
			"to": [24.02581, 6.61185, 8.5],
			"rotation": {"angle": 45, "axis": "z", "origin": [3.37581, 1.26185, -1.5]},
			"faces": {
				"north": {"uv": [10.5, 9, 11, 9.5], "texture": "#1"},
				"east": {"uv": [9.5, 10.5, 10, 11], "texture": "#1"},
				"south": {"uv": [10.5, 9.5, 11, 10], "texture": "#1"},
				"west": {"uv": [10, 10.5, 10.5, 11], "texture": "#1"},
				"up": {"uv": [11, 10.5, 10.5, 10], "texture": "#1"},
				"down": {"uv": [11, 10.5, 10.5, 11], "texture": "#1"}
			}
		},
		{
			"from": [17.16673, 17.66673, 7.75],
			"to": [17.94673, 18.44673, 8.25],
			"rotation": {"angle": 0, "axis": "z", "origin": [2.11673, 1.66673, -1.25]},
			"faces": {
				"north": {"uv": [0, 11, 0.5, 11.5], "texture": "#1"},
				"east": {"uv": [11, 0, 11.5, 0.5], "texture": "#1"},
				"south": {"uv": [0.5, 11, 1, 11.5], "texture": "#1"},
				"west": {"uv": [11, 0.5, 11.5, 1], "texture": "#1"},
				"up": {"uv": [1.5, 11.5, 1, 11], "texture": "#1"},
				"down": {"uv": [11.5, 1, 11, 1.5], "texture": "#1"}
			}
		},
		{
			"from": [14.42581, 14.26185, 7.5],
			"to": [15.27581, 15.11185, 8.5],
			"rotation": {"angle": 45, "axis": "z", "origin": [3.37581, 1.26185, -1.5]},
			"faces": {
				"north": {"uv": [1.5, 11, 2, 11.5], "texture": "#1"},
				"east": {"uv": [11, 1.5, 11.5, 2], "texture": "#1"},
				"south": {"uv": [2, 11, 2.5, 11.5], "texture": "#1"},
				"west": {"uv": [11, 2, 11.5, 2.5], "texture": "#1"},
				"up": {"uv": [3, 11.5, 2.5, 11], "texture": "#1"},
				"down": {"uv": [11.5, 2.5, 11, 3], "texture": "#1"}
			}
		},
		{
			"from": [-1.94454, 17.66454, 7.75],
			"to": [-1.16454, 18.44454, 8.25],
			"rotation": {"angle": 0, "axis": "z", "origin": [2.00546, 1.66454, -1]},
			"faces": {
				"north": {"uv": [3, 11, 3.5, 11.5], "texture": "#1"},
				"east": {"uv": [11, 3, 11.5, 3.5], "texture": "#1"},
				"south": {"uv": [3.5, 11, 4, 11.5], "texture": "#1"},
				"west": {"uv": [11, 3.5, 11.5, 4], "texture": "#1"},
				"up": {"uv": [4.5, 11.5, 4, 11], "texture": "#1"},
				"down": {"uv": [11.5, 4, 11, 4.5], "texture": "#1"}
			}
		},
		{
			"from": [6.5, 16.5, 7],
			"to": [9.5, 18.4, 9],
			"faces": {
				"north": {"uv": [5.5, 0, 7, 1], "texture": "#1"},
				"east": {"uv": [1, 7.5, 2, 8.5], "texture": "#1"},
				"south": {"uv": [5.5, 5, 7, 6], "texture": "#1"},
				"west": {"uv": [7.5, 1, 8.5, 2], "texture": "#1"},
				"up": {"uv": [2.5, 7, 1, 6], "texture": "#1"},
				"down": {"uv": [7.5, 1, 6, 2], "texture": "#1"}
			}
		}
	],
	"display": {
		"thirdperson_righthand": {
			"rotation": [0, 90, 0],
			"translation": [0, 1, 1]
		},
		"thirdperson_lefthand": {
			"rotation": [-145.57, -82.57, -147.68],
			"translation": [0, 1, 1]
		},
		"firstperson_righthand": {
			"rotation": [161.22, -78.65, 173.44]
		},
		"firstperson_lefthand": {
			"rotation": [0, 71.5, 0]
		},
		"gui": {
			"translation": [0, -3.25, 0],
			"scale": [0.74414, 0.87305, 1]
		}
	},
	"groups": [
		{
			"name": "base_handle",
			"origin": [8, 8, 8],
			"color": 0,
			"children": [0, 1, 2, 3, 4, 5, 6, 7, 8, 9, 10, 11, 12, 13, 14, 15, 16, 17]
		},
		{
			"name": "pick",
			"origin": [8, 8, 8],
			"color": 0,
			"children": [18, 19, 20, 21, 22, 23, 24, 25, 26, 27, 28, 29, 30, 31, 32, 33]
		}
	]
}