{
	"credit": "Made with Blockbench",
	"parent": "leaf_pickaxe",
	"texture_size": [32, 32],
	"textures": {
		"0": "default/leaf_pickaxe_texture",
		"particle": "default/leaf_pickaxe_texture"
	},
	"elements": [
		{
			"from": [7.3, 9.6, 7.35],
			"to": [8.7, 13.6, 8.75],
			"rotation": {"angle": 0, "axis": "y", "origin": [7.95, 0, 8]},
			"faces": {
				"north": {"uv": [6, 7.5, 6.75, 9.5], "texture": "#0"},
				"east": {"uv": [7, 7.5, 7.75, 9.5], "texture": "#0"},
				"south": {"uv": [8, 5, 8.75, 7], "texture": "#0"},
				"west": {"uv": [8, 7, 8.75, 9], "texture": "#0"},
				"up": {"uv": [5.75, 10.75, 5, 10], "texture": "#0"},
				"down": {"uv": [10.75, 5, 10, 5.75], "texture": "#0"}
			}
		},
		{
			"from": [7.2, 5.6, 7.25],
			"to": [8.8, 9.6, 8.85],
			"rotation": {"angle": 0, "axis": "y", "origin": [7.95, 0, 8]},
			"faces": {
				"north": {"uv": [8.5, 0, 9.25, 2], "texture": "#0"},
				"east": {"uv": [8.5, 2, 9.25, 4], "texture": "#0"},
				"south": {"uv": [0, 9, 0.75, 11], "texture": "#0"},
				"west": {"uv": [1, 9, 1.75, 11], "texture": "#0"},
				"up": {"uv": [6.75, 10.75, 6, 10], "texture": "#0"},
				"down": {"uv": [10.75, 6, 10, 6.75], "texture": "#0"}
			}
		},
		{
			"from": [7.1, 5.6, 7.15],
			"to": [8.9, 10.6, 8.95],
			"rotation": {"angle": 0, "axis": "y", "origin": [7.95, 0, 8]},
			"faces": {
				"north": {"uv": [0, 5, 1, 7.5], "texture": "#0"},
				"east": {"uv": [1, 5, 2, 7.5], "texture": "#0"},
				"south": {"uv": [2, 5, 3, 7.5], "texture": "#0"},
				"west": {"uv": [3, 5, 4, 7.5], "texture": "#0"},
				"up": {"uv": [6, 10, 5, 9], "texture": "#0"},
				"down": {"uv": [10, 5.5, 9, 6.5], "texture": "#0"}
			}
		},
		{
			"from": [7.1, 0.5, 7.15],
			"to": [8.9, 5.6, 8.95],
			"rotation": {"angle": 0, "axis": "y", "origin": [7.95, 0, 8]},
			"faces": {
				"north": {"uv": [4, 5, 5, 7.5], "texture": "#0"},
				"east": {"uv": [5, 5, 6, 7.5], "texture": "#0"},
				"south": {"uv": [6, 5, 7, 7.5], "texture": "#0"},
				"west": {"uv": [7, 5, 8, 7.5], "texture": "#0"},
				"up": {"uv": [10, 7.5, 9, 6.5], "texture": "#0"},
				"down": {"uv": [10, 7.5, 9, 8.5], "texture": "#0"}
			}
		},
		{
			"from": [6.8, 0.9, 6.85],
			"to": [9.2, 2, 9.25],
			"rotation": {"angle": 0, "axis": "y", "origin": [8.05, -0.6, 8]},
			"faces": {
				"north": {"uv": [6, 9.5, 7.25, 10], "texture": "#0"},
				"east": {"uv": [9, 9.5, 10.25, 10], "texture": "#0"},
				"south": {"uv": [10, 4, 11.25, 4.5], "texture": "#0"},
				"west": {"uv": [10, 4.5, 11.25, 5], "texture": "#0"},
				"up": {"uv": [4.25, 8.75, 3, 7.5], "texture": "#0"},
				"down": {"uv": [5.75, 7.5, 4.5, 8.75], "texture": "#0"}
			}
		},
		{
			"from": [6.9, -0.6, 7.17322],
			"to": [9.1, 1.3, 9.07322],
			"rotation": {"angle": 45, "axis": "x", "origin": [8, 0.4, 7.82322]},
			"faces": {
				"north": {"uv": [8, 9, 9, 10], "texture": "#0"},
				"east": {"uv": [9, 8.5, 10, 9.5], "texture": "#0"},
				"south": {"uv": [9.5, 0, 10.5, 1], "texture": "#0"},
				"west": {"uv": [10, 8.5, 9, 9.5], "texture": "#0"},
				"up": {"uv": [10.5, 3, 9.5, 2], "texture": "#0"},
				"down": {"uv": [10.5, 3, 9.5, 4], "texture": "#0"}
			}
		},
		{
			"from": [6.9, 13.3, 6.67322],
			"to": [9.1, 16.1, 9.47322],
			"rotation": {"angle": 45, "axis": "x", "origin": [8, 14.7, 7.82322]},
			"faces": {
				"north": {"uv": [4, 10.5, 5, 9], "texture": "#0"},
				"east": {"uv": [3, 7.5, 1.5, 9], "texture": "#0"},
				"south": {"uv": [3, 9, 4, 10.5], "texture": "#0"},
				"west": {"uv": [1.5, 7.5, 3, 9], "texture": "#0"},
				"up": {"uv": [5, 10.5, 4, 9], "texture": "#0"},
				"down": {"uv": [10, 4, 9, 5.5], "texture": "#0"}
			}
		},
		{
			"from": [8, 11.3, -0.5],
			"to": [8, 16.1, 16.5],
			"rotation": {"angle": 0, "axis": "y", "origin": [8, 14.7, 7.65]},
			"faces": {
				"north": {"uv": [0, 0, 0, 2.5], "texture": "#0"},
				"east": {"uv": [0, 0, 8.5, 2.5], "texture": "#0"},
				"south": {"uv": [0, 0, 0, 2.5], "texture": "#0"},
				"west": {"uv": [0, 0, 8.5, 2.5], "texture": "#0"},
				"up": {"uv": [0, 8.5, 0, 0], "texture": "#0"},
				"down": {"uv": [0, 0, 0, 8.5], "texture": "#0"}
			}
		}
	],
	"display": {
		"thirdperson_righthand": {
			"translation": [0, 1, 1]
		},
		"thirdperson_lefthand": {
			"translation": [0, 1, 1]
		},
		"firstperson_righthand": {
			"translation": [0, 1.5, 0]
		},
		"firstperson_lefthand": {
			"translation": [0, 1.5, 0]
		},
		"ground": {
			"translation": [0, 5.5, 0]
		},
		"gui": {
			"rotation": [-90, 67.25, 90],
			"translation": [1.25, -0.5, 0],
			"scale": [0.8, 0.8, 0.8]
		},
		"fixed": {
			"rotation": [0, 90, 0],
			"translation": [0, 0, -0.25]
		}
	},
	"groups": [
		{
			"name": "pickaxe",
			"origin": [8, 8, 7.95],
			"color": 0,
			"children": [0, 1, 2, 3, 4, 5, 6, 7]
		}
	]
}