{
	"credit": "Made with Blockbench",
	"parent": "love_pickaxe",
	"texture_size": [32, 32],
	"textures": {
		"0": "default/lovepickaxe_texture",
		"particle": "default/lovepickaxe_texture"
	},
	"elements": [
		{
			"from": [7.2, -0.6, 7.2],
			"to": [8.8, 16.6, 8.8],
			"rotation": {"angle": 0, "axis": "y", "origin": [8, 0, 8]},
			"faces": {
				"north": {"uv": [0, 6, 0.75, 14.5], "texture": "#0"},
				"east": {"uv": [1, 6, 1.75, 14.5], "texture": "#0"},
				"south": {"uv": [2, 6, 2.75, 14.5], "texture": "#0"},
				"west": {"uv": [3, 6, 3.75, 14.5], "texture": "#0"},
				"up": {"uv": [13.75, 5.75, 13, 5], "texture": "#0"},
				"down": {"uv": [13.75, 6, 13, 6.75], "texture": "#0"}
			}
		},
		{
			"from": [7.15, 1.45, 7.15],
			"to": [8.85, 14.35, 8.85],
			"rotation": {"angle": 0, "axis": "y", "origin": [8, 0, 8]},
			"faces": {
				"north": {"uv": [4, 6, 4.75, 12.5], "texture": "#0"},
				"east": {"uv": [5, 6, 5.75, 12.5], "texture": "#0"},
				"south": {"uv": [6, 6, 6.75, 12.5], "texture": "#0"},
				"west": {"uv": [7, 6, 7.75, 12.5], "texture": "#0"},
				"up": {"uv": [13.75, 7.75, 13, 7], "texture": "#0"},
				"down": {"uv": [13.75, 8, 13, 8.75], "texture": "#0"}
			}
		},
		{
			"from": [6.9, -2.3, 7.71213],
			"to": [9.1, 0.3, 9.31213],
			"rotation": {"angle": -45, "axis": "x", "origin": [8, -2.2, 8.51213]},
			"faces": {
				"north": {"uv": [9, 4, 10, 5.25], "texture": "#0"},
				"east": {"uv": [6, 12.5, 6.75, 13.75], "texture": "#0"},
				"south": {"uv": [11.5, 10.5, 12.5, 11.75], "texture": "#0"},
				"west": {"uv": [7, 12.5, 7.75, 13.75], "texture": "#0"},
				"up": {"uv": [9, 13.25, 8, 12.5], "texture": "#0"},
				"down": {"uv": [13.5, 10.5, 12.5, 11.25], "texture": "#0"}
			}
		},
		{
			"from": [6.9, -2.3, 9.31213],
			"to": [9.1, -0.7, 10.31213],
			"rotation": {"angle": -45, "axis": "x", "origin": [8, -2.2, 8.51213]},
			"faces": {
				"north": {"uv": [12.5, 11.5, 13.5, 12.25], "texture": "#0"},
				"east": {"uv": [11, 1, 11.5, 1.75], "texture": "#0"},
				"south": {"uv": [12.5, 12.5, 13.5, 13.25], "texture": "#0"},
				"west": {"uv": [11, 2, 11.5, 2.75], "texture": "#0"},
				"up": {"uv": [10, 6, 9, 5.5], "texture": "#0"},
				"down": {"uv": [14, 10, 13, 10.5], "texture": "#0"}
			}
		},
		{
			"from": [7.4, 17.4, 3.2],
			"to": [8.6, 18.6, 12.8],
			"rotation": {"angle": 0, "axis": "y", "origin": [7.4, 18.6, 9.2]},
			"faces": {
				"north": {"uv": [13.5, 12, 14, 12.5], "texture": "#0"},
				"east": {"uv": [11, 0, 15.75, 0.5], "texture": "#0"},
				"south": {"uv": [12.5, 13.5, 13, 14], "texture": "#0"},
				"west": {"uv": [11, 0.5, 15.75, 1], "texture": "#0"},
				"up": {"uv": [10, 14.75, 9.5, 10], "texture": "#0"},
				"down": {"uv": [12, 1, 11.5, 5.75], "texture": "#0"}
			}
		},
		{
			"from": [7.2, 17.1, 12.7],
			"to": [8.8, 18.7, 13.9],
			"rotation": {"angle": 22.5, "axis": "x", "origin": [7.4, 18.5, 13.1]},
			"faces": {
				"north": {"uv": [13, 9, 13.75, 9.75], "texture": "#0"},
				"east": {"uv": [11, 3, 11.5, 3.75], "texture": "#0"},
				"south": {"uv": [10, 13, 10.75, 13.75], "texture": "#0"},
				"west": {"uv": [9, 12.5, 9.5, 13.25], "texture": "#0"},
				"up": {"uv": [8.75, 14, 8, 13.5], "texture": "#0"},
				"down": {"uv": [14.25, 10.5, 13.5, 11], "texture": "#0"}
			}
		},
		{
			"from": [8, 14.1, 13.4],
			"to": [8, 19.7, 21.9],
			"rotation": {"angle": 22.5, "axis": "x", "origin": [8.2, 18.5, 13.1]},
			"faces": {
				"north": {"uv": [0, 0, 0, 2.75], "texture": "#0"},
				"east": {"uv": [4.5, 3, 8.75, 5.75], "texture": "#0"},
				"south": {"uv": [0, 0, 0, 2.75], "texture": "#0"},
				"west": {"uv": [8.75, 3, 4.5, 5.75], "texture": "#0"},
				"up": {"uv": [0, 4.25, 0, 0], "texture": "#0"},
				"down": {"uv": [0, 0, 0, 4.25], "texture": "#0"}
			}
		},
		{
			"from": [8, 17.2, 9.9],
			"to": [8, 21.2, 13.4],
			"rotation": {"angle": -22.5, "axis": "x", "origin": [8.2, 19.5, 9.1]},
			"faces": {
				"north": {"uv": [0, 0, 0, 2], "texture": "#0"},
				"east": {"uv": [9, 2, 10.75, 4], "texture": "#0"},
				"south": {"uv": [0, 0, 0, 2], "texture": "#0"},
				"west": {"uv": [10.75, 2, 9, 4], "texture": "#0"},
				"up": {"uv": [0, 1.75, 0, 0], "texture": "#0"},
				"down": {"uv": [0, 0, 0, 1.75], "texture": "#0"}
			}
		},
		{
			"from": [8, 17.2, 2.6],
			"to": [8, 21.2, 6.1],
			"rotation": {"angle": 22.5, "axis": "x", "origin": [8.2, 19.5, 6.9]},
			"faces": {
				"north": {"uv": [0, 0, 0, 2], "texture": "#0"},
				"east": {"uv": [10.75, 2, 9, 4], "texture": "#0"},
				"south": {"uv": [0, 0, 0, 2], "texture": "#0"},
				"west": {"uv": [9, 2, 10.75, 4], "texture": "#0"},
				"up": {"uv": [0, 1.75, 0, 0], "texture": "#0"},
				"down": {"uv": [0, 0, 0, 1.75], "texture": "#0"}
			}
		},
		{
			"from": [8, 14.1, -5.9],
			"to": [8, 19.7, 2.6],
			"rotation": {"angle": -22.5, "axis": "x", "origin": [8.2, 18.5, 2.9]},
			"faces": {
				"north": {"uv": [0, 0, 0, 2.75], "texture": "#0"},
				"east": {"uv": [8.75, 3, 4.5, 5.75], "texture": "#0"},
				"south": {"uv": [0, 0, 0, 2.75], "texture": "#0"},
				"west": {"uv": [4.5, 3, 8.75, 5.75], "texture": "#0"},
				"up": {"uv": [0, 4.25, 0, 0], "texture": "#0"},
				"down": {"uv": [0, 0, 0, 4.25], "texture": "#0"}
			}
		},
		{
			"from": [7.2, 17.1, 2.1],
			"to": [8.8, 18.7, 3.3],
			"rotation": {"angle": -22.5, "axis": "x", "origin": [7.4, 18.5, 2.9]},
			"faces": {
				"north": {"uv": [11, 13, 11.75, 13.75], "texture": "#0"},
				"east": {"uv": [12, 13, 12.5, 13.75], "texture": "#0"},
				"south": {"uv": [13.5, 1, 14.25, 1.75], "texture": "#0"},
				"west": {"uv": [9, 13.5, 9.5, 14.25], "texture": "#0"},
				"up": {"uv": [14.25, 11.5, 13.5, 11], "texture": "#0"},
				"down": {"uv": [14.25, 11.5, 13.5, 12], "texture": "#0"}
			}
		},
		{
			"from": [6.7, 15.8, 7.2],
			"to": [9.3, 20.6, 9.8],
			"rotation": {"angle": -45, "axis": "x", "origin": [8.5, 16.6, 8]},
			"faces": {
				"north": {"uv": [10, 4, 11.25, 6.5], "texture": "#0"},
				"east": {"uv": [11.25, 9, 10, 11.5], "texture": "#0"},
				"south": {"uv": [8, 10, 9.25, 12.5], "texture": "#0"},
				"west": {"uv": [10, 9, 11.25, 11.5], "texture": "#0"},
				"up": {"uv": [12.75, 7.25, 11.5, 6], "texture": "#0"},
				"down": {"uv": [12.75, 7.5, 11.5, 8.75], "texture": "#0"}
			}
		},
		{
			"from": [6.7, 18.4, 6.2],
			"to": [9.3, 20.6, 8.8],
			"rotation": {"angle": 45, "axis": "x", "origin": [8.5, 16.6, 8]},
			"faces": {
				"north": {"uv": [12, 1, 13.25, 2], "texture": "#0"},
				"east": {"uv": [13.25, 4, 12, 5], "texture": "#0"},
				"south": {"uv": [12, 3, 13.25, 4], "texture": "#0"},
				"west": {"uv": [12, 4, 13.25, 5], "texture": "#0"},
				"up": {"uv": [12.75, 10.25, 11.5, 9], "texture": "#0"},
				"down": {"uv": [11.25, 11.5, 10, 12.75], "texture": "#0"}
			}
		},
		{
			"from": [7, 0.5, 7],
			"to": [9, 1.5, 9],
			"rotation": {"angle": 0, "axis": "y", "origin": [8, 0, 8]},
			"faces": {
				"north": {"uv": [13.5, 2, 14.5, 2.5], "texture": "#0"},
				"east": {"uv": [13.5, 2.5, 14.5, 3], "texture": "#0"},
				"south": {"uv": [13.5, 3, 14.5, 3.5], "texture": "#0"},
				"west": {"uv": [13.5, 3.5, 14.5, 4], "texture": "#0"},
				"up": {"uv": [13, 6, 12, 5], "texture": "#0"},
				"down": {"uv": [12.5, 12, 11.5, 13], "texture": "#0"}
			}
		},
		{
			"from": [7, 14.3, 7],
			"to": [9, 15.3, 9],
			"rotation": {"angle": 0, "axis": "y", "origin": [8, 13.8, 8]},
			"faces": {
				"north": {"uv": [4, 13.5, 5, 14], "texture": "#0"},
				"east": {"uv": [13.5, 4, 14.5, 4.5], "texture": "#0"},
				"south": {"uv": [13.5, 4.5, 14.5, 5], "texture": "#0"},
				"west": {"uv": [5, 13.5, 6, 14], "texture": "#0"},
				"up": {"uv": [5, 13.5, 4, 12.5], "texture": "#0"},
				"down": {"uv": [6, 12.5, 5, 13.5], "texture": "#0"}
			}
		}
	],
	"display": {
		"thirdperson_righthand": {
			"translation": [0, 1, 1]
		},
		"thirdperson_lefthand": {
			"translation": [0, 1, 1]
		},
		"firstperson_righthand": {
			"translation": [0, 1, 0]
		},
		"firstperson_lefthand": {
			"translation": [0, 1, 0]
		},
		"ground": {
			"translation": [0, 7, 0]
		},
		"gui": {
			"rotation": [-90, 67.5, 90],
			"translation": [1.5, -1.5, 0],
			"scale": [0.6, 0.6, 0.6]
		},
		"fixed": {
			"rotation": [0, 90, 0],
			"translation": [0, -1, -0.25],
			"scale": [0.7, 0.7, 0.7]
		}
	},
	"groups": [
		{
			"name": "pickaxe",
			"origin": [8, 8, 8],
			"color": 0,
			"children": [0, 1, 2, 3, 4, 5, 6, 7, 8, 9, 10, 11, 12, 13, 14]
		}
	]
}