{
	"credit": "Made with Blockbench",
	"parent": "machine_pickaxe",
	"texture_size": [32, 32],
	"textures": {
		"0": "default/machine_texture",
		"particle": "default/machine_texture"
	},
	"elements": [
		{
			"from": [7.4, -0.5, 7.4],
			"to": [8.6, 17, 8.6],
			"rotation": {"angle": 0, "axis": "y", "origin": [7.95, 0, 7.95]},
			"faces": {
				"north": {"uv": [0, 0, 0.5, 8.75], "texture": "#0"},
				"east": {"uv": [0.5, 0, 1, 8.75], "texture": "#0"},
				"south": {"uv": [1, 0, 1.5, 8.75], "texture": "#0"},
				"west": {"uv": [1.5, 0, 2, 8.75], "texture": "#0"},
				"up": {"uv": [6, 5, 5.5, 4.5], "texture": "#0"},
				"down": {"uv": [9, 4, 8.5, 4.5], "texture": "#0"}
			}
		},
		{
			"from": [7.3, 16.1, 7.3],
			"to": [8.7, 17.5, 8.7],
			"rotation": {"angle": 45, "axis": "x", "origin": [8, 16.8, 8]},
			"faces": {
				"north": {"uv": [2, 8.5, 2.75, 9.25], "texture": "#0"},
				"east": {"uv": [8.5, 2, 9.25, 2.75], "texture": "#0"},
				"south": {"uv": [8.5, 3, 9.25, 3.75], "texture": "#0"},
				"west": {"uv": [9.25, 2, 8.5, 2.75], "texture": "#0"},
				"up": {"uv": [7.75, 9.25, 7, 8.5], "texture": "#0"},
				"down": {"uv": [8.75, 8.5, 8, 9.25], "texture": "#0"}
			}
		},
		{
			"from": [7.3, 8.9, 7.3],
			"to": [8.7, 11.7, 7.7],
			"rotation": {"angle": 22.5, "axis": "x", "origin": [7.3, 9.1, 7.3]},
			"faces": {
				"north": {"uv": [4, 5, 4.75, 6.5], "texture": "#0"},
				"east": {"uv": [1, 10, 1.25, 11.5], "texture": "#0"},
				"south": {"uv": [5, 5, 5.75, 6.5], "texture": "#0"},
				"west": {"uv": [1.5, 10, 1.75, 11.5], "texture": "#0"},
				"up": {"uv": [2.75, 11.25, 2, 11], "texture": "#0"},
				"down": {"uv": [13.25, 0.5, 12.5, 0.75], "texture": "#0"}
			}
		},
		{
			"from": [7.3, 8.9, 7.3],
			"to": [7.7, 11.7, 8.7],
			"rotation": {"angle": -22.5, "axis": "z", "origin": [7.3, 9.1, 7.3]},
			"faces": {
				"north": {"uv": [3, 10, 3.25, 11.5], "texture": "#0"},
				"east": {"uv": [5.5, 0, 6.25, 1.5], "texture": "#0"},
				"south": {"uv": [3.5, 10, 3.75, 11.5], "texture": "#0"},
				"west": {"uv": [5.5, 1.5, 6.25, 3], "texture": "#0"},
				"up": {"uv": [1.75, 13.25, 1.5, 12.5], "texture": "#0"},
				"down": {"uv": [2.25, 12.5, 2, 13.25], "texture": "#0"}
			}
		},
		{
			"from": [8.3, 8.9, 7.3],
			"to": [8.7, 11.7, 8.7],
			"rotation": {"angle": 22.5, "axis": "z", "origin": [8.7, 9.1, 7.3]},
			"faces": {
				"north": {"uv": [4, 10, 4.25, 11.5], "texture": "#0"},
				"east": {"uv": [5.5, 3, 6.25, 4.5], "texture": "#0"},
				"south": {"uv": [10, 4, 10.25, 5.5], "texture": "#0"},
				"west": {"uv": [2, 6, 2.75, 7.5], "texture": "#0"},
				"up": {"uv": [2.75, 13.25, 2.5, 12.5], "texture": "#0"},
				"down": {"uv": [3.25, 12.5, 3, 13.25], "texture": "#0"}
			}
		},
		{
			"from": [7.3, 8.9, 8.3],
			"to": [8.7, 11.7, 8.7],
			"rotation": {"angle": -22.5, "axis": "x", "origin": [7.3, 9.1, 8.7]},
			"faces": {
				"north": {"uv": [3, 6, 3.75, 7.5], "texture": "#0"},
				"east": {"uv": [4.5, 10, 4.75, 11.5], "texture": "#0"},
				"south": {"uv": [6, 4.5, 6.75, 6], "texture": "#0"},
				"west": {"uv": [5, 10, 5.25, 11.5], "texture": "#0"},
				"up": {"uv": [13.25, 1.25, 12.5, 1], "texture": "#0"},
				"down": {"uv": [4.25, 12.5, 3.5, 12.75], "texture": "#0"}
			}
		},
		{
			"from": [8.3, 11.35, 7.3],
			"to": [8.7, 14.25, 8.7],
			"rotation": {"angle": 22.5, "axis": "z", "origin": [8.7, 11.35, 7.3]},
			"faces": {
				"north": {"uv": [5.5, 10, 5.75, 11.5], "texture": "#0"},
				"east": {"uv": [6, 6, 6.75, 7.5], "texture": "#0"},
				"south": {"uv": [10, 5.5, 10.25, 7], "texture": "#0"},
				"west": {"uv": [6.5, 0, 7.25, 1.5], "texture": "#0"},
				"up": {"uv": [4.75, 13.25, 4.5, 12.5], "texture": "#0"},
				"down": {"uv": [5.25, 12.5, 5, 13.25], "texture": "#0"}
			}
		},
		{
			"from": [7.3, 11.35, 7.3],
			"to": [8.7, 14.25, 7.7],
			"rotation": {"angle": 22.5, "axis": "x", "origin": [7.3, 11.35, 7.3]},
			"faces": {
				"north": {"uv": [6.5, 1.5, 7.25, 3], "texture": "#0"},
				"east": {"uv": [10, 7, 10.25, 8.5], "texture": "#0"},
				"south": {"uv": [6.5, 3, 7.25, 4.5], "texture": "#0"},
				"west": {"uv": [10, 8.5, 10.25, 10], "texture": "#0"},
				"up": {"uv": [6.25, 12.75, 5.5, 12.5], "texture": "#0"},
				"down": {"uv": [7.25, 12.5, 6.5, 12.75], "texture": "#0"}
			}
		},
		{
			"from": [7.3, 11.35, 7.3],
			"to": [7.7, 14.25, 8.7],
			"rotation": {"angle": -22.5, "axis": "z", "origin": [7.3, 11.35, 7.3]},
			"faces": {
				"north": {"uv": [9, 10, 9.25, 11.5], "texture": "#0"},
				"east": {"uv": [4, 6.5, 4.75, 8], "texture": "#0"},
				"south": {"uv": [9.5, 10, 9.75, 11.5], "texture": "#0"},
				"west": {"uv": [5, 6.5, 5.75, 8], "texture": "#0"},
				"up": {"uv": [7.75, 13.25, 7.5, 12.5], "texture": "#0"},
				"down": {"uv": [8.25, 12.5, 8, 13.25], "texture": "#0"}
			}
		},
		{
			"from": [7.3, 11.35, 8.3],
			"to": [8.7, 14.25, 8.7],
			"rotation": {"angle": -22.5, "axis": "x", "origin": [7.3, 11.35, 8.7]},
			"faces": {
				"north": {"uv": [7, 4.5, 7.75, 6], "texture": "#0"},
				"east": {"uv": [10, 10, 10.25, 11.5], "texture": "#0"},
				"south": {"uv": [7, 6, 7.75, 7.5], "texture": "#0"},
				"west": {"uv": [10.5, 0, 10.75, 1.5], "texture": "#0"},
				"up": {"uv": [9.25, 12.75, 8.5, 12.5], "texture": "#0"},
				"down": {"uv": [10.25, 12.5, 9.5, 12.75], "texture": "#0"}
			}
		},
		{
			"from": [7.2, 0.2, 7.2],
			"to": [8.8, 2.2, 8.8],
			"rotation": {"angle": 0, "axis": "y", "origin": [7.95, 0.2, 7.95]},
			"faces": {
				"north": {"uv": [6, 7.5, 6.75, 8.5], "texture": "#0"},
				"east": {"uv": [7, 7.5, 7.75, 8.5], "texture": "#0"},
				"south": {"uv": [4, 8, 4.75, 9], "texture": "#0"},
				"west": {"uv": [8, 4.5, 8.75, 5.5], "texture": "#0"},
				"up": {"uv": [0.75, 9.75, 0, 9], "texture": "#0"},
				"down": {"uv": [1.75, 9, 1, 9.75], "texture": "#0"}
			}
		},
		{
			"from": [7.3, 3.175, 7.3],
			"to": [8.7, 3.825, 8.7],
			"rotation": {"angle": 0, "axis": "y", "origin": [7.95, 2, 7.95]},
			"faces": {
				"north": {"uv": [10.5, 12.5, 11.25, 12.75], "texture": "#0"},
				"east": {"uv": [11.5, 12.5, 12.25, 12.75], "texture": "#0"},
				"south": {"uv": [12.5, 12.5, 13.25, 12.75], "texture": "#0"},
				"west": {"uv": [0, 13, 0.75, 13.25], "texture": "#0"},
				"up": {"uv": [3.75, 9.75, 3, 9], "texture": "#0"},
				"down": {"uv": [4.75, 9, 4, 9.75], "texture": "#0"}
			}
		},
		{
			"from": [7.3, 2.375, 7.3],
			"to": [8.7, 3.025, 8.7],
			"rotation": {"angle": 0, "axis": "y", "origin": [7.95, 1.2, 7.95]},
			"faces": {
				"north": {"uv": [13, 1.5, 13.75, 1.75], "texture": "#0"},
				"east": {"uv": [13, 2, 13.75, 2.25], "texture": "#0"},
				"south": {"uv": [13, 2.5, 13.75, 2.75], "texture": "#0"},
				"west": {"uv": [3.5, 13, 4.25, 13.25], "texture": "#0"},
				"up": {"uv": [9.75, 4.75, 9, 4], "texture": "#0"},
				"down": {"uv": [5.75, 9, 5, 9.75], "texture": "#0"}
			}
		},
		{
			"from": [7.3, 3.975, 7.3],
			"to": [8.7, 4.625, 8.7],
			"rotation": {"angle": 0, "axis": "y", "origin": [7.95, 2.8, 7.95]},
			"faces": {
				"north": {"uv": [5.5, 13, 6.25, 13.25], "texture": "#0"},
				"east": {"uv": [6.5, 13, 7.25, 13.25], "texture": "#0"},
				"south": {"uv": [8.5, 13, 9.25, 13.25], "texture": "#0"},
				"west": {"uv": [9.5, 13, 10.25, 13.25], "texture": "#0"},
				"up": {"uv": [9.75, 5.75, 9, 5], "texture": "#0"},
				"down": {"uv": [9.75, 6, 9, 6.75], "texture": "#0"}
			}
		},
		{
			"from": [7.3, 4.775, 7.3],
			"to": [8.7, 5.425, 8.7],
			"rotation": {"angle": 0, "axis": "y", "origin": [7.95, 3.6, 7.95]},
			"faces": {
				"north": {"uv": [10.5, 13, 11.25, 13.25], "texture": "#0"},
				"east": {"uv": [11.5, 13, 12.25, 13.25], "texture": "#0"},
				"south": {"uv": [12.5, 13, 13.25, 13.25], "texture": "#0"},
				"west": {"uv": [0, 13.5, 0.75, 13.75], "texture": "#0"},
				"up": {"uv": [9.75, 7.75, 9, 7], "texture": "#0"},
				"down": {"uv": [9.75, 8, 9, 8.75], "texture": "#0"}
			}
		},
		{
			"from": [7.3, 7.175, 7.3],
			"to": [8.7, 7.825, 8.7],
			"rotation": {"angle": 0, "axis": "y", "origin": [7.95, 6, 7.95]},
			"faces": {
				"north": {"uv": [13.5, 0.5, 14.25, 0.75], "texture": "#0"},
				"east": {"uv": [1, 13.5, 1.75, 13.75], "texture": "#0"},
				"south": {"uv": [13.5, 1, 14.25, 1.25], "texture": "#0"},
				"west": {"uv": [2, 13.5, 2.75, 13.75], "texture": "#0"},
				"up": {"uv": [9.75, 9.75, 9, 9], "texture": "#0"},
				"down": {"uv": [10.25, 0, 9.5, 0.75], "texture": "#0"}
			}
		},
		{
			"from": [7.3, 6.375, 7.3],
			"to": [8.7, 7.025, 8.7],
			"rotation": {"angle": 0, "axis": "y", "origin": [7.95, 5.2, 7.95]},
			"faces": {
				"north": {"uv": [3, 13.5, 3.75, 13.75], "texture": "#0"},
				"east": {"uv": [13.5, 3, 14.25, 3.25], "texture": "#0"},
				"south": {"uv": [13.5, 3.5, 14.25, 3.75], "texture": "#0"},
				"west": {"uv": [4, 13.5, 4.75, 13.75], "texture": "#0"},
				"up": {"uv": [10.25, 1.75, 9.5, 1], "texture": "#0"},
				"down": {"uv": [2.75, 9.5, 2, 10.25], "texture": "#0"}
			}
		},
		{
			"from": [7.3, 5.575, 7.3],
			"to": [8.7, 6.225, 8.7],
			"rotation": {"angle": 0, "axis": "y", "origin": [7.95, 4.4, 7.95]},
			"faces": {
				"north": {"uv": [13.5, 4, 14.25, 4.25], "texture": "#0"},
				"east": {"uv": [13.5, 4.5, 14.25, 4.75], "texture": "#0"},
				"south": {"uv": [5, 13.5, 5.75, 13.75], "texture": "#0"},
				"west": {"uv": [13.5, 5, 14.25, 5.25], "texture": "#0"},
				"up": {"uv": [10.25, 2.75, 9.5, 2], "texture": "#0"},
				"down": {"uv": [10.25, 3, 9.5, 3.75], "texture": "#0"}
			}
		},
		{
			"from": [7.2, 8, 7.2],
			"to": [8.8, 9, 8.8],
			"rotation": {"angle": 0, "axis": "y", "origin": [7.95, 7, 7.95]},
			"faces": {
				"north": {"uv": [10.5, 1.5, 11.25, 2], "texture": "#0"},
				"east": {"uv": [2, 10.5, 2.75, 11], "texture": "#0"},
				"south": {"uv": [10.5, 2, 11.25, 2.5], "texture": "#0"},
				"west": {"uv": [10.5, 2.5, 11.25, 3], "texture": "#0"},
				"up": {"uv": [6.75, 10.25, 6, 9.5], "texture": "#0"},
				"down": {"uv": [7.75, 9.5, 7, 10.25], "texture": "#0"}
			}
		},
		{
			"from": [7.2, 14, 4.9],
			"to": [8.8, 16, 7],
			"rotation": {"angle": 0, "axis": "y", "origin": [7.95, 14, 6.15]},
			"faces": {
				"north": {"uv": [5, 8, 5.75, 9], "texture": "#0"},
				"east": {"uv": [7.5, 0, 8.5, 1], "texture": "#0"},
				"south": {"uv": [8, 5.5, 8.75, 6.5], "texture": "#0"},
				"west": {"uv": [8.5, 0, 7.5, 1], "texture": "#0"},
				"up": {"uv": [8.75, 7.5, 8, 6.5], "texture": "#0"},
				"down": {"uv": [8.75, 7.5, 8, 8.5], "texture": "#0"}
			}
		},
		{
			"from": [7, 13.8, 2.4],
			"to": [9, 16.2, 5.4],
			"rotation": {"angle": -22.5, "axis": "x", "origin": [8, 15, 5.4]},
			"faces": {
				"north": {"uv": [3.5, 0, 4.5, 1.25], "texture": "#0"},
				"east": {"uv": [2, 0, 3.5, 1.25], "texture": "#0"},
				"south": {"uv": [3.5, 1.5, 4.5, 2.75], "texture": "#0"},
				"west": {"uv": [3.5, 0, 2, 1.25], "texture": "#0"},
				"up": {"uv": [3, 4.5, 2, 3], "texture": "#0"},
				"down": {"uv": [4, 3, 3, 4.5], "texture": "#0"}
			}
		},
		{
			"from": [7.2, 12.62995, 0.62054],
			"to": [8.8, 14.62995, 3.02054],
			"rotation": {"angle": -45, "axis": "x", "origin": [8, 13.86061, 2.56914]},
			"faces": {
				"north": {"uv": [8.5, 0, 9.25, 1], "texture": "#0"},
				"east": {"uv": [4, 3, 5.25, 4], "texture": "#0"},
				"south": {"uv": [8.5, 1, 9.25, 2], "texture": "#0"},
				"west": {"uv": [5.25, 3, 4, 4], "texture": "#0"},
				"up": {"uv": [3.75, 8.75, 3, 7.5], "texture": "#0"},
				"down": {"uv": [8.25, 3, 7.5, 4.25], "texture": "#0"}
			}
		},
		{
			"from": [7.4, 11.98324, 0.79335],
			"to": [8.6, 13.831, 1.55872],
			"rotation": {"angle": -22.5, "axis": "x", "origin": [8, 13.06166, 2.74195]},
			"faces": {
				"north": {"uv": [8, 9.5, 8.5, 10.5], "texture": "#0"},
				"east": {"uv": [8.5, 9.5, 9, 10.5], "texture": "#0"},
				"south": {"uv": [0, 10, 0.5, 11], "texture": "#0"},
				"west": {"uv": [0.5, 10, 1, 11], "texture": "#0"},
				"up": {"uv": [0.5, 11.5, 0, 11], "texture": "#0"},
				"down": {"uv": [1, 11, 0.5, 11.5], "texture": "#0"}
			}
		},
		{
			"from": [7.2, 14, 9],
			"to": [8.8, 16, 11.1],
			"rotation": {"angle": 0, "axis": "y", "origin": [7.95, 14, 9.85]},
			"faces": {
				"north": {"uv": [8.75, 5.5, 8, 6.5], "texture": "#0"},
				"east": {"uv": [8.5, 0, 7.5, 1], "texture": "#0"},
				"south": {"uv": [5.75, 8, 5, 9], "texture": "#0"},
				"west": {"uv": [7.5, 0, 8.5, 1], "texture": "#0"},
				"up": {"uv": [8.75, 6.5, 8, 7.5], "texture": "#0"},
				"down": {"uv": [8.75, 8.5, 8, 7.5], "texture": "#0"}
			}
		},
		{
			"from": [7, 13.8, 10.6],
			"to": [9, 16.2, 13.6],
			"rotation": {"angle": 22.5, "axis": "x", "origin": [8, 15, 10.6]},
			"faces": {
				"north": {"uv": [4.5, 1.5, 3.5, 2.75], "texture": "#0"},
				"east": {"uv": [3.5, 0, 2, 1.25], "texture": "#0"},
				"south": {"uv": [4.5, 0, 3.5, 1.25], "texture": "#0"},
				"west": {"uv": [2, 0, 3.5, 1.25], "texture": "#0"},
				"up": {"uv": [3, 3, 2, 4.5], "texture": "#0"},
				"down": {"uv": [4, 4.5, 3, 3], "texture": "#0"}
			}
		},
		{
			"from": [7.2, 12.62995, 12.97946],
			"to": [8.8, 14.62995, 15.37946],
			"rotation": {"angle": 45, "axis": "x", "origin": [8, 13.86061, 13.43086]},
			"faces": {
				"north": {"uv": [9.25, 1, 8.5, 2], "texture": "#0"},
				"east": {"uv": [5.25, 3, 4, 4], "texture": "#0"},
				"south": {"uv": [9.25, 0, 8.5, 1], "texture": "#0"},
				"west": {"uv": [4, 3, 5.25, 4], "texture": "#0"},
				"up": {"uv": [3.75, 7.5, 3, 8.75], "texture": "#0"},
				"down": {"uv": [8.25, 4.25, 7.5, 3], "texture": "#0"}
			}
		},
		{
			"from": [7.4, 11.98324, 14.44128],
			"to": [8.6, 13.831, 15.20665],
			"rotation": {"angle": 22.5, "axis": "x", "origin": [8, 13.06166, 13.25805]},
			"faces": {
				"north": {"uv": [0.5, 10, 0, 11], "texture": "#0"},
				"east": {"uv": [9, 9.5, 8.5, 10.5], "texture": "#0"},
				"south": {"uv": [8.5, 9.5, 8, 10.5], "texture": "#0"},
				"west": {"uv": [1, 10, 0.5, 11], "texture": "#0"},
				"up": {"uv": [0.5, 11, 0, 11.5], "texture": "#0"},
				"down": {"uv": [1, 11.5, 0.5, 11], "texture": "#0"}
			}
		},
		{
			"from": [7, 13.8, 7],
			"to": [9, 16.2, 9],
			"rotation": {"angle": 0, "axis": "y", "origin": [7.95, 13.5, 9.75]},
			"faces": {
				"north": {"uv": [4.5, 0, 5.5, 1.25], "texture": "#0"},
				"east": {"uv": [4.5, 1.5, 5.5, 2.75], "texture": "#0"},
				"south": {"uv": [2, 4.5, 3, 5.75], "texture": "#0"},
				"west": {"uv": [3, 4.5, 4, 5.75], "texture": "#0"},
				"up": {"uv": [3, 8.5, 2, 7.5], "texture": "#0"},
				"down": {"uv": [3, 8.5, 2, 7.5], "texture": "#0"}
			}
		},
		{
			"from": [6.67, 14.63549, 7.12],
			"to": [9.33, 15.36451, 7.34],
			"rotation": {"angle": 45, "axis": "x", "origin": [8.55, 15, 8]},
			"faces": {
				"north": {"uv": [10.5, 3, 11.75, 3.25], "texture": "#0"},
				"east": {"uv": [1, 13, 1.25, 13.25], "texture": "#0"},
				"south": {"uv": [10.5, 3.5, 11.75, 3.75], "texture": "#0"},
				"west": {"uv": [13.5, 5.5, 13.75, 5.75], "texture": "#0"},
				"up": {"uv": [11.75, 4.25, 10.5, 4], "texture": "#0"},
				"down": {"uv": [11.75, 4.5, 10.5, 4.75], "texture": "#0"}
			}
		},
		{
			"from": [6.78, 14.85549, 6.9],
			"to": [9.22, 15.14451, 7.45],
			"rotation": {"angle": 45, "axis": "x", "origin": [8.55, 15, 8]},
			"faces": {
				"north": {"uv": [10.5, 5, 11.75, 5.25], "texture": "#0"},
				"east": {"uv": [6, 13.5, 6.25, 13.75], "texture": "#0"},
				"south": {"uv": [10.5, 5.5, 11.75, 5.75], "texture": "#0"},
				"west": {"uv": [13.5, 6, 13.75, 6.25], "texture": "#0"},
				"up": {"uv": [7.25, 10.75, 6, 10.5], "texture": "#0"},
				"down": {"uv": [11.75, 6, 10.5, 6.25], "texture": "#0"}
			}
		},
		{
			"from": [6.78, 14.85549, 8.55],
			"to": [9.22, 15.14451, 9.1],
			"rotation": {"angle": 45, "axis": "x", "origin": [8.55, 15, 8]},
			"faces": {
				"north": {"uv": [10.5, 6.5, 11.75, 6.75], "texture": "#0"},
				"east": {"uv": [6.5, 13.5, 6.75, 13.75], "texture": "#0"},
				"south": {"uv": [10.5, 7, 11.75, 7.25], "texture": "#0"},
				"west": {"uv": [13.5, 6.5, 13.75, 6.75], "texture": "#0"},
				"up": {"uv": [8.75, 10.75, 7.5, 10.5], "texture": "#0"},
				"down": {"uv": [11.75, 7.5, 10.5, 7.75], "texture": "#0"}
			}
		},
		{
			"from": [6.67, 14.63549, 7.12],
			"to": [9.33, 15.36451, 7.34],
			"rotation": {"angle": 0, "axis": "y", "origin": [8.55, 15, 8]},
			"faces": {
				"north": {"uv": [10.5, 8, 11.75, 8.25], "texture": "#0"},
				"east": {"uv": [7, 13.5, 7.25, 13.75], "texture": "#0"},
				"south": {"uv": [10.5, 8.5, 11.75, 8.75], "texture": "#0"},
				"west": {"uv": [13.5, 7, 13.75, 7.25], "texture": "#0"},
				"up": {"uv": [11.75, 9.25, 10.5, 9], "texture": "#0"},
				"down": {"uv": [11.75, 9.5, 10.5, 9.75], "texture": "#0"}
			}
		},
		{
			"from": [6.78, 14.85549, 6.9],
			"to": [9.22, 15.14451, 7.45],
			"rotation": {"angle": 0, "axis": "y", "origin": [8.55, 15, 8]},
			"faces": {
				"north": {"uv": [10.5, 10, 11.75, 10.25], "texture": "#0"},
				"east": {"uv": [7.5, 13.5, 7.75, 13.75], "texture": "#0"},
				"south": {"uv": [10.5, 10.5, 11.75, 10.75], "texture": "#0"},
				"west": {"uv": [13.5, 7.5, 13.75, 7.75], "texture": "#0"},
				"up": {"uv": [12.25, 0.25, 11, 0], "texture": "#0"},
				"down": {"uv": [12.25, 0.5, 11, 0.75], "texture": "#0"}
			}
		},
		{
			"from": [6.67, 14.63549, 8.66],
			"to": [9.33, 15.36451, 8.88],
			"rotation": {"angle": 45, "axis": "x", "origin": [8.55, 15, 8]},
			"faces": {
				"north": {"uv": [11, 1, 12.25, 1.25], "texture": "#0"},
				"east": {"uv": [8, 13.5, 8.25, 13.75], "texture": "#0"},
				"south": {"uv": [6, 11, 7.25, 11.25], "texture": "#0"},
				"west": {"uv": [13.5, 8, 13.75, 8.25], "texture": "#0"},
				"up": {"uv": [8.75, 11.25, 7.5, 11], "texture": "#0"},
				"down": {"uv": [11.75, 11, 10.5, 11.25], "texture": "#0"}
			}
		},
		{
			"from": [6.67, 14.63549, 8.66],
			"to": [9.33, 15.36451, 8.88],
			"rotation": {"angle": 0, "axis": "y", "origin": [8.55, 15, 8]},
			"faces": {
				"north": {"uv": [0, 11.5, 1.25, 11.75], "texture": "#0"},
				"east": {"uv": [8.5, 13.5, 8.75, 13.75], "texture": "#0"},
				"south": {"uv": [1.5, 11.5, 2.75, 11.75], "texture": "#0"},
				"west": {"uv": [13.5, 8.5, 13.75, 8.75], "texture": "#0"},
				"up": {"uv": [12.75, 1.75, 11.5, 1.5], "texture": "#0"},
				"down": {"uv": [12.75, 2, 11.5, 2.25], "texture": "#0"}
			}
		},
		{
			"from": [6.78, 14.85549, 8.55],
			"to": [9.22, 15.14451, 9.1],
			"rotation": {"angle": 0, "axis": "y", "origin": [8.55, 15, 8]},
			"faces": {
				"north": {"uv": [11.5, 2.5, 12.75, 2.75], "texture": "#0"},
				"east": {"uv": [9, 13.5, 9.25, 13.75], "texture": "#0"},
				"south": {"uv": [3, 11.5, 4.25, 11.75], "texture": "#0"},
				"west": {"uv": [13.5, 9, 13.75, 9.25], "texture": "#0"},
				"up": {"uv": [5.75, 11.75, 4.5, 11.5], "texture": "#0"},
				"down": {"uv": [7.25, 11.5, 6, 11.75], "texture": "#0"}
			}
		},
		{
			"from": [6.67, 14.12, 7.63549],
			"to": [9.33, 14.34, 8.36451],
			"rotation": {"angle": 45, "axis": "x", "origin": [8.55, 15, 8]},
			"faces": {
				"north": {"uv": [7.5, 11.5, 8.75, 11.75], "texture": "#0"},
				"east": {"uv": [9.5, 13.5, 9.75, 13.75], "texture": "#0"},
				"south": {"uv": [9, 11.5, 10.25, 11.75], "texture": "#0"},
				"west": {"uv": [13.5, 9.5, 13.75, 9.75], "texture": "#0"},
				"up": {"uv": [11.75, 11.75, 10.5, 11.5], "texture": "#0"},
				"down": {"uv": [1.25, 12, 0, 12.25], "texture": "#0"}
			}
		},
		{
			"from": [6.78, 13.9, 7.85549],
			"to": [9.22, 14.45, 8.14451],
			"rotation": {"angle": 45, "axis": "x", "origin": [8.55, 15, 8]},
			"faces": {
				"north": {"uv": [1.5, 12, 2.75, 12.25], "texture": "#0"},
				"east": {"uv": [10, 13.5, 10.25, 13.75], "texture": "#0"},
				"south": {"uv": [3, 12, 4.25, 12.25], "texture": "#0"},
				"west": {"uv": [13.5, 10, 13.75, 10.25], "texture": "#0"},
				"up": {"uv": [13.25, 3.25, 12, 3], "texture": "#0"},
				"down": {"uv": [13.25, 3.5, 12, 3.75], "texture": "#0"}
			}
		},
		{
			"from": [6.67, 14.12, 7.63549],
			"to": [9.33, 14.34, 8.36451],
			"rotation": {"angle": 0, "axis": "y", "origin": [8.55, 15, 8]},
			"faces": {
				"north": {"uv": [12, 4, 13.25, 4.25], "texture": "#0"},
				"east": {"uv": [10.5, 13.5, 10.75, 13.75], "texture": "#0"},
				"south": {"uv": [4.5, 12, 5.75, 12.25], "texture": "#0"},
				"west": {"uv": [13.5, 10.5, 13.75, 10.75], "texture": "#0"},
				"up": {"uv": [13.25, 4.75, 12, 4.5], "texture": "#0"},
				"down": {"uv": [13.25, 5, 12, 5.25], "texture": "#0"}
			}
		},
		{
			"from": [6.67, 15.66, 7.63549],
			"to": [9.33, 15.88, 8.36451],
			"rotation": {"angle": 45, "axis": "x", "origin": [8.55, 15, 8]},
			"faces": {
				"north": {"uv": [12, 5.5, 13.25, 5.75], "texture": "#0"},
				"east": {"uv": [11, 13.5, 11.25, 13.75], "texture": "#0"},
				"south": {"uv": [6, 12, 7.25, 12.25], "texture": "#0"},
				"west": {"uv": [13.5, 11, 13.75, 11.25], "texture": "#0"},
				"up": {"uv": [13.25, 6.25, 12, 6], "texture": "#0"},
				"down": {"uv": [13.25, 6.5, 12, 6.75], "texture": "#0"}
			}
		},
		{
			"from": [6.78, 15.55, 7.85549],
			"to": [9.22, 16.1, 8.14451],
			"rotation": {"angle": 45, "axis": "x", "origin": [8.55, 15, 8]},
			"faces": {
				"north": {"uv": [12, 7, 13.25, 7.25], "texture": "#0"},
				"east": {"uv": [11.5, 13.5, 11.75, 13.75], "texture": "#0"},
				"south": {"uv": [7.5, 12, 8.75, 12.25], "texture": "#0"},
				"west": {"uv": [13.5, 11.5, 13.75, 11.75], "texture": "#0"},
				"up": {"uv": [13.25, 7.75, 12, 7.5], "texture": "#0"},
				"down": {"uv": [13.25, 8, 12, 8.25], "texture": "#0"}
			}
		},
		{
			"from": [6.67, 15.66, 7.63549],
			"to": [9.33, 15.88, 8.36451],
			"rotation": {"angle": 0, "axis": "y", "origin": [8.55, 15, 8]},
			"faces": {
				"north": {"uv": [12, 8.5, 13.25, 8.75], "texture": "#0"},
				"east": {"uv": [12, 13.5, 12.25, 13.75], "texture": "#0"},
				"south": {"uv": [9, 12, 10.25, 12.25], "texture": "#0"},
				"west": {"uv": [13.5, 12, 13.75, 12.25], "texture": "#0"},
				"up": {"uv": [13.25, 9.25, 12, 9], "texture": "#0"},
				"down": {"uv": [13.25, 9.5, 12, 9.75], "texture": "#0"}
			}
		},
		{
			"from": [6.78, 15.55, 7.85549],
			"to": [9.22, 16.1, 8.14451],
			"rotation": {"angle": 0, "axis": "y", "origin": [8.55, 15, 8]},
			"faces": {
				"north": {"uv": [12, 10, 13.25, 10.25], "texture": "#0"},
				"east": {"uv": [12.5, 13.5, 12.75, 13.75], "texture": "#0"},
				"south": {"uv": [10.5, 12, 11.75, 12.25], "texture": "#0"},
				"west": {"uv": [13.5, 12.5, 13.75, 12.75], "texture": "#0"},
				"up": {"uv": [13.25, 10.75, 12, 10.5], "texture": "#0"},
				"down": {"uv": [13.25, 11, 12, 11.25], "texture": "#0"}
			}
		},
		{
			"from": [6.78, 13.9, 7.85549],
			"to": [9.22, 14.45, 8.14451],
			"rotation": {"angle": 0, "axis": "y", "origin": [8.55, 15, 8]},
			"faces": {
				"north": {"uv": [12, 11.5, 13.25, 11.75], "texture": "#0"},
				"east": {"uv": [13, 13.5, 13.25, 13.75], "texture": "#0"},
				"south": {"uv": [12, 12, 13.25, 12.25], "texture": "#0"},
				"west": {"uv": [13.5, 13, 13.75, 13.25], "texture": "#0"},
				"up": {"uv": [1.25, 12.75, 0, 12.5], "texture": "#0"},
				"down": {"uv": [13.75, 0, 12.5, 0.25], "texture": "#0"}
			}
		}
	],
	"display": {
		"thirdperson_righthand": {
			"translation": [0, 1, 1],
			"scale": [1.2, 1, 1]
		},
		"thirdperson_lefthand": {
			"translation": [0, 1, 1],
			"scale": [1.2, 1, 1]
		},
		"firstperson_righthand": {
			"translation": [0, 2, 0],
			"scale": [1.2, 1, 1]
		},
		"firstperson_lefthand": {
			"translation": [0, 2, 0],
			"scale": [1.2, 1, 1]
		},
		"ground": {
			"translation": [0, 5.5, 0]
		},
		"gui": {
			"rotation": [-90, 67.75, 90],
			"translation": [1, -0.25, 0],
			"scale": [0.8, 0.8, 0.8]
		},
		"fixed": {
			"rotation": [0, 90, 0]
		}
	},
	"groups": [
		{
			"name": "pickaxe",
			"origin": [8, 8, 8],
			"color": 0,
			"children": [
				0,
				1,
				2,
				3,
				4,
				5,
				6,
				7,
				8,
				9,
				10,
				11,
				12,
				13,
				14,
				15,
				16,
				17,
				18,
				19,
				20,
				21,
				22,
				23,
				24,
				25,
				26,
				27,
				{
					"name": "engrenagem",
					"origin": [8, 8, 8],
					"color": 0,
					"children": [28, 29, 30, 31, 32, 33, 34, 35, 36, 37, 38, 39, 40, 41, 42, 43]
				}
			]
		}
	]
}