{
	"credit": "Made with Blockbench",
	"parent": "magic_pickaxe",
	"texture_size": [32, 32],
	"textures": {
		"0": "default/magic_pickaxe_texture",
		"particle": "default/magic_pickaxe_texture"
	},
	"elements": [
		{
			"from": [7.4, 11.8, 7.4],
			"to": [8.6, 16.7, 8.6],
			"rotation": {"angle": 0, "axis": "y", "origin": [8, 0, 8]},
			"faces": {
				"north": {"uv": [7, 9, 7.5, 11.5], "texture": "#0"},
				"east": {"uv": [7.5, 9, 8, 11.5], "texture": "#0"},
				"south": {"uv": [9.5, 6.5, 10, 9], "texture": "#0"},
				"west": {"uv": [9.5, 9, 10, 11.5], "texture": "#0"},
				"up": {"uv": [9.5, 7, 9, 6.5], "texture": "#0"},
				"down": {"uv": [10.5, 4.5, 10, 5], "texture": "#0"}
			}
		},
		{
			"from": [7.4, 0.5, 7.4],
			"to": [8.6, 4.2, 8.6],
			"rotation": {"angle": 0, "axis": "y", "origin": [8, 0, 8]},
			"faces": {
				"north": {"uv": [4, 10, 4.5, 11.75], "texture": "#0"},
				"east": {"uv": [4.5, 10, 5, 11.75], "texture": "#0"},
				"south": {"uv": [10, 6.5, 10.5, 8.25], "texture": "#0"},
				"west": {"uv": [8, 10, 8.5, 11.75], "texture": "#0"},
				"up": {"uv": [11, 2.5, 10.5, 2], "texture": "#0"},
				"down": {"uv": [11.5, 4, 11, 4.5], "texture": "#0"}
			}
		},
		{
			"from": [7.3, 5, 7.4],
			"to": [8.7, 11, 8.6],
			"rotation": {"angle": 0, "axis": "y", "origin": [8, 0, 8]},
			"faces": {
				"north": {"uv": [5, 6, 5.75, 9], "texture": "#0"},
				"east": {"uv": [2.5, 9, 3, 12], "texture": "#0"},
				"south": {"uv": [5.75, 6, 5, 9], "texture": "#0"},
				"west": {"uv": [6.5, 9, 7, 12], "texture": "#0"},
				"up": {"uv": [9.75, 3, 9, 2.5], "texture": "#0"},
				"down": {"uv": [12.75, 10, 12, 10.5], "texture": "#0"}
			}
		},
		{
			"from": [7.6, 5.15, 8.3],
			"to": [8.4, 5.95, 8.6],
			"rotation": {"angle": 22.5, "axis": "x", "origin": [7.3, 5.15, 8.6]},
			"faces": {
				"north": {"uv": [2, 11.5, 2.5, 12], "texture": "#0"},
				"east": {"uv": [1.5, 13.5, 1.75, 14], "texture": "#0"},
				"south": {"uv": [6, 11.5, 6.5, 12], "texture": "#0"},
				"west": {"uv": [13.5, 1.5, 13.75, 2], "texture": "#0"},
				"up": {"uv": [2.5, 13.75, 2, 13.5], "texture": "#0"},
				"down": {"uv": [14, 2, 13.5, 2.25], "texture": "#0"}
			}
		},
		{
			"from": [7.6, 5.8891, 8.60615],
			"to": [8.4, 6.6891, 8.90615],
			"rotation": {"angle": -22.5, "axis": "x", "origin": [7.3, 5.8891, 8.90615]},
			"faces": {
				"north": {"uv": [11.5, 8, 12, 8.5], "texture": "#0"},
				"east": {"uv": [2.5, 13.5, 2.75, 14], "texture": "#0"},
				"south": {"uv": [12.5, 7, 13, 7.5], "texture": "#0"},
				"west": {"uv": [13.5, 2.5, 13.75, 3], "texture": "#0"},
				"up": {"uv": [3.5, 13.75, 3, 13.5], "texture": "#0"},
				"down": {"uv": [14, 3, 13.5, 3.25], "texture": "#0"}
			}
		},
		{
			"from": [7.6, 7.2891, 8.60615],
			"to": [8.4, 8.0891, 8.90615],
			"rotation": {"angle": -22.5, "axis": "x", "origin": [7.3, 7.2891, 8.90615]},
			"faces": {
				"north": {"uv": [7.5, 12.5, 8, 13], "texture": "#0"},
				"east": {"uv": [3.5, 13.5, 3.75, 14], "texture": "#0"},
				"south": {"uv": [12.5, 7.5, 13, 8], "texture": "#0"},
				"west": {"uv": [13.5, 3.5, 13.75, 4], "texture": "#0"},
				"up": {"uv": [4.5, 13.75, 4, 13.5], "texture": "#0"},
				"down": {"uv": [14, 4, 13.5, 4.25], "texture": "#0"}
			}
		},
		{
			"from": [7.6, 6.55, 8.3],
			"to": [8.4, 7.35, 8.6],
			"rotation": {"angle": 22.5, "axis": "x", "origin": [7.3, 6.55, 8.6]},
			"faces": {
				"north": {"uv": [9.5, 12.5, 10, 13], "texture": "#0"},
				"east": {"uv": [4.5, 13.5, 4.75, 14], "texture": "#0"},
				"south": {"uv": [10, 12.5, 10.5, 13], "texture": "#0"},
				"west": {"uv": [13.5, 4.5, 13.75, 5], "texture": "#0"},
				"up": {"uv": [5.5, 13.75, 5, 13.5], "texture": "#0"},
				"down": {"uv": [14, 5, 13.5, 5.25], "texture": "#0"}
			}
		},
		{
			"from": [7.6, 8.6891, 8.60615],
			"to": [8.4, 9.4891, 8.90615],
			"rotation": {"angle": -22.5, "axis": "x", "origin": [7.3, 8.6891, 8.90615]},
			"faces": {
				"north": {"uv": [10.5, 12.5, 11, 13], "texture": "#0"},
				"east": {"uv": [5.5, 13.5, 5.75, 14], "texture": "#0"},
				"south": {"uv": [11, 12.5, 11.5, 13], "texture": "#0"},
				"west": {"uv": [13.5, 5.5, 13.75, 6], "texture": "#0"},
				"up": {"uv": [6.5, 13.75, 6, 13.5], "texture": "#0"},
				"down": {"uv": [14, 6, 13.5, 6.25], "texture": "#0"}
			}
		},
		{
			"from": [7.6, 7.95, 8.3],
			"to": [8.4, 8.75, 8.6],
			"rotation": {"angle": 22.5, "axis": "x", "origin": [7.3, 7.95, 8.6]},
			"faces": {
				"north": {"uv": [11.5, 12.5, 12, 13], "texture": "#0"},
				"east": {"uv": [6.5, 13.5, 6.75, 14], "texture": "#0"},
				"south": {"uv": [12.5, 11.5, 13, 12], "texture": "#0"},
				"west": {"uv": [13.5, 6.5, 13.75, 7], "texture": "#0"},
				"up": {"uv": [7.5, 13.75, 7, 13.5], "texture": "#0"},
				"down": {"uv": [14, 7, 13.5, 7.25], "texture": "#0"}
			}
		},
		{
			"from": [7.6, 10.0891, 8.60615],
			"to": [8.4, 10.8891, 8.90615],
			"rotation": {"angle": -22.5, "axis": "x", "origin": [7.3, 10.0891, 8.90615]},
			"faces": {
				"north": {"uv": [12, 12.5, 12.5, 13], "texture": "#0"},
				"east": {"uv": [7.5, 13.5, 7.75, 14], "texture": "#0"},
				"south": {"uv": [12.5, 12, 13, 12.5], "texture": "#0"},
				"west": {"uv": [13.5, 7.5, 13.75, 8], "texture": "#0"},
				"up": {"uv": [8.5, 13.75, 8, 13.5], "texture": "#0"},
				"down": {"uv": [14, 8, 13.5, 8.25], "texture": "#0"}
			}
		},
		{
			"from": [7.6, 9.35, 8.3],
			"to": [8.4, 10.15, 8.6],
			"rotation": {"angle": 22.5, "axis": "x", "origin": [7.3, 9.35, 8.6]},
			"faces": {
				"north": {"uv": [12.5, 12.5, 13, 13], "texture": "#0"},
				"east": {"uv": [8.5, 13.5, 8.75, 14], "texture": "#0"},
				"south": {"uv": [0, 13, 0.5, 13.5], "texture": "#0"},
				"west": {"uv": [13.5, 8.5, 13.75, 9], "texture": "#0"},
				"up": {"uv": [9.5, 13.75, 9, 13.5], "texture": "#0"},
				"down": {"uv": [14, 9, 13.5, 9.25], "texture": "#0"}
			}
		},
		{
			"from": [7.6, 5.15, 7.4],
			"to": [8.4, 5.95, 7.7],
			"rotation": {"angle": -22.5, "axis": "x", "origin": [7.3, 5.15, 7.4]},
			"faces": {
				"north": {"uv": [13, 0, 13.5, 0.5], "texture": "#0"},
				"east": {"uv": [9.5, 13.5, 9.75, 14], "texture": "#0"},
				"south": {"uv": [0.5, 13, 1, 13.5], "texture": "#0"},
				"west": {"uv": [13.5, 9.5, 13.75, 10], "texture": "#0"},
				"up": {"uv": [10.5, 13.75, 10, 13.5], "texture": "#0"},
				"down": {"uv": [14, 10, 13.5, 10.25], "texture": "#0"}
			}
		},
		{
			"from": [7.6, 5.8891, 7.09385],
			"to": [8.4, 6.6891, 7.39385],
			"rotation": {"angle": 22.5, "axis": "x", "origin": [7.3, 5.8891, 7.09385]},
			"faces": {
				"north": {"uv": [13, 0.5, 13.5, 1], "texture": "#0"},
				"east": {"uv": [10.5, 13.5, 10.75, 14], "texture": "#0"},
				"south": {"uv": [1, 13, 1.5, 13.5], "texture": "#0"},
				"west": {"uv": [13.5, 10.5, 13.75, 11], "texture": "#0"},
				"up": {"uv": [11.5, 13.75, 11, 13.5], "texture": "#0"},
				"down": {"uv": [14, 11, 13.5, 11.25], "texture": "#0"}
			}
		},
		{
			"from": [7.6, 6.55, 7.4],
			"to": [8.4, 7.35, 7.7],
			"rotation": {"angle": -22.5, "axis": "x", "origin": [7.3, 6.55, 7.4]},
			"faces": {
				"north": {"uv": [1.5, 13, 2, 13.5], "texture": "#0"},
				"east": {"uv": [11.5, 13.5, 11.75, 14], "texture": "#0"},
				"south": {"uv": [2, 13, 2.5, 13.5], "texture": "#0"},
				"west": {"uv": [13.5, 11.5, 13.75, 12], "texture": "#0"},
				"up": {"uv": [12.5, 13.75, 12, 13.5], "texture": "#0"},
				"down": {"uv": [14, 12, 13.5, 12.25], "texture": "#0"}
			}
		},
		{
			"from": [7.6, 7.2891, 7.09385],
			"to": [8.4, 8.0891, 7.39385],
			"rotation": {"angle": 22.5, "axis": "x", "origin": [7.3, 7.2891, 7.09385]},
			"faces": {
				"north": {"uv": [13, 2, 13.5, 2.5], "texture": "#0"},
				"east": {"uv": [12.5, 13.5, 12.75, 14], "texture": "#0"},
				"south": {"uv": [2.5, 13, 3, 13.5], "texture": "#0"},
				"west": {"uv": [13.5, 12.5, 13.75, 13], "texture": "#0"},
				"up": {"uv": [13.5, 13.75, 13, 13.5], "texture": "#0"},
				"down": {"uv": [14, 13, 13.5, 13.25], "texture": "#0"}
			}
		},
		{
			"from": [7.6, 7.95, 7.4],
			"to": [8.4, 8.75, 7.7],
			"rotation": {"angle": -22.5, "axis": "x", "origin": [7.3, 7.95, 7.4]},
			"faces": {
				"north": {"uv": [13, 2.5, 13.5, 3], "texture": "#0"},
				"east": {"uv": [13.5, 13.5, 13.75, 14], "texture": "#0"},
				"south": {"uv": [3, 13, 3.5, 13.5], "texture": "#0"},
				"west": {"uv": [0, 14, 0.25, 14.5], "texture": "#0"},
				"up": {"uv": [1, 14.25, 0.5, 14], "texture": "#0"},
				"down": {"uv": [1.5, 14, 1, 14.25], "texture": "#0"}
			}
		},
		{
			"from": [7.6, 8.6891, 7.09385],
			"to": [8.4, 9.4891, 7.39385],
			"rotation": {"angle": 22.5, "axis": "x", "origin": [7.3, 8.6891, 7.09385]},
			"faces": {
				"north": {"uv": [13, 3, 13.5, 3.5], "texture": "#0"},
				"east": {"uv": [1.5, 14, 1.75, 14.5], "texture": "#0"},
				"south": {"uv": [3.5, 13, 4, 13.5], "texture": "#0"},
				"west": {"uv": [14, 1.5, 14.25, 2], "texture": "#0"},
				"up": {"uv": [2.5, 14.25, 2, 14], "texture": "#0"},
				"down": {"uv": [14.5, 2, 14, 2.25], "texture": "#0"}
			}
		},
		{
			"from": [7.6, 9.35, 7.4],
			"to": [8.4, 10.15, 7.7],
			"rotation": {"angle": -22.5, "axis": "x", "origin": [7.3, 9.35, 7.4]},
			"faces": {
				"north": {"uv": [13, 3.5, 13.5, 4], "texture": "#0"},
				"east": {"uv": [2.5, 14, 2.75, 14.5], "texture": "#0"},
				"south": {"uv": [4, 13, 4.5, 13.5], "texture": "#0"},
				"west": {"uv": [14, 2.5, 14.25, 3], "texture": "#0"},
				"up": {"uv": [3.5, 14.25, 3, 14], "texture": "#0"},
				"down": {"uv": [14.5, 3, 14, 3.25], "texture": "#0"}
			}
		},
		{
			"from": [7.6, 10.0891, 7.09385],
			"to": [8.4, 10.8891, 7.39385],
			"rotation": {"angle": 22.5, "axis": "x", "origin": [7.3, 10.0891, 7.09385]},
			"faces": {
				"north": {"uv": [4.5, 13, 5, 13.5], "texture": "#0"},
				"east": {"uv": [3.5, 14, 3.75, 14.5], "texture": "#0"},
				"south": {"uv": [5, 13, 5.5, 13.5], "texture": "#0"},
				"west": {"uv": [14, 3.5, 14.25, 4], "texture": "#0"},
				"up": {"uv": [4.5, 14.25, 4, 14], "texture": "#0"},
				"down": {"uv": [14.5, 4, 14, 4.25], "texture": "#0"}
			}
		},
		{
			"from": [7.2, 2, 7.2],
			"to": [8.8, 3, 8.8],
			"rotation": {"angle": 0, "axis": "y", "origin": [8, -1.5, 8]},
			"faces": {
				"north": {"uv": [12, 10.5, 12.75, 11], "texture": "#0"},
				"east": {"uv": [12, 11, 12.75, 11.5], "texture": "#0"},
				"south": {"uv": [1, 12.5, 1.75, 13], "texture": "#0"},
				"west": {"uv": [12.5, 1, 13.25, 1.5], "texture": "#0"},
				"up": {"uv": [11.25, 1.75, 10.5, 1], "texture": "#0"},
				"down": {"uv": [11.25, 4.5, 10.5, 5.25], "texture": "#0"}
			}
		},
		{
			"from": [7.3, 4.2, 7.4],
			"to": [8.7, 5, 8.6],
			"rotation": {"angle": 0, "axis": "y", "origin": [8, 4.7, 8]},
			"faces": {
				"north": {"uv": [12.5, 1.5, 13.25, 2], "texture": "#0"},
				"east": {"uv": [5.5, 13, 6, 13.5], "texture": "#0"},
				"south": {"uv": [12.5, 4, 13.25, 4.5], "texture": "#0"},
				"west": {"uv": [6, 13, 6.5, 13.5], "texture": "#0"},
				"up": {"uv": [13.25, 5, 12.5, 4.5], "texture": "#0"},
				"down": {"uv": [5.75, 12.5, 5, 13], "texture": "#0"}
			}
		},
		{
			"from": [7.51924, 4.2, 6.72929],
			"to": [8.50919, 5, 7.71924],
			"rotation": {"angle": 45, "axis": "y", "origin": [8.21924, 4.7, 7.32929]},
			"faces": {
				"north": {"uv": [6.5, 13, 7, 13.5], "texture": "#0"},
				"east": {"uv": [13, 7, 13.5, 7.5], "texture": "#0"},
				"south": {"uv": [7.5, 13, 8, 13.5], "texture": "#0"},
				"west": {"uv": [13, 7.5, 13.5, 8], "texture": "#0"},
				"up": {"uv": [8.5, 13.5, 8, 13], "texture": "#0"},
				"down": {"uv": [13.5, 8, 13, 8.5], "texture": "#0"}
			}
		},
		{
			"from": [7.51924, 4.2, 8.28076],
			"to": [8.50919, 5, 9.27071],
			"rotation": {"angle": -45, "axis": "y", "origin": [8.21924, 4.7, 8.67071]},
			"faces": {
				"north": {"uv": [8.5, 13, 9, 13.5], "texture": "#0"},
				"east": {"uv": [13, 8.5, 13.5, 9], "texture": "#0"},
				"south": {"uv": [9, 13, 9.5, 13.5], "texture": "#0"},
				"west": {"uv": [13, 9, 13.5, 9.5], "texture": "#0"},
				"up": {"uv": [10, 13.5, 9.5, 13], "texture": "#0"},
				"down": {"uv": [13.5, 9.5, 13, 10], "texture": "#0"}
			}
		},
		{
			"from": [7.51924, 11, 6.72929],
			"to": [8.50919, 11.8, 7.71924],
			"rotation": {"angle": 45, "axis": "y", "origin": [8.21924, 11.5, 7.32929]},
			"faces": {
				"north": {"uv": [10, 13, 10.5, 13.5], "texture": "#0"},
				"east": {"uv": [13, 10, 13.5, 10.5], "texture": "#0"},
				"south": {"uv": [10.5, 13, 11, 13.5], "texture": "#0"},
				"west": {"uv": [13, 10.5, 13.5, 11], "texture": "#0"},
				"up": {"uv": [11.5, 13.5, 11, 13], "texture": "#0"},
				"down": {"uv": [13.5, 11, 13, 11.5], "texture": "#0"}
			}
		},
		{
			"from": [7.3, 11, 7.4],
			"to": [8.7, 11.8, 8.6],
			"rotation": {"angle": 0, "axis": "y", "origin": [8, 11.5, 8]},
			"faces": {
				"north": {"uv": [12.5, 5, 13.25, 5.5], "texture": "#0"},
				"east": {"uv": [11.5, 13, 12, 13.5], "texture": "#0"},
				"south": {"uv": [12.5, 5.5, 13.25, 6], "texture": "#0"},
				"west": {"uv": [13, 11.5, 13.5, 12], "texture": "#0"},
				"up": {"uv": [13.25, 6.5, 12.5, 6], "texture": "#0"},
				"down": {"uv": [13.25, 6.5, 12.5, 7], "texture": "#0"}
			}
		},
		{
			"from": [7.51924, 11, 8.28076],
			"to": [8.50919, 11.8, 9.27071],
			"rotation": {"angle": -45, "axis": "y", "origin": [8.21924, 11.5, 8.67071]},
			"faces": {
				"north": {"uv": [12, 13, 12.5, 13.5], "texture": "#0"},
				"east": {"uv": [13, 12, 13.5, 12.5], "texture": "#0"},
				"south": {"uv": [12.5, 13, 13, 13.5], "texture": "#0"},
				"west": {"uv": [13, 12.5, 13.5, 13], "texture": "#0"},
				"up": {"uv": [13.5, 13.5, 13, 13], "texture": "#0"},
				"down": {"uv": [0.5, 13.5, 0, 14], "texture": "#0"}
			}
		},
		{
			"from": [7.3, 12.7, 7.3],
			"to": [8.7, 14.1, 8.7],
			"rotation": {"angle": 45, "axis": "x", "origin": [8, 13.5, 8]},
			"faces": {
				"north": {"uv": [5, 10.5, 5.75, 11.25], "texture": "#0"},
				"east": {"uv": [10.5, 5.5, 11.25, 6.25], "texture": "#0"},
				"south": {"uv": [10.5, 6.5, 11.25, 7.25], "texture": "#0"},
				"west": {"uv": [10.5, 7.5, 11.25, 8.25], "texture": "#0"},
				"up": {"uv": [10.75, 11.25, 10, 10.5], "texture": "#0"},
				"down": {"uv": [0.75, 11, 0, 11.75], "texture": "#0"}
			}
		},
		{
			"from": [7.3, 12.7, 7.3],
			"to": [8.7, 14.1, 8.7],
			"rotation": {"angle": 45, "axis": "z", "origin": [8, 13.5, 8]},
			"faces": {
				"north": {"uv": [11, 0, 11.75, 0.75], "texture": "#0"},
				"east": {"uv": [11, 2, 11.75, 2.75], "texture": "#0"},
				"south": {"uv": [3, 11, 3.75, 11.75], "texture": "#0"},
				"west": {"uv": [11, 3, 11.75, 3.75], "texture": "#0"},
				"up": {"uv": [9.25, 11.75, 8.5, 11], "texture": "#0"},
				"down": {"uv": [11.75, 8.5, 11, 9.25], "texture": "#0"}
			}
		},
		{
			"from": [7.3, 16.2, 7.3],
			"to": [8.7, 17.6, 8.7],
			"rotation": {"angle": 45, "axis": "x", "origin": [8, 17, 8]},
			"faces": {
				"north": {"uv": [11, 9.5, 11.75, 10.25], "texture": "#0"},
				"east": {"uv": [11, 10.5, 11.75, 11.25], "texture": "#0"},
				"south": {"uv": [1, 11.5, 1.75, 12.25], "texture": "#0"},
				"west": {"uv": [11.5, 1, 12.25, 1.75], "texture": "#0"},
				"up": {"uv": [12.25, 4.75, 11.5, 4], "texture": "#0"},
				"down": {"uv": [5.75, 11.5, 5, 12.25], "texture": "#0"}
			}
		},
		{
			"from": [7.3, 16.2, 7.3],
			"to": [8.7, 17.6, 8.7],
			"rotation": {"angle": 45, "axis": "z", "origin": [8, 17, 8]},
			"faces": {
				"north": {"uv": [11.5, 5, 12.25, 5.75], "texture": "#0"},
				"east": {"uv": [11.5, 6, 12.25, 6.75], "texture": "#0"},
				"south": {"uv": [7, 11.5, 7.75, 12.25], "texture": "#0"},
				"west": {"uv": [11.5, 7, 12.25, 7.75], "texture": "#0"},
				"up": {"uv": [10.25, 12.25, 9.5, 11.5], "texture": "#0"},
				"down": {"uv": [11.25, 11.5, 10.5, 12.25], "texture": "#0"}
			}
		},
		{
			"from": [7.2, -0.7, 7.2],
			"to": [8.8, 0.9, 8.8],
			"rotation": {"angle": 45, "axis": "x", "origin": [8, 0.1, 8]},
			"faces": {
				"north": {"uv": [11.5, 11.5, 12.25, 12.25], "texture": "#0"},
				"east": {"uv": [0, 12, 0.75, 12.75], "texture": "#0"},
				"south": {"uv": [12, 0, 12.75, 0.75], "texture": "#0"},
				"west": {"uv": [2, 12, 2.75, 12.75], "texture": "#0"},
				"up": {"uv": [12.75, 2.75, 12, 2], "texture": "#0"},
				"down": {"uv": [3.75, 12, 3, 12.75], "texture": "#0"}
			}
		},
		{
			"from": [7.2, -0.7, 7.2],
			"to": [8.8, 0.9, 8.8],
			"rotation": {"angle": 45, "axis": "z", "origin": [8, 0.1, 8]},
			"faces": {
				"north": {"uv": [12, 3, 12.75, 3.75], "texture": "#0"},
				"east": {"uv": [4, 12, 4.75, 12.75], "texture": "#0"},
				"south": {"uv": [6, 12, 6.75, 12.75], "texture": "#0"},
				"west": {"uv": [8, 12, 8.75, 12.75], "texture": "#0"},
				"up": {"uv": [12.75, 8.75, 12, 8], "texture": "#0"},
				"down": {"uv": [12.75, 9, 12, 9.75], "texture": "#0"}
			}
		},
		{
			"from": [6.7, 13.8, 6.7],
			"to": [9.3, 16.4, 9.3],
			"rotation": {"angle": 0, "axis": "y", "origin": [7.95, 13.5, 9.75]},
			"faces": {
				"north": {"uv": [8, 7, 9.25, 8.25], "texture": "#0"},
				"east": {"uv": [8, 8.5, 9.25, 9.75], "texture": "#0"},
				"south": {"uv": [1, 9, 2.25, 10.25], "texture": "#0"},
				"west": {"uv": [9, 1, 10.25, 2.25], "texture": "#0"},
				"up": {"uv": [6.25, 10.25, 5, 9], "texture": "#0"},
				"down": {"uv": [10.25, 5, 9, 6.25], "texture": "#0"}
			}
		},
		{
			"from": [7, 14, 3.4],
			"to": [9, 16, 6.7],
			"rotation": {"angle": 22.5, "axis": "x", "origin": [7, 14, 6.7]},
			"faces": {
				"north": {"uv": [10, 0, 11, 1], "texture": "#0"},
				"east": {"uv": [8, 0, 9.75, 1], "texture": "#0"},
				"south": {"uv": [10, 2.5, 11, 3.5], "texture": "#0"},
				"west": {"uv": [1, 8, 2.75, 9], "texture": "#0"},
				"up": {"uv": [9, 2.75, 8, 1], "texture": "#0"},
				"down": {"uv": [4, 8, 3, 9.75], "texture": "#0"}
			}
		},
		{
			"from": [7.2, 7.94873, 1.45002],
			"to": [8.8, 13.94873, 3.25002],
			"rotation": {"angle": 45, "axis": "x", "origin": [7, 11.94873, 6.75002]},
			"faces": {
				"north": {"uv": [7, 0, 7.75, 3], "texture": "#0"},
				"east": {"uv": [5, 0, 6, 3], "texture": "#0"},
				"south": {"uv": [7, 3, 7.75, 6], "texture": "#0"},
				"west": {"uv": [5, 3, 6, 6], "texture": "#0"},
				"up": {"uv": [9.25, 11, 8.5, 10], "texture": "#0"},
				"down": {"uv": [10.75, 8.5, 10, 9.5], "texture": "#0"}
			}
		},
		{
			"from": [7.2, 7.94873, 12.74998],
			"to": [8.8, 13.94873, 14.54998],
			"rotation": {"angle": -45, "axis": "x", "origin": [7, 11.94873, 9.24998]},
			"faces": {
				"north": {"uv": [7.75, 3, 7, 6], "texture": "#0"},
				"east": {"uv": [6, 0, 5, 3], "texture": "#0"},
				"south": {"uv": [7.75, 0, 7, 3], "texture": "#0"},
				"west": {"uv": [6, 3, 5, 6], "texture": "#0"},
				"up": {"uv": [10.75, 10.5, 10, 9.5], "texture": "#0"},
				"down": {"uv": [1.75, 10.5, 1, 11.5], "texture": "#0"}
			}
		},
		{
			"from": [8, 4.94873, 11.24998],
			"to": [8, 14.94873, 16.24998],
			"rotation": {"angle": -45, "axis": "x", "origin": [7.8, 11.94873, 9.24998]},
			"faces": {
				"north": {"uv": [0, 0, 0, 4], "texture": "#0"},
				"east": {"uv": [2.5, 4, 5, 8], "texture": "#0"},
				"south": {"uv": [0, 0, 0, 4], "texture": "#0"},
				"west": {"uv": [5, 4, 2.5, 8], "texture": "#0"},
				"up": {"uv": [0, 2.5, 0, 0], "texture": "#0"},
				"down": {"uv": [0, 0, 0, 2.5], "texture": "#0"}
			}
		},
		{
			"from": [8, 4.94873, -0.24998],
			"to": [8, 14.94873, 4.75002],
			"rotation": {"angle": 45, "axis": "x", "origin": [7.8, 11.94873, 6.75002]},
			"faces": {
				"north": {"uv": [0, 0, 0, 4], "texture": "#0"},
				"east": {"uv": [5, 4, 2.5, 8], "texture": "#0"},
				"south": {"uv": [0, 0, 0, 4], "texture": "#0"},
				"west": {"uv": [2.5, 4, 5, 8], "texture": "#0"},
				"up": {"uv": [0, 2.5, 0, 0], "texture": "#0"},
				"down": {"uv": [0, 0, 0, 2.5], "texture": "#0"}
			}
		},
		{
			"from": [7.5, 10.30316, 15.3319],
			"to": [8.5, 10.99199, 16.99488],
			"rotation": {"angle": -22.5, "axis": "x", "origin": [7, 8.99199, 11.69488]},
			"faces": {
				"north": {"uv": [4.5, 14, 5, 14.25], "texture": "#0"},
				"east": {"uv": [14.25, 0.5, 13.5, 0.75], "texture": "#0"},
				"south": {"uv": [5.5, 14, 5, 14.25], "texture": "#0"},
				"west": {"uv": [13.5, 1.25, 14.25, 1], "texture": "#0"},
				"up": {"uv": [2.5, 11.25, 2, 10.5], "texture": "#0"},
				"down": {"uv": [7.5, 13.25, 7, 12.5], "texture": "#0"}
			}
		},
		{
			"from": [7.5, 10.30316, -0.99488],
			"to": [8.5, 10.99199, 0.6681],
			"rotation": {"angle": 22.5, "axis": "x", "origin": [7, 8.99199, 4.30512]},
			"faces": {
				"north": {"uv": [5, 14, 5.5, 14.25], "texture": "#0"},
				"east": {"uv": [13.5, 0.5, 14.25, 0.75], "texture": "#0"},
				"south": {"uv": [14, 5, 14.5, 5.25], "texture": "#0"},
				"west": {"uv": [13.5, 1, 14.25, 1.25], "texture": "#0"},
				"up": {"uv": [9.5, 12.75, 9, 12], "texture": "#0"},
				"down": {"uv": [7.5, 12.5, 7, 13.25], "texture": "#0"}
			}
		},
		{
			"from": [7, 14, 9.3],
			"to": [9, 16, 12.6],
			"shade": false,
			"rotation": {"angle": -22.5, "axis": "x", "origin": [7, 14, 9.3]},
			"faces": {
				"north": {"uv": [3, 10, 4, 11], "texture": "#0"},
				"east": {"uv": [9.75, 0, 8, 1], "texture": "#0"},
				"south": {"uv": [10, 0, 11, 1], "texture": "#0"},
				"west": {"uv": [2.75, 8, 1, 9], "texture": "#0"},
				"up": {"uv": [9, 1, 8, 2.75], "texture": "#0"},
				"down": {"uv": [4, 9.75, 3, 8], "texture": "#0"}
			}
		}
	],
	"display": {
		"thirdperson_righthand": {
			"translation": [0, 5.25, 1.5],
			"scale": [1.4, 1.4, 1.4]
		},
		"thirdperson_lefthand": {
			"translation": [0, 5.25, 1.5],
			"scale": [1.4, 1.4, 1.4]
		},
		"firstperson_righthand": {
			"translation": [0, 3, 0],
			"scale": [1.2, 1.2, 1.2]
		},
		"firstperson_lefthand": {
			"translation": [0, 3, 0],
			"scale": [1.2, 1.2, 1.2]
		},
		"ground": {
			"translation": [0, 8, 0],
			"scale": [1.2, 1.2, 1.2]
		},
		"gui": {
			"rotation": [-90, 67.5, 90],
			"translation": [1, -0.5, 0],
			"scale": [0.8, 0.8, 0.8]
		},
		"fixed": {
			"rotation": [0, -90, 0],
			"translation": [0, 0, -0.25],
			"scale": [0.9, 0.9, 0.9]
		}
	},
	"groups": [
		{
			"name": "pickaxe",
			"origin": [8, 8, 8],
			"color": 0,
			"children": [0, 1, 2, 3, 4, 5, 6, 7, 8, 9, 10, 11, 12, 13, 14, 15, 16, 17, 18, 19, 20, 21, 22, 23, 24, 25, 26, 27, 28, 29, 30, 31, 32, 33, 34, 35, 36, 37, 38, 39, 40]
		}
	]
}