{
	"credit": "Made with Blockbench",
	"texture_size": [64, 64],
	"textures": {
		"1": "default/moon_sword"
	},
	"elements": [
		{
			"from": [7.5, -3.4232, 15.25671],
			"to": [8.5, -2.4232, 16.25671],
			"rotation": {"angle": -45, "axis": "x", "origin": [8, -2.9232, 15.75671]},
			"faces": {
				"north": {"uv": [3.25, 3, 3.5, 3.25], "texture": "#1"},
				"east": {"uv": [3, 3, 3.25, 3.25], "texture": "#1"},
				"south": {"uv": [3.75, 3, 4, 3.25], "texture": "#1"},
				"west": {"uv": [3.5, 3, 3.75, 3.25], "texture": "#1"},
				"up": {"uv": [3.5, 3, 3.25, 2.75], "texture": "#1"},
				"down": {"uv": [3.75, 2.75, 3.5, 3], "texture": "#1"}
			}
		},
		{
			"name": "handle_bauble",
			"from": [7, -3.45, 1.62143],
			"to": [9, -2.45, 14.62143],
			"rotation": {"angle": 0, "axis": "y", "origin": [8, -2.95, 8.12143]},
			"faces": {
				"north": {"uv": [5.25, 3.25, 5.75, 3.5], "texture": "#1"},
				"east": {"uv": [2, 3.25, 5.25, 3.5], "texture": "#1"},
				"south": {"uv": [9, 3.25, 9.5, 3.5], "texture": "#1"},
				"west": {"uv": [5.75, 3.25, 9, 3.5], "texture": "#1"},
				"up": {"uv": [5.75, 3.25, 5.25, 0], "texture": "#1"},
				"down": {"uv": [6.25, 0, 5.75, 3.25], "texture": "#1"}
			}
		},
		{
			"name": "handle_bauble",
			"from": [6.5, -4, 3.12143],
			"to": [9.5, -2, 13.12143],
			"rotation": {"angle": 0, "axis": "y", "origin": [8, -2.5, 8.62143]},
			"faces": {
				"north": {"uv": [6.5, 6, 7.25, 6.5], "texture": "#1"},
				"east": {"uv": [4, 6, 6.5, 6.5], "texture": "#1"},
				"south": {"uv": [9.75, 6, 10.5, 6.5], "texture": "#1"},
				"west": {"uv": [7.25, 6, 9.75, 6.5], "texture": "#1"},
				"up": {"uv": [7.25, 6, 6.5, 3.5], "texture": "#1"},
				"down": {"uv": [8, 3.5, 7.25, 6], "texture": "#1"}
			}
		},
		{
			"name": "handle_bauble",
			"from": [7, -13, 7.12143],
			"to": [9, -4, 9.12143],
			"rotation": {"angle": 0, "axis": "y", "origin": [8.5, -3.5, 8.62143]},
			"faces": {
				"north": {"uv": [2.5, 0.5, 3, 2.75], "texture": "#1"},
				"east": {"uv": [2, 0.5, 2.5, 2.75], "texture": "#1"},
				"south": {"uv": [3.5, 0.5, 4, 2.75], "texture": "#1"},
				"west": {"uv": [3, 0.5, 3.5, 2.75], "texture": "#1"},
				"up": {"uv": [3, 0.5, 2.5, 0], "texture": "#1"},
				"down": {"uv": [3.5, 0, 3, 0.5], "texture": "#1"}
			}
		},
		{
			"name": "handle_bauble",
			"from": [7, -14.5, 5.62143],
			"to": [9, -13.5, 10.62143],
			"rotation": {"angle": 45, "axis": "x", "origin": [6.5, -13.5, 8.12143]},
			"faces": {
				"north": {"uv": [7.5, 2.75, 8, 3], "texture": "#1"},
				"east": {"uv": [6.25, 2.75, 7.5, 3], "texture": "#1"},
				"south": {"uv": [9.25, 2.75, 9.75, 3], "texture": "#1"},
				"west": {"uv": [8, 2.75, 9.25, 3], "texture": "#1"},
				"up": {"uv": [8, 2.75, 7.5, 1.5], "texture": "#1"},
				"down": {"uv": [8.5, 1.5, 8, 2.75], "texture": "#1"}
			}
		},
		{
			"name": "handle_bauble",
			"from": [7, -14.5, 5.62143],
			"to": [9, -13.5, 10.62143],
			"rotation": {"angle": -45, "axis": "x", "origin": [6.5, -13.5, 8.12143]},
			"faces": {
				"north": {"uv": [7.5, 1.25, 8, 1.5], "texture": "#1"},
				"east": {"uv": [6.25, 1.25, 7.5, 1.5], "texture": "#1"},
				"south": {"uv": [9.25, 1.25, 9.75, 1.5], "texture": "#1"},
				"west": {"uv": [8, 1.25, 9.25, 1.5], "texture": "#1"},
				"up": {"uv": [8, 1.25, 7.5, 0], "texture": "#1"},
				"down": {"uv": [8.5, 0, 8, 1.25], "texture": "#1"}
			}
		},
		{
			"name": "handle_bauble",
			"from": [6.5, -15, 7.62143],
			"to": [9.5, -12, 9.62143],
			"rotation": {"angle": 45, "axis": "x", "origin": [7, -13.5, 8.12143]},
			"faces": {
				"north": {"uv": [4.5, 5.25, 5.25, 6], "texture": "#1"},
				"east": {"uv": [4, 5.25, 4.5, 6], "texture": "#1"},
				"south": {"uv": [5.75, 5.25, 6.5, 6], "texture": "#1"},
				"west": {"uv": [5.25, 5.25, 5.75, 6], "texture": "#1"},
				"up": {"uv": [5.25, 5.25, 4.5, 4.75], "texture": "#1"},
				"down": {"uv": [6, 4.75, 5.25, 5.25], "texture": "#1"}
			}
		},
		{
			"name": "handle_bauble",
			"from": [6.5, -15.37123, 6.46766],
			"to": [9.5, -13.37123, 7.46766],
			"rotation": {"angle": 45, "axis": "x", "origin": [8, -13.87123, 8.49266]},
			"faces": {
				"north": {"uv": [0.25, 0.25, 1, 0.75], "texture": "#1"},
				"east": {"uv": [0, 0.25, 0.25, 0.75], "texture": "#1"},
				"south": {"uv": [1.25, 0.25, 2, 0.75], "texture": "#1"},
				"west": {"uv": [1, 0.25, 1.25, 0.75], "texture": "#1"},
				"up": {"uv": [1, 0.25, 0.25, 0], "texture": "#1"},
				"down": {"uv": [1.75, 0, 1, 0.25], "texture": "#1"}
			}
		},
		{
			"from": [6.5, -1.4, 6.87143],
			"to": [9.5, -0.4, 9.87143],
			"rotation": {"angle": 0, "axis": "y", "origin": [8.5, 11.5, 7.62143]},
			"faces": {
				"north": {"uv": [8.75, 5.25, 9.5, 5.5], "texture": "#1"},
				"east": {"uv": [8, 5.25, 8.75, 5.5], "texture": "#1"},
				"south": {"uv": [10.25, 5.25, 11, 5.5], "texture": "#1"},
				"west": {"uv": [9.5, 5.25, 10.25, 5.5], "texture": "#1"},
				"up": {"uv": [9.5, 5.25, 8.75, 4.5], "texture": "#1"},
				"down": {"uv": [10.25, 4.5, 9.5, 5.25], "texture": "#1"}
			}
		},
		{
			"from": [6.49, -4.41, 5.86143],
			"to": [9.51, -1.39, 7.88143],
			"rotation": {"angle": 0, "axis": "y", "origin": [8.5, 11.5, 7.62143]},
			"faces": {
				"north": {"uv": [4.5, 4, 5.25, 4.75], "texture": "#1"},
				"east": {"uv": [4, 4, 4.5, 4.75], "texture": "#1"},
				"south": {"uv": [5.75, 4, 6.5, 4.75], "texture": "#1"},
				"west": {"uv": [5.25, 4, 5.75, 4.75], "texture": "#1"},
				"up": {"uv": [5.25, 4, 4.5, 3.5], "texture": "#1"},
				"down": {"uv": [6, 3.5, 5.25, 4], "texture": "#1"}
			}
		},
		{
			"from": [6.5, -5.4, 6.87143],
			"to": [9.5, -4.4, 9.87143],
			"rotation": {"angle": 0, "axis": "y", "origin": [8.5, 11.5, 7.62143]},
			"faces": {
				"north": {"uv": [8.75, 4.25, 9.5, 4.5], "texture": "#1"},
				"east": {"uv": [8, 4.25, 8.75, 4.5], "texture": "#1"},
				"south": {"uv": [10.25, 4.25, 11, 4.5], "texture": "#1"},
				"west": {"uv": [9.5, 4.25, 10.25, 4.5], "texture": "#1"},
				"up": {"uv": [9.5, 4.25, 8.75, 3.5], "texture": "#1"},
				"down": {"uv": [10.25, 3.5, 9.5, 4.25], "texture": "#1"}
			}
		},
		{
			"name": "handle_bauble",
			"from": [7.5, 21, 8.8],
			"to": [8.5, 25, 10.8],
			"rotation": {"angle": 0, "axis": "y", "origin": [9, -4.5, 7.6]},
			"faces": {
				"north": {"uv": [8.5, 8.75, 8.75, 9.75], "texture": "#1"},
				"east": {"uv": [8, 8.75, 8.5, 9.75], "texture": "#1"},
				"south": {"uv": [9.25, 8.75, 9.5, 9.75], "texture": "#1"},
				"west": {"uv": [8.75, 8.75, 9.25, 9.75], "texture": "#1"},
				"up": {"uv": [8.75, 8.75, 8.5, 8.25], "texture": "#1"},
				"down": {"uv": [9, 8.25, 8.75, 8.75], "texture": "#1"}
			}
		},
		{
			"name": "handle_bauble",
			"from": [7.5, -2, 8.8],
			"to": [8.5, 21, 11.8],
			"rotation": {"angle": 0, "axis": "y", "origin": [9, -4.5, 7.6]},
			"faces": {
				"north": {"uv": [6.75, 7.25, 7, 13], "texture": "#1"},
				"east": {"uv": [6, 7.25, 6.75, 13], "texture": "#1"},
				"south": {"uv": [7.75, 7.25, 8, 13], "texture": "#1"},
				"west": {"uv": [7, 7.25, 7.75, 13], "texture": "#1"},
				"up": {"uv": [7, 7.25, 6.75, 6.5], "texture": "#1"},
				"down": {"uv": [7.25, 6.5, 7, 7.25], "texture": "#1"}
			}
		},
		{
			"name": "handle_bauble",
			"from": [8, -3, 8.775],
			"to": [8, 27, 12.775],
			"rotation": {"angle": 0, "axis": "y", "origin": [9.5, -4.5, 7.6]},
			"faces": {
				"north": {"uv": [3, 3.5, 3, 11], "texture": "#1"},
				"east": {"uv": [2, 3.5, 3, 11], "texture": "#1"},
				"south": {"uv": [4, 3.5, 4, 11], "texture": "#1"},
				"west": {"uv": [3, 3.5, 4, 11], "texture": "#1"},
				"up": {"uv": [3, 3.5, 3, 2.5], "texture": "#1"},
				"down": {"uv": [3, 2.5, 3, 3.5], "texture": "#1"}
			}
		},
		{
			"name": "handle_bauble",
			"from": [7.5, -2, 4.3],
			"to": [8.5, 23, 7.3],
			"rotation": {"angle": 0, "axis": "y", "origin": [9, -4.5, 8.95]},
			"faces": {
				"north": {"uv": [4.75, 7.25, 5, 13.5], "texture": "#1"},
				"east": {"uv": [4, 7.25, 4.75, 13.5], "texture": "#1"},
				"south": {"uv": [5.75, 7.25, 6, 13.5], "texture": "#1"},
				"west": {"uv": [5, 7.25, 5.75, 13.5], "texture": "#1"},
				"up": {"uv": [5, 7.25, 4.75, 6.5], "texture": "#1"},
				"down": {"uv": [5.25, 6.5, 5, 7.25], "texture": "#1"}
			}
		},
		{
			"name": "handle_bauble",
			"from": [8, -2, 3.325],
			"to": [8, 30, 7.325],
			"rotation": {"angle": 0, "axis": "y", "origin": [9.5, -4.5, 8.95]},
			"faces": {
				"north": {"uv": [1, 1, 1, 9], "texture": "#1"},
				"east": {"uv": [0, 1, 1, 9], "texture": "#1"},
				"south": {"uv": [2, 1, 2, 9], "texture": "#1"},
				"west": {"uv": [1, 1, 2, 9], "texture": "#1"},
				"up": {"uv": [1, 1, 1, 0], "texture": "#1"},
				"down": {"uv": [1, 0, 1, 1], "texture": "#1"}
			}
		},
		{
			"name": "handle_bauble",
			"from": [7.5, 23, 5.3],
			"to": [8.5, 28, 7.3],
			"rotation": {"angle": 0, "axis": "y", "origin": [9, -2.5, 8.1]},
			"faces": {
				"north": {"uv": [8.5, 7, 8.75, 8.25], "texture": "#1"},
				"east": {"uv": [8, 7, 8.5, 8.25], "texture": "#1"},
				"south": {"uv": [9.25, 7, 9.5, 8.25], "texture": "#1"},
				"west": {"uv": [8.75, 7, 9.25, 8.25], "texture": "#1"},
				"up": {"uv": [8.75, 7, 8.5, 6.5], "texture": "#1"},
				"down": {"uv": [9, 6.5, 8.75, 7], "texture": "#1"}
			}
		},
		{
			"from": [7.5, -3.4232, -0.01386],
			"to": [8.5, -2.4232, 0.98614],
			"rotation": {"angle": 45, "axis": "x", "origin": [8, -2.9232, 0.48614]},
			"faces": {
				"north": {"uv": [2.25, 3, 2.5, 3.25], "texture": "#1"},
				"east": {"uv": [2, 3, 2.25, 3.25], "texture": "#1"},
				"south": {"uv": [2.75, 3, 3, 3.25], "texture": "#1"},
				"west": {"uv": [2.5, 3, 2.75, 3.25], "texture": "#1"},
				"up": {"uv": [2.5, 3, 2.25, 2.75], "texture": "#1"},
				"down": {"uv": [2.75, 2.75, 2.5, 3], "texture": "#1"}
			}
		}
	],
	"gui_light": "front",
	"display": {
		"thirdperson_righthand": {
			"translation": [-0.25, 10.75, 0.75],
			"scale": [0.69, 0.69, 0.69]
		},
		"thirdperson_lefthand": {
			"translation": [-0.25, 10.75, 0.75],
			"scale": [0.69, 0.69, 0.69]
		},
		"firstperson_righthand": {
			"rotation": [15, 25, 1],
			"translation": [4.25, 3.25, -1.25],
			"scale": [0.43, 0.43, 0.43]
		},
		"firstperson_lefthand": {
			"rotation": [15, -6, 1],
			"translation": [2.5, 6.25, 1.25],
			"scale": [0.43, 0.43, 0.43]
		},
		"ground": {
			"rotation": [-45, 0, 0],
			"translation": [0, 6.25, 0],
			"scale": [0.5, 0.5, 0.5]
		},
		"gui": {
			"rotation": [90, -135, 90],
			"translation": [0.75, 0.75, -0.25],
			"scale": [0.45, 0.45, 0.45]
		},
		"head": {
			"rotation": [90, -38, -90],
			"translation": [-3.75, -15.5, 3.75],
			"scale": [0.8, 0.8, 0.8]
		},
		"fixed": {
			"rotation": [-90, 45, 90],
			"translation": [-2.25, 0.25, -1.75]
		}
	},
	"groups": [
		{
			"name": "group",
			"origin": [8, 8, 8],
			"color": 0,
			"children": [
				0,
				1,
				2,
				3,
				4,
				5,
				6,
				7,
				8,
				9,
				10,
				11,
				12,
				13,
				14,
				15,
				16,
				17,
				{
					"name": "blade",
					"origin": [9, -6.5, 8.5],
					"color": 8,
					"children": []
				},
				{
					"name": "mooin",
					"origin": [-0.5, 2, 0],
					"color": 0,
					"children": [
						{
							"name": "handle",
							"origin": [8, -6.5, 8.5],
							"color": 2,
							"children": []
						}
					]
				}
			]
		}
	]
}