{
	"credit": "Made with Blockbench",
	"texture_size": [64, 64],
	"textures": {
		"1": "default/moon_pickaxe"
	},
	"elements": [
		{
			"name": "handle_bauble",
			"from": [7, -0.5, 5.5],
			"to": [9, 0.5, 10.5],
			"rotation": {"angle": 45, "axis": "x", "origin": [6.5, 0.5, 8]},
			"faces": {
				"north": {"uv": [5, 2.25, 5.5, 2.5], "texture": "#1"},
				"east": {"uv": [3.75, 2.25, 5, 2.5], "texture": "#1"},
				"south": {"uv": [6.75, 2.25, 7.25, 2.5], "texture": "#1"},
				"west": {"uv": [5.5, 2.25, 6.75, 2.5], "texture": "#1"},
				"up": {"uv": [5.5, 2.25, 5, 1], "texture": "#1"},
				"down": {"uv": [6, 1, 5.5, 2.25], "texture": "#1"}
			}
		},
		{
			"name": "handle_bauble",
			"from": [7, -0.5, 5.5],
			"to": [9, 0.5, 10.5],
			"rotation": {"angle": -45, "axis": "x", "origin": [6.5, 0.5, 8]},
			"faces": {
				"north": {"uv": [2.5, 3.5, 3, 3.75], "texture": "#1"},
				"east": {"uv": [1.25, 3.5, 2.5, 3.75], "texture": "#1"},
				"south": {"uv": [4.25, 3.5, 4.75, 3.75], "texture": "#1"},
				"west": {"uv": [3, 3.5, 4.25, 3.75], "texture": "#1"},
				"up": {"uv": [3, 3.5, 2.5, 2.25], "texture": "#1"},
				"down": {"uv": [3.5, 2.25, 3, 3.5], "texture": "#1"}
			}
		},
		{
			"name": "handle_bauble",
			"from": [6.5, -1, 7.5],
			"to": [9.5, 2, 9.5],
			"rotation": {"angle": 45, "axis": "x", "origin": [7, 0.5, 8]},
			"faces": {
				"north": {"uv": [7.25, 6.5, 8, 7.25], "texture": "#1"},
				"east": {"uv": [6.75, 6.5, 7.25, 7.25], "texture": "#1"},
				"south": {"uv": [8.5, 6.5, 9.25, 7.25], "texture": "#1"},
				"west": {"uv": [8, 6.5, 8.5, 7.25], "texture": "#1"},
				"up": {"uv": [8, 6.5, 7.25, 6], "texture": "#1"},
				"down": {"uv": [8.75, 6, 8, 6.5], "texture": "#1"}
			}
		},
		{
			"name": "handle_bauble",
			"from": [6.5, -1.37123, 6.34623],
			"to": [9.5, 0.62877, 7.34623],
			"rotation": {"angle": 45, "axis": "x", "origin": [8, 0.12877, 8.37123]},
			"faces": {
				"north": {"uv": [4, 0.25, 4.75, 0.75], "texture": "#1"},
				"east": {"uv": [3.75, 0.25, 4, 0.75], "texture": "#1"},
				"south": {"uv": [5, 0.25, 5.75, 0.75], "texture": "#1"},
				"west": {"uv": [4.75, 0.25, 5, 0.75], "texture": "#1"},
				"up": {"uv": [4.75, 0.25, 4, 0], "texture": "#1"},
				"down": {"uv": [5.5, 0, 4.75, 0.25], "texture": "#1"}
			}
		},
		{
			"from": [7.49, 16.99, 7.49],
			"to": [8.51, 25.01, 8.51],
			"rotation": {"angle": 22.5, "axis": "x", "origin": [8, 17, 8]},
			"faces": {
				"north": {"uv": [7, 7.75, 7.25, 9.75], "texture": "#1"},
				"east": {"uv": [6.75, 7.75, 7, 9.75], "texture": "#1"},
				"south": {"uv": [7.5, 7.75, 7.75, 9.75], "texture": "#1"},
				"west": {"uv": [7.25, 7.75, 7.5, 9.75], "texture": "#1"},
				"up": {"uv": [7.25, 7.75, 7, 7.5], "texture": "#1"},
				"down": {"uv": [7.5, 7.5, 7.25, 7.75], "texture": "#1"}
			}
		},
		{
			"from": [7.5, 0, 7.5],
			"to": [8.5, 26, 8.5],
			"rotation": {"angle": 45, "axis": "y", "origin": [8, 13, 8]},
			"faces": {
				"north": {"uv": [0.25, 0.25, 0.5, 6.75], "texture": "#1"},
				"east": {"uv": [0, 0.25, 0.25, 6.75], "texture": "#1"},
				"south": {"uv": [0.75, 0.25, 1, 6.75], "texture": "#1"},
				"west": {"uv": [0.5, 0.25, 0.75, 6.75], "texture": "#1"},
				"up": {"uv": [0.5, 0.25, 0.25, 0], "texture": "#1"},
				"down": {"uv": [0.75, 0, 0.5, 0.25], "texture": "#1"}
			}
		},
		{
			"from": [7.5, 17, 7.5],
			"to": [8.5, 26, 8.5],
			"rotation": {"angle": -22.5, "axis": "x", "origin": [8, 17, 8]},
			"faces": {
				"north": {"uv": [2.5, 7.75, 2.75, 10], "texture": "#1"},
				"east": {"uv": [2.25, 7.75, 2.5, 10], "texture": "#1"},
				"south": {"uv": [3, 7.75, 3.25, 10], "texture": "#1"},
				"west": {"uv": [2.75, 7.75, 3, 10], "texture": "#1"},
				"up": {"uv": [2.75, 7.75, 2.5, 7.5], "texture": "#1"},
				"down": {"uv": [3, 7.5, 2.75, 7.75], "texture": "#1"}
			}
		},
		{
			"from": [6.5, 21.9, 6.75],
			"to": [9.5, 22.9, 9.75],
			"rotation": {"angle": 0, "axis": "y", "origin": [8.5, 7.5, 7.5]},
			"faces": {
				"north": {"uv": [7, 3.5, 7.75, 3.75], "texture": "#1"},
				"east": {"uv": [6.25, 3.5, 7, 3.75], "texture": "#1"},
				"south": {"uv": [8.5, 3.5, 9.25, 3.75], "texture": "#1"},
				"west": {"uv": [7.75, 3.5, 8.5, 3.75], "texture": "#1"},
				"up": {"uv": [7.75, 3.5, 7, 2.75], "texture": "#1"},
				"down": {"uv": [8.5, 2.75, 7.75, 3.5], "texture": "#1"}
			}
		},
		{
			"from": [6.5, 25.9, 6.75],
			"to": [9.5, 26.9, 9.75],
			"rotation": {"angle": 0, "axis": "y", "origin": [8.5, 7.5, 7.5]},
			"faces": {
				"north": {"uv": [7, 0.75, 7.75, 1], "texture": "#1"},
				"east": {"uv": [6.25, 0.75, 7, 1], "texture": "#1"},
				"south": {"uv": [8.5, 0.75, 9.25, 1], "texture": "#1"},
				"west": {"uv": [7.75, 0.75, 8.5, 1], "texture": "#1"},
				"up": {"uv": [7.75, 0.75, 7, 0], "texture": "#1"},
				"down": {"uv": [8.5, 0, 7.75, 0.75], "texture": "#1"}
			}
		},
		{
			"from": [6.48, 22.88, 5.73],
			"to": [9.52, 25.92, 7.77],
			"rotation": {"angle": 0, "axis": "y", "origin": [8.5, 7.5, 7.5]},
			"faces": {
				"north": {"uv": [4.5, 7, 5.25, 7.75], "texture": "#1"},
				"east": {"uv": [4, 7, 4.5, 7.75], "texture": "#1"},
				"south": {"uv": [5.75, 7, 6.5, 7.75], "texture": "#1"},
				"west": {"uv": [5.25, 7, 5.75, 7.75], "texture": "#1"},
				"up": {"uv": [5.25, 7, 4.5, 6.5], "texture": "#1"},
				"down": {"uv": [6, 6.5, 5.25, 7], "texture": "#1"}
			}
		},
		{
			"from": [7.5, 18.84811, -3.12575],
			"to": [8.5, 19.84811, -2.12575],
			"rotation": {"angle": -45, "axis": "x", "origin": [8.5, 19.82311, -2.62575]},
			"faces": {
				"north": {"uv": [1.5, 2.5, 1.75, 2.75], "texture": "#1"},
				"east": {"uv": [1.25, 2.5, 1.5, 2.75], "texture": "#1"},
				"south": {"uv": [2, 2.5, 2.25, 2.75], "texture": "#1"},
				"west": {"uv": [1.75, 2.5, 2, 2.75], "texture": "#1"},
				"up": {"uv": [1.75, 2.5, 1.5, 2.25], "texture": "#1"},
				"down": {"uv": [2, 2.25, 1.75, 2.5], "texture": "#1"}
			}
		},
		{
			"from": [6.99333, 18.33811, -1.13575],
			"to": [9.01333, 20.35811, 2.88425],
			"rotation": {"angle": -45, "axis": "x", "origin": [8.00333, 19.82311, -2.62575]},
			"faces": {
				"north": {"uv": [5, 4, 5.5, 4.5], "texture": "#1"},
				"east": {"uv": [4, 4, 5, 4.5], "texture": "#1"},
				"south": {"uv": [6.5, 4, 7, 4.5], "texture": "#1"},
				"west": {"uv": [5.5, 4, 6.5, 4.5], "texture": "#1"},
				"up": {"uv": [5.5, 4, 5, 3], "texture": "#1"},
				"down": {"uv": [6, 3, 5.5, 4], "texture": "#1"}
			}
		},
		{
			"from": [7.00333, 20.50418, 1.00733],
			"to": [9.00333, 24.50418, 3.00733],
			"rotation": {"angle": -22.5, "axis": "x", "origin": [8.00333, 24.00418, 2.00733]},
			"faces": {
				"north": {"uv": [0.5, 8, 1, 9], "texture": "#1"},
				"east": {"uv": [0, 8, 0.5, 9], "texture": "#1"},
				"south": {"uv": [1.5, 8, 2, 9], "texture": "#1"},
				"west": {"uv": [1, 8, 1.5, 9], "texture": "#1"},
				"up": {"uv": [1, 8, 0.5, 7.5], "texture": "#1"},
				"down": {"uv": [1.5, 7.5, 1, 8], "texture": "#1"}
			}
		},
		{
			"from": [7.00333, 22.49895, 3.00837],
			"to": [9.00333, 25.49895, 6.00837],
			"rotation": {"angle": -22.5, "axis": "x", "origin": [8.00333, 24.49895, 4.50837]},
			"faces": {
				"north": {"uv": [2, 6.5, 2.5, 7.25], "texture": "#1"},
				"east": {"uv": [1.25, 6.5, 2, 7.25], "texture": "#1"},
				"south": {"uv": [3.25, 6.5, 3.75, 7.25], "texture": "#1"},
				"west": {"uv": [2.5, 6.5, 3.25, 7.25], "texture": "#1"},
				"up": {"uv": [2.5, 6.5, 2, 5.75], "texture": "#1"},
				"down": {"uv": [3, 5.75, 2.5, 6.5], "texture": "#1"}
			}
		},
		{
			"from": [6.99333, 22.98685, 5.4785],
			"to": [9.01333, 26.00685, 10.4985],
			"rotation": {"angle": 0, "axis": "y", "origin": [0.00333, 28.99685, -2.5115]},
			"faces": {
				"north": {"uv": [2.5, 1.25, 3, 2], "texture": "#1"},
				"east": {"uv": [1.25, 1.25, 2.5, 2], "texture": "#1"},
				"south": {"uv": [4.25, 1.25, 4.75, 2], "texture": "#1"},
				"west": {"uv": [3, 1.25, 4.25, 2], "texture": "#1"},
				"up": {"uv": [3, 1.25, 2.5, 0], "texture": "#1"},
				"down": {"uv": [3.5, 0, 3, 1.25], "texture": "#1"}
			}
		},
		{
			"from": [7.00333, 22.49895, 9.99163],
			"to": [9.00333, 25.49895, 12.99163],
			"rotation": {"angle": 22.5, "axis": "x", "origin": [8.00333, 24.49895, 11.49163]},
			"faces": {
				"north": {"uv": [5.25, 5.5, 5.75, 6.25], "texture": "#1"},
				"east": {"uv": [4.5, 5.5, 5.25, 6.25], "texture": "#1"},
				"south": {"uv": [6.5, 5.5, 7, 6.25], "texture": "#1"},
				"west": {"uv": [5.75, 5.5, 6.5, 6.25], "texture": "#1"},
				"up": {"uv": [5.75, 5.5, 5.25, 4.75], "texture": "#1"},
				"down": {"uv": [6.25, 4.75, 5.75, 5.5], "texture": "#1"}
			}
		},
		{
			"from": [6.99333, 18.33811, 13.11575],
			"to": [9.01333, 20.35811, 17.13575],
			"rotation": {"angle": 45, "axis": "x", "origin": [8.00333, 19.82311, 18.62575]},
			"faces": {
				"north": {"uv": [2.25, 5, 2.75, 5.5], "texture": "#1"},
				"east": {"uv": [1.25, 5, 2.25, 5.5], "texture": "#1"},
				"south": {"uv": [3.75, 5, 4.25, 5.5], "texture": "#1"},
				"west": {"uv": [2.75, 5, 3.75, 5.5], "texture": "#1"},
				"up": {"uv": [2.75, 5, 2.25, 4], "texture": "#1"},
				"down": {"uv": [3.25, 4, 2.75, 5], "texture": "#1"}
			}
		},
		{
			"from": [7.00333, 20.50418, 12.99267],
			"to": [9.00333, 24.50418, 14.99267],
			"rotation": {"angle": 22.5, "axis": "x", "origin": [8.00333, 24.00418, 13.99267]},
			"faces": {
				"north": {"uv": [7.75, 4.5, 8.25, 5.5], "texture": "#1"},
				"east": {"uv": [7.25, 4.5, 7.75, 5.5], "texture": "#1"},
				"south": {"uv": [8.75, 4.5, 9.25, 5.5], "texture": "#1"},
				"west": {"uv": [8.25, 4.5, 8.75, 5.5], "texture": "#1"},
				"up": {"uv": [8.25, 4.5, 7.75, 4], "texture": "#1"},
				"down": {"uv": [8.75, 4, 8.25, 4.5], "texture": "#1"}
			}
		},
		{
			"from": [7.5, 18.84811, 18.12575],
			"to": [8.5, 19.84811, 19.12575],
			"rotation": {"angle": 45, "axis": "x", "origin": [8.5, 19.82311, 18.62575]},
			"faces": {
				"north": {"uv": [1.5, 0.25, 1.75, 0.5], "texture": "#1"},
				"east": {"uv": [1.25, 0.25, 1.5, 0.5], "texture": "#1"},
				"south": {"uv": [2, 0.25, 2.25, 0.5], "texture": "#1"},
				"west": {"uv": [1.75, 0.25, 2, 0.5], "texture": "#1"},
				"up": {"uv": [1.75, 0.25, 1.5, 0], "texture": "#1"},
				"down": {"uv": [2, 0, 1.75, 0.25], "texture": "#1"}
			}
		}
	],
	"gui_light": "front",
	"display": {
		"thirdperson_righthand": {
			"translation": [0, 0.5, 0.75],
			"scale": [0.92, 0.92, 0.92]
		},
		"thirdperson_lefthand": {
			"translation": [0, 0.5, 0.75],
			"scale": [0.92, 0.92, 0.92]
		},
		"firstperson_righthand": {
			"rotation": [30, 0, 0],
			"translation": [6, -5.25, -8],
			"scale": [0.8, 0.8, 0.8]
		},
		"firstperson_lefthand": {
			"rotation": [30, 0, 0],
			"translation": [6, -5.25, -8],
			"scale": [0.8, 0.8, 0.8]
		},
		"ground": {
			"rotation": [-45, 0, 0],
			"translation": [0, 2, 0],
			"scale": [0.5, 0.5, 0.5]
		},
		"gui": {
			"rotation": [-90, -45, -90],
			"translation": [-2, -2, 1.5],
			"scale": [0.55, 0.55, 0.55]
		},
		"head": {
			"rotation": [90, -38, -90],
			"translation": [-4.25, -12.5, 4.25],
			"scale": [1.3, 1.3, 1.3]
		},
		"fixed": {
			"rotation": [-90, 45, 90],
			"translation": [5.5, -3.75, -0.25]
		}
	},
	"groups": [
		{
			"name": "group",
			"origin": [8, 8, 8],
			"color": 0,
			"children": [
				0,
				1,
				2,
				3,
				4,
				5,
				6,
				7,
				8,
				9,
				{
					"name": "group",
					"origin": [8.5, 19.82311, 18.62575],
					"color": 0,
					"children": [10, 11, 12, 13, 14, 15, 16, 17, 18]
				}
			]
		}
	]
}