{
	"credit": "Made with Blockbench",
	"parent": "nocsy_dragon_sword",
	"texture_size": [128, 128],
	"textures": {
		"0": "default/nocsy_dragon_sword",
		"particle": "default/nocsy_dragon_sword"
	},
	"elements": [
		{
			"from": [4.40866, -6.53806, 6.5],
			"to": [9.40866, -3.53806, 9.5],
			"rotation": {"angle": -22.5, "axis": "z", "origin": [7.80866, -2.93806, 8]},
			"faces": {
				"north": {"uv": [5.25, 2.375, 4.625, 2.75], "texture": "#0"},
				"east": {"uv": [4.625, 5, 5, 5.375], "texture": "#0"},
				"south": {"uv": [4.625, 2.375, 5.25, 2.75], "texture": "#0"},
				"west": {"uv": [5, 5, 5.375, 5.375], "texture": "#0"},
				"up": {"uv": [5.25, 3.125, 4.625, 2.75], "texture": "#0"},
				"down": {"uv": [5.25, 3.125, 4.625, 3.5], "texture": "#0"}
			}
		},
		{
			"from": [1.91607, -3.21172, 6.7],
			"to": [4.51607, -0.61172, 9.3],
			"rotation": {"angle": -45, "axis": "z", "origin": [2.01607, -2.81172, 8]},
			"faces": {
				"north": {"uv": [5.5, 0.75, 5.125, 1.125], "texture": "#0"},
				"east": {"uv": [5.125, 0.375, 5.5, 0.75], "texture": "#0"},
				"south": {"uv": [5.125, 0.75, 5.5, 1.125], "texture": "#0"},
				"west": {"uv": [5.125, 1.125, 5.5, 1.5], "texture": "#0"},
				"up": {"uv": [5.5, 1.875, 5.125, 1.5], "texture": "#0"},
				"down": {"uv": [5.625, 1.875, 5.25, 2.25], "texture": "#0"}
			}
		},
		{
			"from": [1.58678, -3.10964, 7],
			"to": [3.58678, -0.10964, 9],
			"rotation": {"angle": 22.5, "axis": "z", "origin": [2.08678, -1.60964, 7.5]},
			"faces": {
				"north": {"uv": [6, 5.625, 5.75, 6], "texture": "#0"},
				"east": {"uv": [5.75, 5.25, 6, 5.625], "texture": "#0"},
				"south": {"uv": [5.75, 5.625, 6, 6], "texture": "#0"},
				"west": {"uv": [5.875, 0, 6.125, 0.375], "texture": "#0"},
				"up": {"uv": [3.375, 6.625, 3.125, 6.375], "texture": "#0"},
				"down": {"uv": [3.625, 6.375, 3.375, 6.625], "texture": "#0"}
			}
		},
		{
			"from": [0.20067, -0.74665, 7.3],
			"to": [1.60067, 1.65335, 8.7],
			"rotation": {"angle": 45, "axis": "z", "origin": [1.40067, 1.35335, 8]},
			"faces": {
				"north": {"uv": [6.125, 1.125, 5.875, 1.5], "texture": "#0"},
				"east": {"uv": [5.875, 0.75, 6.125, 1.125], "texture": "#0"},
				"south": {"uv": [5.875, 1.125, 6.125, 1.5], "texture": "#0"},
				"west": {"uv": [5.875, 1.5, 6.125, 1.875], "texture": "#0"},
				"up": {"uv": [3.875, 6.625, 3.625, 6.375], "texture": "#0"},
				"down": {"uv": [4.125, 6.375, 3.875, 6.625], "texture": "#0"}
			}
		},
		{
			"from": [-0.39933, 0.45335, 7.5],
			"to": [1.60067, 1.45335, 8.5],
			"rotation": {"angle": -22.5, "axis": "z", "origin": [1.40067, 1.35335, 8]},
			"faces": {
				"north": {"uv": [3, 5.875, 2.625, 6.125], "texture": "#0"},
				"east": {"uv": [6.375, 4.5, 6.625, 4.75], "texture": "#0"},
				"south": {"uv": [2.625, 5.875, 3, 6.125], "texture": "#0"},
				"west": {"uv": [4.625, 6.375, 4.875, 6.625], "texture": "#0"},
				"up": {"uv": [3.375, 6.125, 3, 5.875], "texture": "#0"},
				"down": {"uv": [3.75, 5.875, 3.375, 6.125], "texture": "#0"}
			}
		},
		{
			"from": [4.71607, -7.41172, 6.7],
			"to": [7.31607, -4.81172, 9.3],
			"rotation": {"angle": -45, "axis": "z", "origin": [6.91607, -7.31172, 8]},
			"faces": {
				"north": {"uv": [5.625, 3, 5.25, 3.375], "texture": "#0"},
				"east": {"uv": [5.25, 2.625, 5.625, 3], "texture": "#0"},
				"south": {"uv": [5.25, 3, 5.625, 3.375], "texture": "#0"},
				"west": {"uv": [5.25, 3.375, 5.625, 3.75], "texture": "#0"},
				"up": {"uv": [5.625, 4.125, 5.25, 3.75], "texture": "#0"},
				"down": {"uv": [5.625, 4.125, 5.25, 4.5], "texture": "#0"}
			}
		},
		{
			"from": [5.31399, -7.24101, 7],
			"to": [8.31399, -5.24101, 9],
			"rotation": {"angle": 22.5, "axis": "z", "origin": [6.81399, -6.74101, 7.5]},
			"faces": {
				"north": {"uv": [1.625, 6, 1.25, 6.25], "texture": "#0"},
				"east": {"uv": [5.25, 6.375, 5.5, 6.625], "texture": "#0"},
				"south": {"uv": [1.25, 6, 1.625, 6.25], "texture": "#0"},
				"west": {"uv": [5.5, 6.375, 5.75, 6.625], "texture": "#0"},
				"up": {"uv": [2, 6.25, 1.625, 6], "texture": "#0"},
				"down": {"uv": [6.375, 1.875, 6, 2.125], "texture": "#0"}
			}
		},
		{
			"from": [3.95101, -8.72712, 7.3],
			"to": [6.35101, -7.32712, 8.7],
			"rotation": {"angle": 45, "axis": "z", "origin": [3.85101, -7.42712, 8]},
			"faces": {
				"north": {"uv": [6.375, 2.375, 6, 2.625], "texture": "#0"},
				"east": {"uv": [5.75, 6.375, 6, 6.625], "texture": "#0"},
				"south": {"uv": [6, 2.375, 6.375, 2.625], "texture": "#0"},
				"west": {"uv": [6.375, 5.875, 6.625, 6.125], "texture": "#0"},
				"up": {"uv": [6.375, 2.875, 6, 2.625], "texture": "#0"},
				"down": {"uv": [6.375, 2.875, 6, 3.125], "texture": "#0"}
			}
		},
		{
			"from": [4.15101, -8.52712, 7.6],
			"to": [4.95101, -6.72712, 8.4],
			"rotation": {"angle": -22.5, "axis": "z", "origin": [3.85101, -7.42712, 8]},
			"faces": {
				"north": {"uv": [6.25, 3.5, 6, 3.875], "texture": "#0"},
				"east": {"uv": [6, 3.125, 6.25, 3.5], "texture": "#0"},
				"south": {"uv": [6, 3.5, 6.25, 3.875], "texture": "#0"},
				"west": {"uv": [6, 3.875, 6.25, 4.25], "texture": "#0"},
				"up": {"uv": [6.25, 6.625, 6, 6.375], "texture": "#0"},
				"down": {"uv": [6.625, 6.125, 6.375, 6.375], "texture": "#0"}
			}
		},
		{
			"from": [6.59134, -6.53806, 6.5],
			"to": [11.59134, -3.53806, 9.5],
			"rotation": {"angle": 22.5, "axis": "z", "origin": [8.19134, -2.93806, 8]},
			"faces": {
				"north": {"uv": [4.625, 2.375, 5.25, 2.75], "texture": "#0"},
				"east": {"uv": [5.375, 5, 5, 5.375], "texture": "#0"},
				"south": {"uv": [5.25, 2.375, 4.625, 2.75], "texture": "#0"},
				"west": {"uv": [5, 5, 4.625, 5.375], "texture": "#0"},
				"up": {"uv": [4.625, 3.125, 5.25, 2.75], "texture": "#0"},
				"down": {"uv": [4.625, 3.125, 5.25, 3.5], "texture": "#0"}
			}
		},
		{
			"from": [11.48393, -3.21172, 6.7],
			"to": [14.08393, -0.61172, 9.3],
			"rotation": {"angle": 45, "axis": "z", "origin": [13.98393, -2.81172, 8]},
			"faces": {
				"north": {"uv": [5.125, 0.75, 5.5, 1.125], "texture": "#0"},
				"east": {"uv": [5.5, 1.125, 5.125, 1.5], "texture": "#0"},
				"south": {"uv": [5.5, 0.75, 5.125, 1.125], "texture": "#0"},
				"west": {"uv": [5.5, 0.375, 5.125, 0.75], "texture": "#0"},
				"up": {"uv": [5.125, 1.875, 5.5, 1.5], "texture": "#0"},
				"down": {"uv": [5.25, 1.875, 5.625, 2.25], "texture": "#0"}
			}
		},
		{
			"from": [12.41322, -3.10964, 7],
			"to": [14.41322, -0.10964, 9],
			"rotation": {"angle": -22.5, "axis": "z", "origin": [13.91322, -1.60964, 7.5]},
			"faces": {
				"north": {"uv": [5.75, 5.625, 6, 6], "texture": "#0"},
				"east": {"uv": [6.125, 0, 5.875, 0.375], "texture": "#0"},
				"south": {"uv": [6, 5.625, 5.75, 6], "texture": "#0"},
				"west": {"uv": [6, 5.25, 5.75, 5.625], "texture": "#0"},
				"up": {"uv": [3.125, 6.625, 3.375, 6.375], "texture": "#0"},
				"down": {"uv": [3.375, 6.375, 3.625, 6.625], "texture": "#0"}
			}
		},
		{
			"from": [14.39933, -0.74665, 7.3],
			"to": [15.79933, 1.65335, 8.7],
			"rotation": {"angle": -45, "axis": "z", "origin": [14.59933, 1.35335, 8]},
			"faces": {
				"north": {"uv": [5.875, 1.125, 6.125, 1.5], "texture": "#0"},
				"east": {"uv": [6.125, 1.5, 5.875, 1.875], "texture": "#0"},
				"south": {"uv": [6.125, 1.125, 5.875, 1.5], "texture": "#0"},
				"west": {"uv": [6.125, 0.75, 5.875, 1.125], "texture": "#0"},
				"up": {"uv": [3.625, 6.625, 3.875, 6.375], "texture": "#0"},
				"down": {"uv": [3.875, 6.375, 4.125, 6.625], "texture": "#0"}
			}
		},
		{
			"from": [14.39933, 0.45335, 7.5],
			"to": [16.39933, 1.45335, 8.5],
			"rotation": {"angle": 22.5, "axis": "z", "origin": [14.59933, 1.35335, 8]},
			"faces": {
				"north": {"uv": [2.625, 5.875, 3, 6.125], "texture": "#0"},
				"east": {"uv": [4.875, 6.375, 4.625, 6.625], "texture": "#0"},
				"south": {"uv": [3, 5.875, 2.625, 6.125], "texture": "#0"},
				"west": {"uv": [6.625, 4.5, 6.375, 4.75], "texture": "#0"},
				"up": {"uv": [3, 6.125, 3.375, 5.875], "texture": "#0"},
				"down": {"uv": [3.375, 5.875, 3.75, 6.125], "texture": "#0"}
			}
		},
		{
			"from": [8.68393, -7.41172, 6.7],
			"to": [11.28393, -4.81172, 9.3],
			"rotation": {"angle": 45, "axis": "z", "origin": [9.08393, -7.31172, 8]},
			"faces": {
				"north": {"uv": [5.25, 3, 5.625, 3.375], "texture": "#0"},
				"east": {"uv": [5.625, 3.375, 5.25, 3.75], "texture": "#0"},
				"south": {"uv": [5.625, 3, 5.25, 3.375], "texture": "#0"},
				"west": {"uv": [5.625, 2.625, 5.25, 3], "texture": "#0"},
				"up": {"uv": [5.25, 4.125, 5.625, 3.75], "texture": "#0"},
				"down": {"uv": [5.25, 4.125, 5.625, 4.5], "texture": "#0"}
			}
		},
		{
			"from": [7.68601, -7.24101, 7],
			"to": [10.68601, -5.24101, 9],
			"rotation": {"angle": -22.5, "axis": "z", "origin": [9.18601, -6.74101, 7.5]},
			"faces": {
				"north": {"uv": [1.25, 6, 1.625, 6.25], "texture": "#0"},
				"east": {"uv": [5.75, 6.375, 5.5, 6.625], "texture": "#0"},
				"south": {"uv": [1.625, 6, 1.25, 6.25], "texture": "#0"},
				"west": {"uv": [5.5, 6.375, 5.25, 6.625], "texture": "#0"},
				"up": {"uv": [1.625, 6.25, 2, 6], "texture": "#0"},
				"down": {"uv": [6, 1.875, 6.375, 2.125], "texture": "#0"}
			}
		},
		{
			"from": [9.64899, -8.72712, 7.3],
			"to": [12.04899, -7.32712, 8.7],
			"rotation": {"angle": -45, "axis": "z", "origin": [12.14899, -7.42712, 8]},
			"faces": {
				"north": {"uv": [6, 2.375, 6.375, 2.625], "texture": "#0"},
				"east": {"uv": [6.625, 5.875, 6.375, 6.125], "texture": "#0"},
				"south": {"uv": [6.375, 2.375, 6, 2.625], "texture": "#0"},
				"west": {"uv": [6, 6.375, 5.75, 6.625], "texture": "#0"},
				"up": {"uv": [6, 2.875, 6.375, 2.625], "texture": "#0"},
				"down": {"uv": [6, 2.875, 6.375, 3.125], "texture": "#0"}
			}
		},
		{
			"from": [11.04899, -8.52712, 7.6],
			"to": [11.84899, -6.72712, 8.4],
			"rotation": {"angle": 22.5, "axis": "z", "origin": [12.14899, -7.42712, 8]},
			"faces": {
				"north": {"uv": [6, 3.5, 6.25, 3.875], "texture": "#0"},
				"east": {"uv": [6.25, 3.875, 6, 4.25], "texture": "#0"},
				"south": {"uv": [6.25, 3.5, 6, 3.875], "texture": "#0"},
				"west": {"uv": [6.25, 3.125, 6, 3.5], "texture": "#0"},
				"up": {"uv": [6, 6.625, 6.25, 6.375], "texture": "#0"},
				"down": {"uv": [6.375, 6.125, 6.625, 6.375], "texture": "#0"}
			}
		},
		{
			"from": [5.9, -3.63806, 7],
			"to": [8, 3.36194, 9],
			"rotation": {"angle": 0, "axis": "z", "origin": [8.4, -0.13806, 8]},
			"faces": {
				"north": {"uv": [4, 5, 3.75, 5.875], "texture": "#0"},
				"east": {"uv": [3.5, 5, 3.75, 5.875], "texture": "#0"},
				"south": {"uv": [3.75, 5, 4, 5.875], "texture": "#0"},
				"west": {"uv": [4, 5, 4.25, 5.875], "texture": "#0"},
				"up": {"uv": [2.5, 6.875, 2.25, 6.625], "texture": "#0"},
				"down": {"uv": [2.75, 6.625, 2.5, 6.875], "texture": "#0"}
			}
		},
		{
			"from": [8, -3.63806, 7],
			"to": [10.1, 3.36194, 9],
			"rotation": {"angle": 0, "axis": "z", "origin": [7.6, -0.13806, 8]},
			"faces": {
				"north": {"uv": [3, 5, 2.75, 5.875], "texture": "#0"},
				"east": {"uv": [2.5, 5, 2.75, 5.875], "texture": "#0"},
				"south": {"uv": [2.75, 5, 3, 5.875], "texture": "#0"},
				"west": {"uv": [3, 5, 3.25, 5.875], "texture": "#0"},
				"up": {"uv": [2, 6.875, 1.75, 6.625], "texture": "#0"},
				"down": {"uv": [2.25, 6.625, 2, 6.875], "texture": "#0"}
			}
		},
		{
			"from": [6.79389, 1.16294, 7.001],
			"to": [9.79189, 4.16094, 8.999],
			"rotation": {"angle": 45, "axis": "z", "origin": [7.29289, 2.66194, 8]},
			"faces": {
				"north": {"uv": [6, 3, 5.625, 3.375], "texture": "#0"},
				"east": {"uv": [1.75, 6.25, 2, 6.625], "texture": "#0"},
				"south": {"uv": [5.625, 3, 6, 3.375], "texture": "#0"},
				"west": {"uv": [6.25, 3.125, 6.5, 3.5], "texture": "#0"},
				"up": {"uv": [6.625, 3.75, 6.25, 3.5], "texture": "#0"},
				"down": {"uv": [6.625, 3.75, 6.25, 4], "texture": "#0"}
			}
		},
		{
			"from": [-0.5, -3.63806, 8],
			"to": [16.5, 32, 8],
			"rotation": {"angle": 0, "axis": "z", "origin": [-2, -2.93806, 9.5]},
			"faces": {
				"north": {"uv": [0, 0, 2.125, 4.5], "texture": "#0"},
				"east": {"uv": [0, 0, 0, 4.5], "texture": "#0"},
				"south": {"uv": [2.125, 0, 0, 4.5], "texture": "#0"},
				"west": {"uv": [0, 0, 0, 4.5], "texture": "#0"},
				"up": {"uv": [2.125, 0, 0, 0], "texture": "#0"},
				"down": {"uv": [2.125, 0, 0, 0], "texture": "#0"}
			}
		},
		{
			"from": [5.2, -4.38806, 7.5],
			"to": [8, 24.61194, 8.5],
			"rotation": {"angle": 0, "axis": "z", "origin": [2.7, -2.68806, 10]},
			"faces": {
				"north": {"uv": [4.625, 3.625, 4.25, 7.25], "texture": "#0"},
				"east": {"uv": [0.75, 4.5, 0.875, 8.125], "texture": "#0"},
				"south": {"uv": [4.25, 3.625, 4.625, 7.25], "texture": "#0"},
				"west": {"uv": [0.875, 4.5, 1, 8.125], "texture": "#0"},
				"up": {"uv": [7, 3.625, 6.625, 3.5], "texture": "#0"},
				"down": {"uv": [7, 3.625, 6.625, 3.75], "texture": "#0"}
			}
		},
		{
			"from": [8, -4.38806, 7.5],
			"to": [10.8, 24.61194, 8.5],
			"rotation": {"angle": 0, "axis": "z", "origin": [13.3, -2.68806, 10]},
			"faces": {
				"north": {"uv": [0.75, 4.5, 0.375, 8.125], "texture": "#0"},
				"east": {"uv": [1, 4.5, 1.125, 8.125], "texture": "#0"},
				"south": {"uv": [0.375, 4.5, 0.75, 8.125], "texture": "#0"},
				"west": {"uv": [1.125, 4.5, 1.25, 8.125], "texture": "#0"},
				"up": {"uv": [4.125, 6.75, 3.75, 6.625], "texture": "#0"},
				"down": {"uv": [7, 3.75, 6.625, 3.875], "texture": "#0"}
			}
		},
		{
			"from": [6.501, 22.38477, 7.501],
			"to": [10.499, 26.38277, 8.499],
			"rotation": {"angle": 45, "axis": "z", "origin": [8, 23.88377, 8]},
			"faces": {
				"north": {"uv": [3.25, 4.5, 2.75, 5], "texture": "#0"},
				"east": {"uv": [4.125, 5.875, 4.25, 6.375], "texture": "#0"},
				"south": {"uv": [2.75, 4.5, 3.25, 5], "texture": "#0"},
				"west": {"uv": [4.125, 6.375, 4.25, 6.875], "texture": "#0"},
				"up": {"uv": [7, 5.125, 6.5, 5], "texture": "#0"},
				"down": {"uv": [3.25, 6.625, 2.75, 6.75], "texture": "#0"}
			}
		},
		{
			"from": [6.5, -6.63806, 6],
			"to": [10.5, -2.63806, 10],
			"rotation": {"angle": 45, "axis": "z", "origin": [8, -5.13806, 8]},
			"faces": {
				"north": {"uv": [5.125, 0, 4.625, 0.5], "texture": "#0"},
				"east": {"uv": [3.75, 4.5, 4.25, 5], "texture": "#0"},
				"south": {"uv": [4.625, 0, 5.125, 0.5], "texture": "#0"},
				"west": {"uv": [4.625, 0.5, 5.125, 1], "texture": "#0"},
				"up": {"uv": [5.125, 1.5, 4.625, 1], "texture": "#0"},
				"down": {"uv": [5.125, 1.5, 4.625, 2], "texture": "#0"}
			}
		},
		{
			"from": [7, -12.9, 7],
			"to": [9, -3.9, 9],
			"rotation": {"angle": 0, "axis": "y", "origin": [8, -12.9, 0]},
			"faces": {
				"north": {"uv": [2, 4.5, 1.75, 5.625], "texture": "#0"},
				"east": {"uv": [1.5, 4.5, 1.75, 5.625], "texture": "#0"},
				"south": {"uv": [1.75, 4.5, 2, 5.625], "texture": "#0"},
				"west": {"uv": [2, 4.5, 2.25, 5.625], "texture": "#0"},
				"up": {"uv": [3.5, 6.875, 3.25, 6.625], "texture": "#0"},
				"down": {"uv": [3.75, 6.625, 3.5, 6.875], "texture": "#0"}
			}
		},
		{
			"from": [6.5, -15.3, 6.5],
			"to": [9.5, -13.3, 9.5],
			"rotation": {"angle": 0, "axis": "y", "origin": [7.5, -12.9, -0.5]},
			"faces": {
				"north": {"uv": [6.625, 5.125, 6.25, 5.375], "texture": "#0"},
				"east": {"uv": [6.25, 4.25, 6.625, 4.5], "texture": "#0"},
				"south": {"uv": [6.25, 5.125, 6.625, 5.375], "texture": "#0"},
				"west": {"uv": [6.25, 5.375, 6.625, 5.625], "texture": "#0"},
				"up": {"uv": [6, 3.75, 5.625, 3.375], "texture": "#0"},
				"down": {"uv": [6, 3.75, 5.625, 4.125], "texture": "#0"}
			}
		},
		{
			"from": [6.8, -16, 6.8],
			"to": [9.2, -14.6, 9.2],
			"rotation": {"angle": 0, "axis": "y", "origin": [7.5, -12.9, -0.5]},
			"faces": {
				"north": {"uv": [6.75, 0.25, 6.375, 0.5], "texture": "#0"},
				"east": {"uv": [6.375, 0, 6.75, 0.25], "texture": "#0"},
				"south": {"uv": [6.375, 0.25, 6.75, 0.5], "texture": "#0"},
				"west": {"uv": [6.375, 0.5, 6.75, 0.75], "texture": "#0"},
				"up": {"uv": [6, 4.5, 5.625, 4.125], "texture": "#0"},
				"down": {"uv": [6, 4.5, 5.625, 4.875], "texture": "#0"}
			}
		},
		{
			"from": [6.8, -14, 6.8],
			"to": [9.2, -12.6, 9.2],
			"rotation": {"angle": 0, "axis": "y", "origin": [7.5, -12.9, -0.5]},
			"faces": {
				"north": {"uv": [6.75, 2, 6.375, 2.25], "texture": "#0"},
				"east": {"uv": [2, 6.375, 2.375, 6.625], "texture": "#0"},
				"south": {"uv": [6.375, 2, 6.75, 2.25], "texture": "#0"},
				"west": {"uv": [6.375, 2.25, 6.75, 2.5], "texture": "#0"},
				"up": {"uv": [5.75, 6, 5.375, 5.625], "texture": "#0"},
				"down": {"uv": [5, 5.75, 4.625, 6.125], "texture": "#0"}
			}
		},
		{
			"from": [6.8, -11, 6.8],
			"to": [9.2, -9.6, 9.2],
			"rotation": {"angle": 0, "axis": "y", "origin": [7.5, -12.9, -0.5]},
			"faces": {
				"north": {"uv": [3.125, 6.375, 2.75, 6.625], "texture": "#0"},
				"east": {"uv": [6.375, 2.5, 6.75, 2.75], "texture": "#0"},
				"south": {"uv": [2.75, 6.375, 3.125, 6.625], "texture": "#0"},
				"west": {"uv": [6.375, 2.75, 6.75, 3], "texture": "#0"},
				"up": {"uv": [6.125, 5.25, 5.75, 4.875], "texture": "#0"},
				"down": {"uv": [5.375, 5.75, 5, 6.125], "texture": "#0"}
			}
		}
	],
	"display": {
		"thirdperson_righthand": {
			"rotation": [0, 84, -8],
			"translation": [-0.75, 11, -0.5],
			"scale": [0.7, 0.7, 0.7]
		},
		"thirdperson_lefthand": {
			"rotation": [0, 84, -8],
			"translation": [-0.75, 11, -0.5],
			"scale": [0.7, 0.7, 0.7]
		},
		"firstperson_righthand": {
			"rotation": [137.34, -74.85, 156.29],
			"translation": [0.25, 8, 0],
			"scale": [0.5, 0.5, 0.5]
		},
		"firstperson_lefthand": {
			"rotation": [137.34, -74.85, 156.29],
			"translation": [0.25, 8, 0],
			"scale": [0.5, 0.5, 0.5]
		},
		"ground": {
			"rotation": [-10.58, 5.55, -55.52],
			"translation": [0, 2.75, 0],
			"scale": [0.4, 0.4, 0.4]
		},
		"gui": {
			"rotation": [0, 0, 43.75],
			"scale": [0.4, 0.4, 0.4]
		},
		"head": {
			"rotation": [0, 0, 156.25],
			"translation": [0, -16.5, 8.25]
		},
		"fixed": {
			"rotation": [0, 0, -37.25],
			"translation": [0, -0.25, -0.5],
			"scale": [0.45, 0.45, 0.45]
		}
	},
	"groups": [
		{
			"name": "sword",
			"origin": [8, 8, 8],
			"color": 0,
			"children": [
				{
					"name": "ornement_gauche",
					"origin": [1.40067, 14.25335, 8],
					"color": 0,
					"children": [0, 1, 2, 3, 4, 5, 6, 7, 8]
				},
				{
					"name": "ornement_droit",
					"origin": [1.40067, 14.25335, 8],
					"color": 0,
					"children": [9, 10, 11, 12, 13, 14, 15, 16, 17]
				},
				{
					"name": "support",
					"origin": [7.29289, 2.66194, 8],
					"color": 0,
					"children": [18, 19, 20]
				},
				{
					"name": "blade",
					"origin": [8, 23.88377, 8],
					"color": 0,
					"children": [21, 22, 23, 24]
				},
				{
					"name": "manche",
					"origin": [7.5, 0, -0.5],
					"color": 0,
					"children": [25, 26, 27, 28, 29, 30]
				}
			]
		}
	]
}