{
	"credit": "Made with Blockbench",
	"parent": "nocsy_dragon_helmet",
	"texture_size": [128, 128],
	"textures": {
		"0": "default/nocsy_dragon_helmet",
		"particle": "default/nocsy_dragon_helmet"
	},
	"elements": [
		{
			"from": [9.23176, 11.70718, 10.5],
			"to": [13.23176, 16.70718, 15.5],
			"rotation": {"angle": 45, "axis": "z", "origin": [15.66748, 17.16719, 12.87143]},
			"faces": {
				"north": {"uv": [7.875, 1.375, 8.375, 2], "texture": "#0"},
				"east": {"uv": [7.125, 4, 7.75, 4.625], "texture": "#0"},
				"south": {"uv": [2.25, 8.125, 2.75, 8.75], "texture": "#0"},
				"west": {"uv": [6.25, 7.25, 6.875, 7.875], "texture": "#0"},
				"up": {"uv": [3.25, 8.75, 2.75, 8.125], "texture": "#0"},
				"down": {"uv": [3.75, 8.125, 3.25, 8.75], "texture": "#0"}
			}
		},
		{
			"from": [14.66755, 12.85472, 10.7],
			"to": [19.26755, 15.45472, 15.3],
			"rotation": {"angle": -22.5, "axis": "z", "origin": [15.66748, 17.16719, 12.87143]},
			"faces": {
				"north": {"uv": [4.625, 5.625, 5.25, 6], "texture": "#0"},
				"east": {"uv": [7.125, 4.625, 7.75, 5], "texture": "#0"},
				"south": {"uv": [8.75, 6.875, 9.375, 7.25], "texture": "#0"},
				"west": {"uv": [8.875, 0, 9.5, 0.375], "texture": "#0"},
				"up": {"uv": [7.5, 7.875, 6.875, 7.25], "texture": "#0"},
				"down": {"uv": [8, 0, 7.375, 0.625], "texture": "#0"}
			}
		},
		{
			"from": [13.69887, 13.81249, 10.9],
			"to": [17.69887, 16.81249, 14.9],
			"rotation": {"angle": 0, "axis": "z", "origin": [15.66748, 17.16719, 12.87143]},
			"faces": {
				"north": {"uv": [8.25, 6.375, 8.75, 6.75], "texture": "#0"},
				"east": {"uv": [9.125, 5, 9.625, 5.375], "texture": "#0"},
				"south": {"uv": [2.25, 9.25, 2.75, 9.625], "texture": "#0"},
				"west": {"uv": [9.25, 2.375, 9.75, 2.75], "texture": "#0"},
				"up": {"uv": [8.75, 3, 8.25, 2.5], "texture": "#0"},
				"down": {"uv": [8.75, 5.875, 8.25, 6.375], "texture": "#0"}
			}
		},
		{
			"from": [13.41227, 16.05918, 11.2],
			"to": [16.81227, 19.45918, 14.6],
			"rotation": {"angle": 22.5, "axis": "z", "origin": [15.66748, 17.16719, 12.87143]},
			"faces": {
				"north": {"uv": [8.375, 1.25, 8.875, 1.75], "texture": "#0"},
				"east": {"uv": [8.5, 4, 9, 4.5], "texture": "#0"},
				"south": {"uv": [8.5, 4.5, 9, 5], "texture": "#0"},
				"west": {"uv": [8.5, 7.25, 9, 7.75], "texture": "#0"},
				"up": {"uv": [9, 8.25, 8.5, 7.75], "texture": "#0"},
				"down": {"uv": [8.75, 8.5, 8.25, 9], "texture": "#0"}
			}
		},
		{
			"from": [12.98417, 17.12586, 11.4],
			"to": [15.98417, 20.12586, 14.4],
			"rotation": {"angle": -22.5, "axis": "z", "origin": [15.66748, 17.16719, 12.87143]},
			"faces": {
				"north": {"uv": [9.375, 5.375, 9.75, 5.75], "texture": "#0"},
				"east": {"uv": [9.375, 7.375, 9.75, 7.75], "texture": "#0"},
				"south": {"uv": [9.5, 1.75, 9.875, 2.125], "texture": "#0"},
				"west": {"uv": [1.875, 9.5, 2.25, 9.875], "texture": "#0"},
				"up": {"uv": [9.875, 6.125, 9.5, 5.75], "texture": "#0"},
				"down": {"uv": [9.875, 6.125, 9.5, 6.5], "texture": "#0"}
			}
		},
		{
			"from": [16.66416, 18.41466, 11.7],
			"to": [19.66416, 20.41466, 13.7],
			"rotation": {"angle": 45, "axis": "z", "origin": [15.66748, 17.16719, 12.87143]},
			"faces": {
				"north": {"uv": [5.625, 1.5, 6, 1.75], "texture": "#0"},
				"east": {"uv": [1.75, 3.25, 2, 3.5], "texture": "#0"},
				"south": {"uv": [7.375, 1.25, 7.75, 1.5], "texture": "#0"},
				"west": {"uv": [1.5, 6.5, 1.75, 6.75], "texture": "#0"},
				"up": {"uv": [8.75, 2, 8.375, 1.75], "texture": "#0"},
				"down": {"uv": [9.625, 2.75, 9.25, 3], "texture": "#0"}
			}
		},
		{
			"from": [17.77641, 19.99099, 12],
			"to": [20.17641, 21.39099, 13.4],
			"rotation": {"angle": 22.5, "axis": "z", "origin": [15.66748, 17.16719, 12.87143]},
			"faces": {
				"north": {"uv": [9.5, 2.125, 9.875, 2.375], "texture": "#0"},
				"east": {"uv": [8.5, 8.25, 8.75, 8.5], "texture": "#0"},
				"south": {"uv": [9.625, 2.75, 10, 3], "texture": "#0"},
				"west": {"uv": [9.125, 5.375, 9.375, 5.625], "texture": "#0"},
				"up": {"uv": [10, 7.25, 9.625, 7], "texture": "#0"},
				"down": {"uv": [10, 8.75, 9.625, 9], "texture": "#0"}
			}
		},
		{
			"from": [2.76824, 11.70718, 10.5],
			"to": [6.76824, 16.70718, 15.5],
			"rotation": {"angle": -45, "axis": "z", "origin": [0.33252, 17.16719, 12.87143]},
			"faces": {
				"north": {"uv": [3.75, 8.125, 4.25, 8.75], "texture": "#0"},
				"east": {"uv": [7.375, 0.625, 8, 1.25], "texture": "#0"},
				"south": {"uv": [4.25, 8.125, 4.75, 8.75], "texture": "#0"},
				"west": {"uv": [3, 7.5, 3.625, 8.125], "texture": "#0"},
				"up": {"uv": [5.25, 8.75, 4.75, 8.125], "texture": "#0"},
				"down": {"uv": [8.625, 5, 8.125, 5.625], "texture": "#0"}
			}
		},
		{
			"from": [-3.26755, 12.85472, 10.7],
			"to": [1.33245, 15.45472, 15.3],
			"rotation": {"angle": 22.5, "axis": "z", "origin": [0.33252, 17.16719, 12.87143]},
			"faces": {
				"north": {"uv": [8.875, 0.375, 9.5, 0.75], "texture": "#0"},
				"east": {"uv": [8.875, 1.25, 9.5, 1.625], "texture": "#0"},
				"south": {"uv": [8.875, 1.625, 9.5, 2], "texture": "#0"},
				"west": {"uv": [8.875, 2, 9.5, 2.375], "texture": "#0"},
				"up": {"uv": [4.25, 8.125, 3.625, 7.5], "texture": "#0"},
				"down": {"uv": [4.875, 7.5, 4.25, 8.125], "texture": "#0"}
			}
		},
		{
			"from": [-1.69887, 13.81249, 10.9],
			"to": [2.30113, 16.81249, 14.9],
			"rotation": {"angle": 0, "axis": "z", "origin": [0.33252, 17.16719, 12.87143]},
			"faces": {
				"north": {"uv": [2.75, 9.25, 3.25, 9.625], "texture": "#0"},
				"east": {"uv": [3.25, 9.25, 3.75, 9.625], "texture": "#0"},
				"south": {"uv": [3.75, 9.25, 4.25, 9.625], "texture": "#0"},
				"west": {"uv": [4.25, 9.25, 4.75, 9.625], "texture": "#0"},
				"up": {"uv": [9.125, 5.5, 8.625, 5], "texture": "#0"},
				"down": {"uv": [2.75, 8.75, 2.25, 9.25], "texture": "#0"}
			}
		},
		{
			"from": [-0.81227, 16.05918, 11.2],
			"to": [2.58773, 19.45918, 14.6],
			"rotation": {"angle": -22.5, "axis": "z", "origin": [0.33252, 17.16719, 12.87143]},
			"faces": {
				"north": {"uv": [8.75, 2.5, 9.25, 3], "texture": "#0"},
				"east": {"uv": [2.75, 8.75, 3.25, 9.25], "texture": "#0"},
				"south": {"uv": [3.25, 8.75, 3.75, 9.25], "texture": "#0"},
				"west": {"uv": [3.75, 8.75, 4.25, 9.25], "texture": "#0"},
				"up": {"uv": [4.75, 9.25, 4.25, 8.75], "texture": "#0"},
				"down": {"uv": [5.25, 8.75, 4.75, 9.25], "texture": "#0"}
			}
		},
		{
			"from": [0.01583, 17.12586, 11.4],
			"to": [3.01583, 20.12586, 14.4],
			"rotation": {"angle": 22.5, "axis": "z", "origin": [0.33252, 17.16719, 12.87143]},
			"faces": {
				"north": {"uv": [9.5, 9.375, 9.875, 9.75], "texture": "#0"},
				"east": {"uv": [0, 9.625, 0.375, 10], "texture": "#0"},
				"south": {"uv": [2.25, 9.625, 2.625, 10], "texture": "#0"},
				"west": {"uv": [2.625, 9.625, 3, 10], "texture": "#0"},
				"up": {"uv": [3.375, 10, 3, 9.625], "texture": "#0"},
				"down": {"uv": [3.75, 9.625, 3.375, 10], "texture": "#0"}
			}
		},
		{
			"from": [-3.66416, 18.41466, 11.7],
			"to": [-0.66416, 20.41466, 13.7],
			"rotation": {"angle": -45, "axis": "z", "origin": [0.33252, 17.16719, 12.87143]},
			"faces": {
				"north": {"uv": [9.625, 9, 10, 9.25], "texture": "#0"},
				"east": {"uv": [9.75, 2.375, 10, 2.625], "texture": "#0"},
				"south": {"uv": [9.75, 0, 10.125, 0.25], "texture": "#0"},
				"west": {"uv": [9.75, 3, 10, 3.25], "texture": "#0"},
				"up": {"uv": [10.125, 0.5, 9.75, 0.25], "texture": "#0"},
				"down": {"uv": [10.125, 0.5, 9.75, 0.75], "texture": "#0"}
			}
		},
		{
			"from": [-4.17641, 19.99099, 12],
			"to": [-1.77641, 21.39099, 13.4],
			"rotation": {"angle": -22.5, "axis": "z", "origin": [0.33252, 17.16719, 12.87143]},
			"faces": {
				"north": {"uv": [9.75, 0.75, 10.125, 1], "texture": "#0"},
				"east": {"uv": [9.75, 5.375, 10, 5.625], "texture": "#0"},
				"south": {"uv": [9.75, 1, 10.125, 1.25], "texture": "#0"},
				"west": {"uv": [9.75, 7.25, 10, 7.5], "texture": "#0"},
				"up": {"uv": [10.125, 1.5, 9.75, 1.25], "texture": "#0"},
				"down": {"uv": [10.125, 1.5, 9.75, 1.75], "texture": "#0"}
			}
		},
		{
			"from": [5.19497, 10.77193, 0.5],
			"to": [10.19497, 15.77193, 3.5],
			"rotation": {"angle": -45, "axis": "z", "origin": [8.49497, 13.17193, 4.5]},
			"faces": {
				"north": {"uv": [4.875, 7.5, 5.5, 8.125], "texture": "#0"},
				"east": {"uv": [9, 4, 9.375, 4.625], "texture": "#0"},
				"south": {"uv": [7.5, 6.75, 8.125, 7.375], "texture": "#0"},
				"west": {"uv": [9, 7.25, 9.375, 7.875], "texture": "#0"},
				"up": {"uv": [9.625, 5, 9, 4.625], "texture": "#0"},
				"down": {"uv": [9.625, 7.875, 9, 8.25], "texture": "#0"}
			}
		},
		{
			"from": [8, 15.17193, 1.1],
			"to": [8, 28.17193, 17.1],
			"rotation": {"angle": 0, "axis": "y", "origin": [12.025, 13.17193, 4.5]},
			"faces": {
				"north": {"uv": [0, 0, 0, 1.625], "texture": "#0"},
				"east": {"uv": [2, 0, 0, 1.625], "texture": "#0"},
				"south": {"uv": [0, 0, 0, 1.625], "texture": "#0"},
				"west": {"uv": [0, 0, 2, 1.625], "texture": "#0"},
				"up": {"uv": [2, 0, 0, 0], "rotation": 270, "texture": "#0"},
				"down": {"uv": [2, 0, 0, 0], "rotation": 90, "texture": "#0"}
			}
		},
		{
			"from": [9.09497, 11.97193, 1.8],
			"to": [16.09497, 13.97193, 17.8],
			"rotation": {"angle": -22.5, "axis": "z", "origin": [8.49497, 13.77193, 5.8]},
			"faces": {
				"north": {"uv": [3, 6.75, 3.875, 7], "texture": "#0"},
				"east": {"uv": [7.125, 3, 9.125, 3.25], "texture": "#0"},
				"south": {"uv": [8.875, 0.75, 9.75, 1], "texture": "#0"},
				"west": {"uv": [7.125, 3.25, 9.125, 3.5], "texture": "#0"},
				"up": {"uv": [4, 5, 3.125, 3], "texture": "#0"},
				"down": {"uv": [0.875, 3.25, 0, 5.25], "texture": "#0"}
			}
		},
		{
			"from": [-0.09497, 11.97193, 1.8],
			"to": [6.90503, 13.97193, 17.8],
			"rotation": {"angle": 22.5, "axis": "z", "origin": [7.50503, 13.77193, 5.8]},
			"faces": {
				"north": {"uv": [9.125, 3.375, 10, 3.625], "texture": "#0"},
				"east": {"uv": [7.125, 3.5, 9.125, 3.75], "texture": "#0"},
				"south": {"uv": [9.125, 3.625, 10, 3.875], "texture": "#0"},
				"west": {"uv": [7.125, 3.75, 9.125, 4], "texture": "#0"},
				"up": {"uv": [1.75, 5.25, 0.875, 3.25], "texture": "#0"},
				"down": {"uv": [2.625, 3.5, 1.75, 5.5], "texture": "#0"}
			}
		},
		{
			"from": [2.13566, 8.999, 3.499],
			"to": [7.13766, 13.001, 17.501],
			"rotation": {"angle": 45, "axis": "z", "origin": [2.03666, 9.9, 4.5]},
			"faces": {
				"north": {"uv": [8.125, 6.75, 8.75, 7.25], "texture": "#0"},
				"east": {"uv": [5.25, 5.5, 7, 6], "texture": "#0"},
				"south": {"uv": [8.25, 0, 8.875, 0.5], "texture": "#0"},
				"west": {"uv": [5.625, 0, 7.375, 0.5], "texture": "#0"},
				"up": {"uv": [4.625, 6.625, 4, 4.875], "texture": "#0"},
				"down": {"uv": [5.625, 0, 5, 1.75], "texture": "#0"}
			}
		},
		{
			"from": [1.13666, -0.1, 3.5],
			"to": [3.13666, 10.9, 7.5],
			"rotation": {"angle": 0, "axis": "y", "origin": [14.83666, -0.1, 0]},
			"faces": {
				"north": {"uv": [1, 7.875, 1.25, 9.25], "texture": "#0"},
				"east": {"uv": [2.625, 3.5, 3.125, 4.875], "texture": "#0"},
				"south": {"uv": [1.25, 7.875, 1.5, 9.25], "texture": "#0"},
				"west": {"uv": [0, 6.5, 0.5, 7.875], "texture": "#0"},
				"up": {"uv": [5.5, 7.5, 5.25, 7], "texture": "#0"},
				"down": {"uv": [5.75, 9.5, 5.5, 10], "texture": "#0"}
			}
		},
		{
			"from": [1.83666, -0.1, 2],
			"to": [3.83666, 5.9, 4],
			"rotation": {"angle": 0, "axis": "y", "origin": [14.83666, -0.1, 0]},
			"faces": {
				"north": {"uv": [4.75, 9.25, 5, 10], "texture": "#0"},
				"east": {"uv": [5, 9.25, 5.25, 10], "texture": "#0"},
				"south": {"uv": [5.75, 9.25, 6, 10], "texture": "#0"},
				"west": {"uv": [9.25, 5.875, 9.5, 6.625], "texture": "#0"},
				"up": {"uv": [10, 7.75, 9.75, 7.5], "texture": "#0"},
				"down": {"uv": [9.75, 9.75, 9.5, 10], "texture": "#0"}
			}
		},
		{
			"from": [2.43666, -2.3, 1.1],
			"to": [4.43666, 3.7, 3.1],
			"rotation": {"angle": 22.5, "axis": "z", "origin": [2.83666, 2.9, 3]},
			"faces": {
				"north": {"uv": [6, 9.25, 6.25, 10], "texture": "#0"},
				"east": {"uv": [6.25, 9.25, 6.5, 10], "texture": "#0"},
				"south": {"uv": [6.5, 9.25, 6.75, 10], "texture": "#0"},
				"west": {"uv": [6.75, 9.25, 7, 10], "texture": "#0"},
				"up": {"uv": [10, 10, 9.75, 9.75], "texture": "#0"},
				"down": {"uv": [10.125, 1.75, 9.875, 2], "texture": "#0"}
			}
		},
		{
			"from": [8.86234, 8.999, 3.499],
			"to": [13.86434, 13.001, 17.501],
			"rotation": {"angle": -45, "axis": "z", "origin": [13.96334, 9.9, 4.5]},
			"faces": {
				"north": {"uv": [8.25, 0.5, 8.875, 1], "texture": "#0"},
				"east": {"uv": [5.625, 0.5, 7.375, 1], "texture": "#0"},
				"south": {"uv": [8.25, 2, 8.875, 2.5], "texture": "#0"},
				"west": {"uv": [5.625, 1, 7.375, 1.5], "texture": "#0"},
				"up": {"uv": [3.25, 6.75, 2.625, 5], "texture": "#0"},
				"down": {"uv": [3.875, 5, 3.25, 6.75], "texture": "#0"}
			}
		},
		{
			"from": [3.5, 11.7, 3.5],
			"to": [12.5, 15.7, 17.5],
			"rotation": {"angle": 0, "axis": "z", "origin": [11.6, 9.9, 4.5]},
			"faces": {
				"north": {"uv": [6.25, 6.75, 7.375, 7.25], "texture": "#0"},
				"east": {"uv": [4.625, 6, 6.375, 6.5], "texture": "#0"},
				"south": {"uv": [3, 7, 4.125, 7.5], "texture": "#0"},
				"west": {"uv": [6.125, 1.5, 7.875, 2], "texture": "#0"},
				"up": {"uv": [3.125, 1.75, 2, 0], "texture": "#0"},
				"down": {"uv": [3.125, 1.75, 2, 3.5], "texture": "#0"}
			}
		},
		{
			"from": [6.85, 13.9, 2.5],
			"to": [11.85, 16.9, 17.5],
			"rotation": {"angle": -22.5, "axis": "z", "origin": [8.5, 14.2, 13]},
			"faces": {
				"north": {"uv": [9, 8.25, 9.625, 8.625], "texture": "#0"},
				"east": {"uv": [6.125, 5, 8, 5.375], "texture": "#0"},
				"south": {"uv": [9, 8.625, 9.625, 9], "texture": "#0"},
				"west": {"uv": [6.375, 6, 8.25, 6.375], "texture": "#0"},
				"up": {"uv": [4.625, 4.875, 4, 3], "texture": "#0"},
				"down": {"uv": [5, 0, 4.375, 1.875], "texture": "#0"}
			}
		},
		{
			"from": [4.15, 13.9, 2.5],
			"to": [9.15, 16.9, 17.5],
			"rotation": {"angle": 22.5, "axis": "z", "origin": [7.5, 14.2, 13]},
			"faces": {
				"north": {"uv": [9, 9, 9.625, 9.375], "texture": "#0"},
				"east": {"uv": [6.375, 6.375, 8.25, 6.75], "texture": "#0"},
				"south": {"uv": [9.125, 3, 9.75, 3.375], "texture": "#0"},
				"west": {"uv": [3.875, 6.625, 5.75, 7], "texture": "#0"},
				"up": {"uv": [5.25, 3.75, 4.625, 1.875], "texture": "#0"},
				"down": {"uv": [5.25, 3.75, 4.625, 5.625], "texture": "#0"}
			}
		},
		{
			"from": [3.5, 8.725, 13.725],
			"to": [12.5, 12.825, 17.725],
			"rotation": {"angle": -22.5, "axis": "x", "origin": [8, 13.7, 10.5]},
			"faces": {
				"north": {"uv": [4.125, 7, 5.25, 7.5], "texture": "#0"},
				"east": {"uv": [8.75, 5.875, 9.25, 6.375], "texture": "#0"},
				"south": {"uv": [7, 5.375, 8.125, 5.875], "texture": "#0"},
				"west": {"uv": [8.75, 6.375, 9.25, 6.875], "texture": "#0"},
				"up": {"uv": [8.25, 2.5, 7.125, 2], "texture": "#0"},
				"down": {"uv": [8.25, 2.5, 7.125, 3], "texture": "#0"}
			}
		},
		{
			"from": [12.86334, -0.1, 3.5],
			"to": [14.86334, 10.9, 7.5],
			"rotation": {"angle": 0, "axis": "y", "origin": [1.16334, -0.1, 0]},
			"faces": {
				"north": {"uv": [5.75, 7.875, 6, 9.25], "texture": "#0"},
				"east": {"uv": [0.5, 6.5, 1, 7.875], "texture": "#0"},
				"south": {"uv": [6, 7.875, 6.25, 9.25], "texture": "#0"},
				"west": {"uv": [1, 6.5, 1.5, 7.875], "texture": "#0"},
				"up": {"uv": [4, 10.125, 3.75, 9.625], "texture": "#0"},
				"down": {"uv": [9.875, 3.875, 9.625, 4.375], "texture": "#0"}
			}
		},
		{
			"from": [12.86334, 0.9, 7.5],
			"to": [14.86334, 10.9, 14.5],
			"rotation": {"angle": 0, "axis": "y", "origin": [1.16334, -0.1, 0]},
			"faces": {
				"north": {"uv": [5.25, 8.125, 5.5, 9.375], "texture": "#0"},
				"east": {"uv": [0, 5.25, 0.875, 6.5], "texture": "#0"},
				"south": {"uv": [8.25, 7.25, 8.5, 8.5], "texture": "#0"},
				"west": {"uv": [0.875, 5.25, 1.75, 6.5], "texture": "#0"},
				"up": {"uv": [8.5, 9.875, 8.25, 9], "texture": "#0"},
				"down": {"uv": [8.75, 9, 8.5, 9.875], "texture": "#0"}
			}
		},
		{
			"from": [13.96334, 1.9, 4.5],
			"to": [15.96334, 5.9, 10.5],
			"rotation": {"angle": 0, "axis": "y", "origin": [1.16334, -0.1, 0]},
			"faces": {
				"north": {"uv": [4, 9.625, 4.25, 10.125], "texture": "#0"},
				"east": {"uv": [7.5, 7.375, 8.25, 7.875], "texture": "#0"},
				"south": {"uv": [4.25, 9.625, 4.5, 10.125], "texture": "#0"},
				"west": {"uv": [7.75, 4, 8.5, 4.5], "texture": "#0"},
				"up": {"uv": [7.25, 10, 7, 9.25], "texture": "#0"},
				"down": {"uv": [7.5, 9.25, 7.25, 10], "texture": "#0"}
			}
		},
		{
			"from": [13.76334, 0.7, 9.3],
			"to": [16.16334, 7.1, 17.7],
			"rotation": {"angle": -22.5, "axis": "x", "origin": [14.96334, 3.9, 7.5]},
			"faces": {
				"north": {"uv": [7.5, 9.25, 7.75, 10], "texture": "#0"},
				"east": {"uv": [6.125, 2, 7.125, 2.75], "texture": "#0"},
				"south": {"uv": [7.75, 9.25, 8, 10], "texture": "#0"},
				"west": {"uv": [6.125, 2.75, 7.125, 3.5], "texture": "#0"},
				"up": {"uv": [4.625, 2.875, 4.375, 1.875], "texture": "#0"},
				"down": {"uv": [0.75, 8.375, 0.5, 9.375], "texture": "#0"}
			}
		},
		{
			"from": [12.86334, -0.1, 14.5],
			"to": [14.86334, 10.9, 18.5],
			"rotation": {"angle": 0, "axis": "y", "origin": [1.16334, -0.1, 0]},
			"faces": {
				"north": {"uv": [6.25, 7.875, 6.5, 9.25], "texture": "#0"},
				"east": {"uv": [5.75, 6.5, 6.25, 7.875], "texture": "#0"},
				"south": {"uv": [6.5, 7.875, 6.75, 9.25], "texture": "#0"},
				"west": {"uv": [1.5, 6.75, 2, 8.125], "texture": "#0"},
				"up": {"uv": [9.875, 4.875, 9.625, 4.375], "texture": "#0"},
				"down": {"uv": [4.75, 9.625, 4.5, 10.125], "texture": "#0"}
			}
		},
		{
			"from": [0.03666, 1.9, 4.5],
			"to": [2.03666, 5.9, 10.5],
			"rotation": {"angle": 0, "axis": "y", "origin": [14.83666, -0.1, 0]},
			"faces": {
				"north": {"uv": [9.625, 4.875, 9.875, 5.375], "texture": "#0"},
				"east": {"uv": [7.75, 4.5, 8.5, 5], "texture": "#0"},
				"south": {"uv": [9.625, 6.5, 9.875, 7], "texture": "#0"},
				"west": {"uv": [0, 7.875, 0.75, 8.375], "texture": "#0"},
				"up": {"uv": [8.25, 10, 8, 9.25], "texture": "#0"},
				"down": {"uv": [9, 9.25, 8.75, 10], "texture": "#0"}
			}
		},
		{
			"from": [-0.16334, 0.7, 9.3],
			"to": [2.23666, 7.1, 17.7],
			"rotation": {"angle": -22.5, "axis": "x", "origin": [1.03666, 3.9, 7.5]},
			"faces": {
				"north": {"uv": [0.5, 9.375, 0.75, 10.125], "texture": "#0"},
				"east": {"uv": [6.125, 3.5, 7.125, 4.25], "texture": "#0"},
				"south": {"uv": [0.75, 9.375, 1, 10.125], "texture": "#0"},
				"west": {"uv": [6.125, 4.25, 7.125, 5], "texture": "#0"},
				"up": {"uv": [5.75, 9.5, 5.5, 8.5], "texture": "#0"},
				"down": {"uv": [9, 8.25, 8.75, 9.25], "texture": "#0"}
			}
		},
		{
			"from": [1.13666, 0.9, 7.5],
			"to": [3.13666, 10.9, 14.5],
			"rotation": {"angle": 0, "axis": "y", "origin": [14.83666, -0.1, 0]},
			"faces": {
				"north": {"uv": [0, 8.375, 0.25, 9.625], "texture": "#0"},
				"east": {"uv": [5.25, 1.75, 6.125, 3], "texture": "#0"},
				"south": {"uv": [0.25, 8.375, 0.5, 9.625], "texture": "#0"},
				"west": {"uv": [5.25, 3, 6.125, 4.25], "texture": "#0"},
				"up": {"uv": [1.25, 10.125, 1, 9.25], "texture": "#0"},
				"down": {"uv": [1.5, 9.25, 1.25, 10.125], "texture": "#0"}
			}
		},
		{
			"from": [1.13666, -0.1, 14.5],
			"to": [3.13666, 10.9, 18.5],
			"rotation": {"angle": 0, "axis": "y", "origin": [14.83666, -0.1, 0]},
			"faces": {
				"north": {"uv": [6.75, 7.875, 7, 9.25], "texture": "#0"},
				"east": {"uv": [2, 6.75, 2.5, 8.125], "texture": "#0"},
				"south": {"uv": [7, 7.875, 7.25, 9.25], "texture": "#0"},
				"west": {"uv": [2.5, 6.75, 3, 8.125], "texture": "#0"},
				"up": {"uv": [9.875, 8.25, 9.625, 7.75], "texture": "#0"},
				"down": {"uv": [9.875, 8.25, 9.625, 8.75], "texture": "#0"}
			}
		},
		{
			"from": [1.93666, -0.1, 16.7],
			"to": [3.93666, 10.9, 18.7],
			"rotation": {"angle": -22.5, "axis": "y", "origin": [2.03666, 5.4, 16.5]},
			"faces": {
				"north": {"uv": [7.25, 7.875, 7.5, 9.25], "texture": "#0"},
				"east": {"uv": [7.5, 7.875, 7.75, 9.25], "texture": "#0"},
				"south": {"uv": [7.75, 7.875, 8, 9.25], "texture": "#0"},
				"west": {"uv": [8, 0, 8.25, 1.375], "texture": "#0"},
				"up": {"uv": [2.125, 10.125, 1.875, 9.875], "texture": "#0"},
				"down": {"uv": [10.125, 2, 9.875, 2.25], "texture": "#0"}
			}
		},
		{
			"from": [3, -0.1, 17.3],
			"to": [13, 11.9, 19.3],
			"rotation": {"angle": 0, "axis": "y", "origin": [2.1, 5.4, 16.5]},
			"faces": {
				"north": {"uv": [3.125, 0, 4.375, 1.5], "texture": "#0"},
				"east": {"uv": [5.5, 7, 5.75, 8.5], "texture": "#0"},
				"south": {"uv": [3.125, 1.5, 4.375, 3], "texture": "#0"},
				"west": {"uv": [0.75, 7.875, 1, 9.375], "texture": "#0"},
				"up": {"uv": [9.375, 5.875, 8.125, 5.625], "texture": "#0"},
				"down": {"uv": [9.5, 1, 8.25, 1.25], "texture": "#0"}
			}
		},
		{
			"from": [4.5, 0.3, 18.9],
			"to": [11.5, 10.3, 19.9],
			"rotation": {"angle": 0, "axis": "y", "origin": [8, 5.3, 19.4]},
			"faces": {
				"north": {"uv": [5.25, 4.25, 6.125, 5.5], "texture": "#0"},
				"east": {"uv": [3.875, 5, 4, 6.25], "texture": "#0"},
				"south": {"uv": [1.75, 5.5, 2.625, 6.75], "texture": "#0"},
				"west": {"uv": [1.75, 9.5, 1.875, 10.75], "texture": "#0"},
				"up": {"uv": [7, 5.5, 6.125, 5.375], "texture": "#0"},
				"down": {"uv": [5.5, 6.5, 4.625, 6.625], "texture": "#0"}
			}
		},
		{
			"from": [12.06334, -0.1, 16.7],
			"to": [14.06334, 10.9, 18.7],
			"rotation": {"angle": 22.5, "axis": "y", "origin": [13.96334, 5.4, 16.5]},
			"faces": {
				"north": {"uv": [8, 7.875, 8.25, 9.25], "texture": "#0"},
				"east": {"uv": [1.5, 8.125, 1.75, 9.5], "texture": "#0"},
				"south": {"uv": [1.75, 8.125, 2, 9.5], "texture": "#0"},
				"west": {"uv": [2, 8.125, 2.25, 9.5], "texture": "#0"},
				"up": {"uv": [10.125, 4.125, 9.875, 3.875], "texture": "#0"},
				"down": {"uv": [10.125, 4.125, 9.875, 4.375], "texture": "#0"}
			}
		},
		{
			"from": [12.16334, -0.1, 2],
			"to": [14.16334, 5.9, 4],
			"rotation": {"angle": 0, "axis": "y", "origin": [1.16334, -0.1, 0]},
			"faces": {
				"north": {"uv": [9.375, 3.875, 9.625, 4.625], "texture": "#0"},
				"east": {"uv": [5.25, 9.375, 5.5, 10.125], "texture": "#0"},
				"south": {"uv": [9.375, 6.625, 9.625, 7.375], "texture": "#0"},
				"west": {"uv": [9, 9.375, 9.25, 10.125], "texture": "#0"},
				"up": {"uv": [10.125, 4.625, 9.875, 4.375], "texture": "#0"},
				"down": {"uv": [10.125, 4.625, 9.875, 4.875], "texture": "#0"}
			}
		},
		{
			"from": [11.56334, -2.3, 1.1],
			"to": [13.56334, 3.7, 3.1],
			"rotation": {"angle": -22.5, "axis": "z", "origin": [13.16334, 2.9, 3]},
			"faces": {
				"north": {"uv": [9.25, 9.375, 9.5, 10.125], "texture": "#0"},
				"east": {"uv": [9.5, 0, 9.75, 0.75], "texture": "#0"},
				"south": {"uv": [9.5, 1, 9.75, 1.75], "texture": "#0"},
				"west": {"uv": [1.5, 9.5, 1.75, 10.25], "texture": "#0"},
				"up": {"uv": [10.125, 5.125, 9.875, 4.875], "texture": "#0"},
				"down": {"uv": [10.125, 5.125, 9.875, 5.375], "texture": "#0"}
			}
		}
	],
	"gui_light": "front",
	"display": {
		"thirdperson_righthand": {
			"rotation": [59, 21, -26],
			"translation": [0, 2.25, -0.5],
			"scale": [0.3, 0.3, 0.3]
		},
		"thirdperson_lefthand": {
			"rotation": [36, 21, -13],
			"scale": [0.3, 0.3, 0.3]
		},
		"firstperson_righthand": {
			"rotation": [12, 17, -6],
			"translation": [0.5, 0.5, 0],
			"scale": [0.3, 0.3, 0.3]
		},
		"firstperson_lefthand": {
			"rotation": [10, 15, -4],
			"translation": [0.5, 0, 0],
			"scale": [0.3, 0.3, 0.3]
		},
		"ground": {
			"rotation": [19, 60, 15],
			"translation": [0, 3.25, 0],
			"scale": [0.5, 0.5, 0.5]
		},
		"gui": {
			"rotation": [0, 151, 0],
			"translation": [-0.75, -1.5, 0],
			"scale": [0.6, 0.6, 0.6]
		},
		"head": {
			"translation": [0, 1, -3.25],
			"scale": [1.1, 1.1, 1.1]
		},
		"fixed": {
			"translation": [0, 0, -9.75]
		}
	},
	"groups": [
		{
			"name": "helmet",
			"origin": [13.16334, 2.9, 3],
			"color": 0,
			"children": [
				{
					"name": "horn_right",
					"origin": [16.2437, 23.64607, 12.9],
					"color": 0,
					"children": [0, 1, 2, 3, 4, 5, 6]
				},
				{
					"name": "horn_left",
					"origin": [16.2437, 23.64607, 12.9],
					"color": 0,
					"children": [7, 8, 9, 10, 11, 12, 13]
				},
				14,
				15,
				16,
				17,
				18,
				19,
				20,
				21,
				22,
				23,
				24,
				25,
				26,
				27,
				28,
				29,
				30,
				31,
				32,
				33,
				34,
				35,
				36,
				37,
				38,
				39,
				40,
				41
			]
		}
	]
}