{
	"credit": "Made with Blockbench",
	"parent": "pick_axe",
	"texture_size": [32, 32],
	"textures": {
		"0": "default/pick_axe_texture",
		"particle": "default/pick_axe_texture"
	},
	"elements": [
		{
			"from": [7.4, -0.5, 7.4],
			"to": [8.6, 17, 8.6],
			"rotation": {"angle": 0, "axis": "y", "origin": [7.95, 0, 7.95]},
			"faces": {
				"north": {"uv": [0, 0, 0.5, 8.75], "texture": "#0"},
				"east": {"uv": [0.5, 0, 1, 8.75], "texture": "#0"},
				"south": {"uv": [1, 0, 1.5, 8.75], "texture": "#0"},
				"west": {"uv": [1.5, 0, 2, 8.75], "texture": "#0"},
				"up": {"uv": [5.5, 4, 5, 3.5], "texture": "#0"},
				"down": {"uv": [6, 5, 5.5, 5.5], "texture": "#0"}
			}
		},
		{
			"from": [7.425, 12.6, 7.4],
			"to": [8.575, 14.2, 7.9],
			"rotation": {"angle": -22.5, "axis": "x", "origin": [7.4, 12.6, 7.4]},
			"faces": {
				"north": {"uv": [4.5, 10.5, 5, 11.25], "texture": "#0"},
				"east": {"uv": [9, 11, 9.25, 11.75], "texture": "#0"},
				"south": {"uv": [5, 10.5, 5.5, 11.25], "texture": "#0"},
				"west": {"uv": [9.5, 11, 9.75, 11.75], "texture": "#0"},
				"up": {"uv": [11, 11.25, 10.5, 11], "texture": "#0"},
				"down": {"uv": [11.5, 10.5, 11, 10.75], "texture": "#0"}
			}
		},
		{
			"from": [7.425, 12.6, 8.1],
			"to": [8.575, 14.2, 8.6],
			"rotation": {"angle": 22.5, "axis": "x", "origin": [7.4, 12.6, 8.6]},
			"faces": {
				"north": {"uv": [5.5, 10.5, 6, 11.25], "texture": "#0"},
				"east": {"uv": [11, 9.5, 11.25, 10.25], "texture": "#0"},
				"south": {"uv": [10.5, 5.5, 11, 6.25], "texture": "#0"},
				"west": {"uv": [10, 11, 10.25, 11.75], "texture": "#0"},
				"up": {"uv": [11.5, 11.25, 11, 11], "texture": "#0"},
				"down": {"uv": [0.5, 11.5, 0, 11.75], "texture": "#0"}
			}
		},
		{
			"from": [7.4, 14.07821, 8.71229],
			"to": [8.6, 16.07821, 9.21229],
			"rotation": {"angle": 0, "axis": "y", "origin": [7.4, 14.07821, 9.21229]},
			"faces": {
				"north": {"uv": [6.5, 9.5, 7, 10.5], "texture": "#0"},
				"east": {"uv": [11, 2.5, 11.25, 3.5], "texture": "#0"},
				"south": {"uv": [10, 2, 10.5, 3], "texture": "#0"},
				"west": {"uv": [11, 3.5, 11.25, 4.5], "texture": "#0"},
				"up": {"uv": [1, 11.75, 0.5, 11.5], "texture": "#0"},
				"down": {"uv": [12, 0.5, 11.5, 0.75], "texture": "#0"}
			}
		},
		{
			"from": [7.2, 0.2, 7.2],
			"to": [8.8, 1.5, 8.8],
			"rotation": {"angle": 0, "axis": "y", "origin": [7.95, -7.5, 7.95]},
			"faces": {
				"north": {"uv": [0, 9, 0.75, 9.75], "texture": "#0"},
				"east": {"uv": [9, 0.5, 9.75, 1.25], "texture": "#0"},
				"south": {"uv": [1, 9, 1.75, 9.75], "texture": "#0"},
				"west": {"uv": [9, 1.5, 9.75, 2.25], "texture": "#0"},
				"up": {"uv": [9.75, 3.25, 9, 2.5], "texture": "#0"},
				"down": {"uv": [5.25, 9, 4.5, 9.75], "texture": "#0"}
			}
		},
		{
			"from": [7.3, 3.5, 7.3],
			"to": [8.7, 10.5, 8.7],
			"rotation": {"angle": 0, "axis": "y", "origin": [7.95, -2.5, 7.95]},
			"faces": {
				"north": {"uv": [2, 0, 2.75, 3.5], "texture": "#0"},
				"east": {"uv": [3, 0, 3.75, 3.5], "texture": "#0"},
				"south": {"uv": [2, 3.5, 2.75, 7], "texture": "#0"},
				"west": {"uv": [3, 3.5, 3.75, 7], "texture": "#0"},
				"up": {"uv": [9.75, 5.25, 9, 4.5], "texture": "#0"},
				"down": {"uv": [6.25, 9, 5.5, 9.75], "texture": "#0"}
			}
		},
		{
			"from": [7.1, 9.3, 7.1],
			"to": [8.9, 10.3, 8.9],
			"rotation": {"angle": 0, "axis": "y", "origin": [7.95, -2.4, 7.95]},
			"faces": {
				"north": {"uv": [3, 10, 4, 10.5], "texture": "#0"},
				"east": {"uv": [10, 3, 11, 3.5], "texture": "#0"},
				"south": {"uv": [10, 3.5, 11, 4], "texture": "#0"},
				"west": {"uv": [4, 10, 5, 10.5], "texture": "#0"},
				"up": {"uv": [5, 8, 4, 7], "texture": "#0"},
				"down": {"uv": [8, 4.5, 7, 5.5], "texture": "#0"}
			}
		},
		{
			"from": [7.1, 3.7, 7.1],
			"to": [8.9, 4.7, 8.9],
			"rotation": {"angle": 0, "axis": "y", "origin": [7.95, -8, 7.95]},
			"faces": {
				"north": {"uv": [10, 4, 11, 4.5], "texture": "#0"},
				"east": {"uv": [10, 4.5, 11, 5], "texture": "#0"},
				"south": {"uv": [5, 10, 6, 10.5], "texture": "#0"},
				"west": {"uv": [10, 5, 11, 5.5], "texture": "#0"},
				"up": {"uv": [6, 8, 5, 7], "texture": "#0"},
				"down": {"uv": [8, 5.5, 7, 6.5], "texture": "#0"}
			}
		},
		{
			"from": [7.3, 16.1, 7.3],
			"to": [8.7, 17.5, 8.7],
			"rotation": {"angle": 45, "axis": "x", "origin": [8, 16.8, 8]},
			"faces": {
				"north": {"uv": [9, 5.5, 9.75, 6.25], "texture": "#0"},
				"east": {"uv": [10.25, 7.5, 9.5, 8.25], "texture": "#0"},
				"south": {"uv": [0, 10, 0.75, 10.75], "texture": "#0"},
				"west": {"uv": [9.5, 7.5, 10.25, 8.25], "texture": "#0"},
				"up": {"uv": [9.75, 10.25, 9, 9.5], "texture": "#0"},
				"down": {"uv": [0.75, 10, 0, 10.75], "texture": "#0"}
			}
		},
		{
			"from": [7.2, 14, 3.9],
			"to": [8.8, 16, 7],
			"rotation": {"angle": 0, "axis": "y", "origin": [7.95, 14, 6.15]},
			"faces": {
				"north": {"uv": [8, 6, 8.75, 7], "texture": "#0"},
				"east": {"uv": [6.5, 2.5, 5, 3.5], "texture": "#0"},
				"south": {"uv": [8, 7, 8.75, 8], "texture": "#0"},
				"west": {"uv": [5, 2.5, 6.5, 3.5], "texture": "#0"},
				"up": {"uv": [2.75, 13.25, 2, 11.75], "texture": "#0"},
				"down": {"uv": [2.75, 8.5, 2, 7], "texture": "#0"}
			}
		},
		{
			"from": [7, 13.8, 1.4],
			"to": [9, 16.2, 4.4],
			"rotation": {"angle": -22.5, "axis": "x", "origin": [8, 15, 4.4]},
			"faces": {
				"north": {"uv": [5, 5.5, 6, 6.75], "texture": "#0"},
				"east": {"uv": [6.5, 0, 5, 1.25], "texture": "#0"},
				"south": {"uv": [6, 5, 7, 6.25], "texture": "#0"},
				"west": {"uv": [5, 0, 6.5, 1.25], "texture": "#0"},
				"up": {"uv": [1, 13.5, 0, 12], "texture": "#0"},
				"down": {"uv": [6.5, 5, 5.5, 3.5], "texture": "#0"}
			}
		},
		{
			"from": [7.1, 12.81918, -0.68944],
			"to": [8.9, 14.81918, 1.31056],
			"rotation": {"angle": -45, "axis": "x", "origin": [7.1, 14.81918, 1.31056]},
			"faces": {
				"north": {"uv": [7, 6.5, 8, 7.5], "texture": "#0"},
				"east": {"uv": [8.5, 2, 7.5, 3], "texture": "#0"},
				"south": {"uv": [7.5, 1, 8.5, 2], "texture": "#0"},
				"west": {"uv": [7.5, 2, 8.5, 3], "texture": "#0"},
				"up": {"uv": [2, 13, 1, 12], "texture": "#0"},
				"down": {"uv": [8.5, 4, 7.5, 3], "texture": "#0"}
			}
		},
		{
			"from": [7.3, 11.66355, -0.96223],
			"to": [8.7, 13.26355, 0.03777],
			"rotation": {"angle": -45, "axis": "x", "origin": [7.3, 13.26355, 0.03777]},
			"faces": {
				"north": {"uv": [10, 0, 10.75, 0.75], "texture": "#0"},
				"east": {"uv": [11, 6.5, 10.5, 7.25], "texture": "#0"},
				"south": {"uv": [1, 10, 1.75, 10.75], "texture": "#0"},
				"west": {"uv": [10.5, 6.5, 11, 7.25], "texture": "#0"},
				"up": {"uv": [11.25, 8, 10.5, 7.5], "texture": "#0"},
				"down": {"uv": [11.25, 8, 10.5, 8.5], "texture": "#0"}
			}
		},
		{
			"from": [7.325, 11.42507, -0.66934],
			"to": [8.675, 12.55644, 0.46203],
			"rotation": {"angle": 0, "axis": "y", "origin": [7.3, 12.55644, -0.66934]},
			"faces": {
				"north": {"uv": [10.5, 8.5, 11.25, 9], "texture": "#0"},
				"east": {"uv": [8, 4, 7.5, 4.5], "texture": "#0"},
				"south": {"uv": [9, 10.5, 9.75, 11], "texture": "#0"},
				"west": {"uv": [7.5, 4, 8, 4.5], "texture": "#0"},
				"up": {"uv": [11.25, 9.5, 10.5, 9], "texture": "#0"},
				"down": {"uv": [10.75, 10.5, 10, 11], "texture": "#0"}
			}
		},
		{
			"from": [7.55, 14, 9],
			"to": [8.45, 16, 10.1],
			"rotation": {"angle": 0, "axis": "y", "origin": [8, 14, 9.85]},
			"faces": {
				"north": {"uv": [10, 5.5, 10.5, 6.5], "texture": "#0"},
				"east": {"uv": [6, 10, 6.5, 11], "texture": "#0"},
				"south": {"uv": [10, 6.5, 10.5, 7.5], "texture": "#0"},
				"west": {"uv": [10, 8.5, 10.5, 9.5], "texture": "#0"},
				"up": {"uv": [9.5, 8, 9, 7.5], "texture": "#0"},
				"down": {"uv": [11.5, 4.5, 11, 5], "texture": "#0"}
			}
		},
		{
			"from": [7.55, 15.47752, 10.30066],
			"to": [8.45, 16.47752, 13.40066],
			"rotation": {"angle": -22.5, "axis": "x", "origin": [8, 14.47752, 11.15066]},
			"faces": {
				"north": {"uv": [11, 5, 11.5, 5.5], "texture": "#0"},
				"east": {"uv": [10, 0, 8.5, 0.5], "texture": "#0"},
				"south": {"uv": [11, 5.5, 11.5, 6], "texture": "#0"},
				"west": {"uv": [8.5, 0, 10, 0.5], "texture": "#0"},
				"up": {"uv": [7, 9.5, 6.5, 8], "texture": "#0"},
				"down": {"uv": [9, 0.5, 8.5, 2], "texture": "#0"}
			}
		},
		{
			"from": [7.55, 16.18632, 12.46403],
			"to": [8.45, 17.18632, 14.51403],
			"rotation": {"angle": 0, "axis": "y", "origin": [8, 15.18632, 13.31403]},
			"faces": {
				"north": {"uv": [6, 11, 6.5, 11.5], "texture": "#0"},
				"east": {"uv": [11, 10, 10, 10.5], "texture": "#0"},
				"south": {"uv": [11, 6, 11.5, 6.5], "texture": "#0"},
				"west": {"uv": [10, 10, 11, 10.5], "texture": "#0"},
				"up": {"uv": [11, 3, 10.5, 2], "texture": "#0"},
				"down": {"uv": [3.5, 10.5, 3, 11.5], "texture": "#0"}
			}
		},
		{
			"from": [7.55, 13.67472, 9.5353],
			"to": [8.45, 14.67472, 12.0353],
			"rotation": {"angle": 22.5, "axis": "x", "origin": [8, 13.67472, 10.3853]},
			"faces": {
				"north": {"uv": [11, 6.5, 11.5, 7], "texture": "#0"},
				"east": {"uv": [9.75, 4, 8.5, 4.5], "texture": "#0"},
				"south": {"uv": [7, 11, 7.5, 11.5], "texture": "#0"},
				"west": {"uv": [8.5, 4, 9.75, 4.5], "texture": "#0"},
				"up": {"uv": [4, 9.75, 3.5, 8.5], "texture": "#0"},
				"down": {"uv": [9, 4.5, 8.5, 5.75], "texture": "#0"}
			}
		},
		{
			"from": [7.575, 12.59532, 11.27806],
			"to": [8.425, 13.67228, 12.87806],
			"rotation": {"angle": 45, "axis": "x", "origin": [8, 12.59532, 12.14119]},
			"faces": {
				"north": {"uv": [11, 7, 11.5, 7.5], "texture": "#0"},
				"east": {"uv": [11, 0, 11.75, 0.5], "texture": "#0"},
				"south": {"uv": [7.5, 11, 8, 11.5], "texture": "#0"},
				"west": {"uv": [11, 0, 11.75, 0.5], "texture": "#0"},
				"up": {"uv": [11.5, 1.25, 11, 0.5], "texture": "#0"},
				"down": {"uv": [1.5, 11, 1, 11.75], "texture": "#0"}
			}
		},
		{
			"from": [7.55, 12.07428, 12.66223],
			"to": [8.45, 16.18632, 14.51403],
			"rotation": {"angle": 0, "axis": "y", "origin": [8, 11.71144, 13.87507]},
			"faces": {
				"north": {"uv": [4, 8, 4.5, 10], "texture": "#0"},
				"east": {"uv": [5, 2, 4, 4], "texture": "#0"},
				"south": {"uv": [8, 4, 8.5, 6], "texture": "#0"},
				"west": {"uv": [4, 2, 5, 4], "texture": "#0"},
				"up": {"uv": [4, 11.5, 3.5, 10.5], "texture": "#0"},
				"down": {"uv": [4.5, 10.5, 4, 11.5], "texture": "#0"}
			}
		},
		{
			"from": [7.6, 13.21144, 11.62507],
			"to": [8.4, 16.18632, 12.72507],
			"rotation": {"angle": 0, "axis": "y", "origin": [8, 11.71144, 13.87507]},
			"faces": {
				"north": {"uv": [2, 8.5, 2.5, 10], "texture": "#0"},
				"east": {"uv": [3.5, 8.5, 3, 10], "texture": "#0"},
				"south": {"uv": [2.5, 8.5, 3, 10], "texture": "#0"},
				"west": {"uv": [3, 8.5, 3.5, 10], "texture": "#0"},
				"up": {"uv": [8.5, 11.5, 8, 11], "texture": "#0"},
				"down": {"uv": [9, 11, 8.5, 11.5], "texture": "#0"}
			}
		},
		{
			"from": [7.575, 14.21144, 10.02507],
			"to": [8.425, 15.78632, 11.62507],
			"rotation": {"angle": 0, "axis": "y", "origin": [8, 11.71144, 13.87507]},
			"faces": {
				"north": {"uv": [1.5, 11, 2, 11.75], "texture": "#0"},
				"east": {"uv": [2.75, 10, 2, 10.75], "texture": "#0"},
				"south": {"uv": [11, 1.5, 11.5, 2.25], "texture": "#0"},
				"west": {"uv": [2, 10, 2.75, 10.75], "texture": "#0"},
				"up": {"uv": [2.5, 11.75, 2, 11], "texture": "#0"},
				"down": {"uv": [3, 11, 2.5, 11.75], "texture": "#0"}
			}
		},
		{
			"from": [7.44688, 12.07428, 13.91151],
			"to": [8.08327, 17.18632, 14.54791],
			"rotation": {"angle": -45, "axis": "y", "origin": [7.53934, 11.71144, 14.65545]},
			"faces": {
				"north": {"uv": [7, 8.5, 7.25, 11], "texture": "#0"},
				"east": {"uv": [7.5, 8.5, 7.75, 11], "texture": "#0"},
				"south": {"uv": [8, 8.5, 8.25, 11], "texture": "#0"},
				"west": {"uv": [8.5, 8.5, 8.75, 11], "texture": "#0"},
				"up": {"uv": [11.75, 1.25, 11.5, 1], "texture": "#0"},
				"down": {"uv": [11.75, 1.5, 11.5, 1.75], "texture": "#0"}
			}
		},
		{
			"from": [7, 13.8, 7],
			"to": [9, 16.2, 9],
			"rotation": {"angle": 0, "axis": "y", "origin": [7.95, 13.5, 9.75]},
			"faces": {
				"north": {"uv": [6.5, 0, 7.5, 1.25], "texture": "#0"},
				"east": {"uv": [7, 6.5, 6, 7.75], "texture": "#0"},
				"south": {"uv": [6.5, 3, 7.5, 4.25], "texture": "#0"},
				"west": {"uv": [6, 6.5, 7, 7.75], "texture": "#0"},
				"up": {"uv": [5.5, 9, 4.5, 8], "texture": "#0"},
				"down": {"uv": [6.5, 8, 5.5, 9], "texture": "#0"}
			}
		}
	],
	"display": {
		"thirdperson_righthand": {
			"translation": [0, -0.75, 1]
		},
		"thirdperson_lefthand": {
			"translation": [0, -0.75, 1]
		},
		"firstperson_righthand": {
			"translation": [0, 1, 0]
		},
		"firstperson_lefthand": {
			"translation": [0, 1, 0]
		},
		"ground": {
			"translation": [0, 5.5, 0]
		},
		"gui": {
			"rotation": [-90, 67.5, 90],
			"translation": [1.25, -1, 0],
			"scale": [0.8, 0.8, 0.8]
		},
		"fixed": {
			"rotation": [0, 90, 0]
		}
	},
	"groups": [
		{
			"name": "pickaxe",
			"origin": [8, 8, 8],
			"color": 0,
			"children": [0, 1, 2, 3, 4, 5, 6, 7, 8, 9, 10, 11, 12, 13, 14, 15, 16, 17, 18, 19, 20, 21, 22, 23]
		}
	]
}