{
	"credit": "Made with Blockbench",
	"parent": "snow_pickaxe",
	"texture_size": [32, 32],
	"textures": {
		"0": "default/snow_pickaxe_texture",
		"particle": "default/snow_pickaxe_texture"
	},
	"elements": [
		{
			"from": [7.4, -0.5, 7.4],
			"to": [8.6, 16.6, 8.6],
			"rotation": {"angle": 0, "axis": "y", "origin": [7.95, 0, 7.95]},
			"faces": {
				"north": {"uv": [0, 0, 0.5, 8.5], "texture": "#0"},
				"east": {"uv": [0.5, 0, 1, 8.5], "texture": "#0"},
				"south": {"uv": [1, 0, 1.5, 8.5], "texture": "#0"},
				"west": {"uv": [1.5, 0, 2, 8.5], "texture": "#0"},
				"up": {"uv": [4, 5.5, 3.5, 5], "texture": "#0"},
				"down": {"uv": [5.5, 5.5, 5, 6], "texture": "#0"}
			}
		},
		{
			"from": [6, 16.2, 6],
			"to": [10, 17.2, 10],
			"rotation": {"angle": 0, "axis": "y", "origin": [7.95, 0, 7.95]},
			"faces": {
				"north": {"uv": [6.5, 6, 8.5, 6.5], "texture": "#0"},
				"east": {"uv": [6.5, 6.5, 8.5, 7], "texture": "#0"},
				"south": {"uv": [7, 0, 9, 0.5], "texture": "#0"},
				"west": {"uv": [7, 0.5, 9, 1], "texture": "#0"},
				"up": {"uv": [4, 2, 2, 0], "texture": "#0"},
				"down": {"uv": [4, 2, 2, 4], "texture": "#0"}
			}
		},
		{
			"from": [6.5, 17.2, 6.5],
			"to": [9.5, 18.2, 9.5],
			"rotation": {"angle": 0, "axis": "y", "origin": [7.95, 0, 7.95]},
			"faces": {
				"north": {"uv": [8, 4, 9.5, 4.5], "texture": "#0"},
				"east": {"uv": [8, 4.5, 9.5, 5], "texture": "#0"},
				"south": {"uv": [8, 5, 9.5, 5.5], "texture": "#0"},
				"west": {"uv": [8, 5.5, 9.5, 6], "texture": "#0"},
				"up": {"uv": [7, 4.5, 5.5, 3], "texture": "#0"},
				"down": {"uv": [5, 5.5, 3.5, 7], "texture": "#0"}
			}
		},
		{
			"from": [7, 18.2, 7],
			"to": [9, 19.7, 9],
			"rotation": {"angle": -22.5, "axis": "z", "origin": [7, 18.2, 9]},
			"faces": {
				"north": {"uv": [6.5, 8, 7.5, 8.75], "texture": "#0"},
				"east": {"uv": [7.5, 8, 8.5, 8.75], "texture": "#0"},
				"south": {"uv": [0, 8.5, 1, 9.25], "texture": "#0"},
				"west": {"uv": [1, 8.5, 2, 9.25], "texture": "#0"},
				"up": {"uv": [3.5, 7.5, 2.5, 6.5], "texture": "#0"},
				"down": {"uv": [8, 1, 7, 2], "texture": "#0"}
			}
		},
		{
			"from": [8.03596, 19.39448, 7.5],
			"to": [9.03596, 20.89448, 8.5],
			"rotation": {"angle": -45, "axis": "z", "origin": [8.03596, 19.39448, 8.5]},
			"faces": {
				"north": {"uv": [3.5, 4, 4, 4.75], "texture": "#0"},
				"east": {"uv": [3, 9.5, 3.5, 10.25], "texture": "#0"},
				"south": {"uv": [9.5, 7, 10, 7.75], "texture": "#0"},
				"west": {"uv": [9.5, 8, 10, 8.75], "texture": "#0"},
				"up": {"uv": [5, 7.5, 4.5, 7], "texture": "#0"},
				"down": {"uv": [10, 9, 9.5, 9.5], "texture": "#0"}
			}
		},
		{
			"from": [9.11096, 18.19448, 7.4],
			"to": [10.31096, 19.39448, 8.6],
			"rotation": {"angle": 22.5, "axis": "z", "origin": [8.03596, 19.39448, 8.5]},
			"faces": {
				"north": {"uv": [9.5, 9.5, 10, 10], "texture": "#0"},
				"east": {"uv": [10, 0, 10.5, 0.5], "texture": "#0"},
				"south": {"uv": [10, 0.5, 10.5, 1], "texture": "#0"},
				"west": {"uv": [10, 1, 10.5, 1.5], "texture": "#0"},
				"up": {"uv": [10.5, 2, 10, 1.5], "texture": "#0"},
				"down": {"uv": [10.5, 2, 10, 2.5], "texture": "#0"}
			}
		},
		{
			"from": [7.2, -0.6, 7.2],
			"to": [8.8, 0.9, 8.8],
			"rotation": {"angle": 0, "axis": "y", "origin": [7.95, 0, 7.95]},
			"faces": {
				"north": {"uv": [7.5, 9, 8.25, 9.75], "texture": "#0"},
				"east": {"uv": [8.5, 9, 9.25, 9.75], "texture": "#0"},
				"south": {"uv": [0, 9.5, 0.75, 10.25], "texture": "#0"},
				"west": {"uv": [1, 9.5, 1.75, 10.25], "texture": "#0"},
				"up": {"uv": [2.75, 10.25, 2, 9.5], "texture": "#0"},
				"down": {"uv": [10.25, 4, 9.5, 4.75], "texture": "#0"}
			}
		},
		{
			"from": [7.1, 12.1, 7.1],
			"to": [8.9, 13.6, 8.9],
			"rotation": {"angle": 0, "axis": "y", "origin": [7.95, 0, 7.95]},
			"faces": {
				"north": {"uv": [2.5, 8.5, 3.5, 9.25], "texture": "#0"},
				"east": {"uv": [4.5, 8.5, 5.5, 9.25], "texture": "#0"},
				"south": {"uv": [5.5, 8.5, 6.5, 9.25], "texture": "#0"},
				"west": {"uv": [8.5, 6, 9.5, 6.75], "texture": "#0"},
				"up": {"uv": [8, 3, 7, 2], "texture": "#0"},
				"down": {"uv": [8, 3, 7, 4], "texture": "#0"}
			}
		},
		{
			"from": [7.1, 6.1, 7.8],
			"to": [7.1, 12.1, 8.9],
			"rotation": {"angle": 0, "axis": "y", "origin": [7.95, 0, 7.95]},
			"faces": {
				"north": {"uv": [0, 0, 0, 3], "texture": "#0"},
				"east": {"uv": [2.5, 6.5, 2, 9.5], "texture": "#0"},
				"south": {"uv": [0, 0, 0, 3], "texture": "#0"},
				"west": {"uv": [2, 6.5, 2.5, 9.5], "texture": "#0"},
				"up": {"uv": [0, 0.5, 0, 0], "texture": "#0"},
				"down": {"uv": [0, 0, 0, 0.5], "texture": "#0"}
			}
		},
		{
			"from": [6.7, 13.6, 5.6],
			"to": [9.3, 16.2, 10.4],
			"rotation": {"angle": 0, "axis": "y", "origin": [7.95, 13.5, 9.75]},
			"faces": {
				"north": {"uv": [5.5, 4.5, 6.75, 5.75], "texture": "#0"},
				"east": {"uv": [4, 0, 6.5, 1.25], "texture": "#0"},
				"south": {"uv": [5, 6, 6.25, 7.25], "texture": "#0"},
				"west": {"uv": [4, 1.5, 6.5, 2.75], "texture": "#0"},
				"up": {"uv": [3.25, 6.5, 2, 4], "texture": "#0"},
				"down": {"uv": [5.25, 3, 4, 5.5], "texture": "#0"}
			}
		},
		{
			"from": [7, 13.9, 10.4],
			"to": [9, 15.9, 12.4],
			"rotation": {"angle": 0, "axis": "y", "origin": [7.95, 13.5, 9.75]},
			"faces": {
				"north": {"uv": [3.5, 7, 4.5, 8], "texture": "#0"},
				"east": {"uv": [8.5, 7, 7.5, 8], "texture": "#0"},
				"south": {"uv": [6.5, 7.5, 5.5, 8.5], "texture": "#0"},
				"west": {"uv": [9, 2, 8, 3], "texture": "#0"},
				"up": {"uv": [9, 3, 8, 4], "texture": "#0"},
				"down": {"uv": [4.5, 9, 3.5, 8], "texture": "#0"}
			}
		},
		{
			"from": [7.3, 14.2, 12.4],
			"to": [8.7, 15.6, 14.4],
			"rotation": {"angle": 22.5, "axis": "x", "origin": [8.7, 15.6, 12.4]},
			"faces": {
				"north": {"uv": [4.5, 9.5, 5.25, 10.25], "texture": "#0"},
				"east": {"uv": [10, 2, 9, 2.75], "texture": "#0"},
				"south": {"uv": [6.25, 9.5, 5.5, 10.25], "texture": "#0"},
				"west": {"uv": [10, 3, 9, 3.75], "texture": "#0"},
				"up": {"uv": [4.25, 9, 3.5, 10], "texture": "#0"},
				"down": {"uv": [7.25, 10, 6.5, 9], "texture": "#0"}
			}
		},
		{
			"from": [7.3, 14.2, 1.6],
			"to": [8.7, 15.6, 3.6],
			"rotation": {"angle": -22.5, "axis": "x", "origin": [8.7, 15.6, 3.6]},
			"faces": {
				"north": {"uv": [5.5, 9.5, 6.25, 10.25], "texture": "#0"},
				"east": {"uv": [9, 2, 10, 2.75], "texture": "#0"},
				"south": {"uv": [9.5, 6, 10.25, 6.75], "texture": "#0"},
				"west": {"uv": [9, 3, 10, 3.75], "texture": "#0"},
				"up": {"uv": [4.25, 10, 3.5, 9], "texture": "#0"},
				"down": {"uv": [7.25, 9, 6.5, 10], "texture": "#0"}
			}
		},
		{
			"from": [7, 13.9, 3.6],
			"to": [9, 15.9, 5.6],
			"rotation": {"angle": 0, "axis": "y", "origin": [7.95, 13.5, 6.25]},
			"faces": {
				"north": {"uv": [5.5, 7.5, 6.5, 8.5], "texture": "#0"},
				"east": {"uv": [7.5, 7, 8.5, 8], "texture": "#0"},
				"south": {"uv": [8, 1, 9, 2], "texture": "#0"},
				"west": {"uv": [8, 2, 9, 3], "texture": "#0"},
				"up": {"uv": [9, 4, 8, 3], "texture": "#0"},
				"down": {"uv": [4.5, 8, 3.5, 9], "texture": "#0"}
			}
		}
	],
	"display": {
		"thirdperson_righthand": {
			"translation": [0, 1, 1]
		},
		"thirdperson_lefthand": {
			"translation": [0, 1, 1]
		},
		"firstperson_righthand": {
			"translation": [0, 1, 0]
		},
		"firstperson_lefthand": {
			"translation": [0, 1, 0]
		},
		"ground": {
			"translation": [0, 5.5, 0]
		},
		"gui": {
			"rotation": [-90, 67.5, 90],
			"translation": [1, -1.25, 0],
			"scale": [0.75, 0.75, 0.75]
		},
		"fixed": {
			"rotation": [0, -90, 0],
			"translation": [0, -1.25, 0],
			"scale": [0.9, 0.9, 0.9]
		}
	},
	"groups": [
		{
			"name": "pickaxe",
			"origin": [8, 8, 8],
			"color": 0,
			"children": [0, 1, 2, 3, 4, 5, 6, 7, 8, 9, 10, 11, 12, 13]
		}
	]
}