{
	"credit": "Made with Blockbench",
	"parent": "tnt_pickaxe",
	"texture_size": [32, 32],
	"textures": {
		"0": "default/tnt_pickaxe_texture",
		"particle": "default/tnt_pickaxe_texture"
	},
	"elements": [
		{
			"from": [7.34, -1.35, 7.34],
			"to": [8.66, 16.36, 8.66],
			"rotation": {"angle": 0, "axis": "y", "origin": [7.945, -0.8, 7.945]},
			"faces": {
				"north": {"uv": [0, 0, 0.44444, 7.11111], "texture": "#0"},
				"east": {"uv": [0.44444, 0, 0.88889, 7.11111], "texture": "#0"},
				"south": {"uv": [0.88889, 0, 1.33333, 7.11111], "texture": "#0"},
				"west": {"uv": [1.33333, 0, 1.77778, 7.11111], "texture": "#0"},
				"up": {"uv": [1.33333, 7.55556, 0.88889, 7.11111], "texture": "#0"},
				"down": {"uv": [1.77778, 7.11111, 1.33333, 7.55556], "texture": "#0"}
			}
		},
		{
			"from": [7.12, -1.46, 7.12],
			"to": [8.88, -0.36, 8.88],
			"rotation": {"angle": 0, "axis": "y", "origin": [7.945, -0.8, 7.945]},
			"faces": {
				"north": {"uv": [6.66667, 4.88889, 7.33333, 5.33333], "texture": "#0"},
				"east": {"uv": [5.77778, 6.66667, 6.44444, 7.11111], "texture": "#0"},
				"south": {"uv": [6.66667, 6.66667, 7.33333, 7.11111], "texture": "#0"},
				"west": {"uv": [0, 7.11111, 0.66667, 7.55556], "texture": "#0"},
				"up": {"uv": [7.33333, 4.66667, 6.66667, 4], "texture": "#0"},
				"down": {"uv": [5.55556, 6.66667, 4.88889, 7.33333], "texture": "#0"}
			}
		},
		{
			"from": [5.8, 13.06, 5.8],
			"to": [10.2, 17.46, 10.2],
			"rotation": {"angle": 0, "axis": "y", "origin": [9.595, 14.05, 9.375]},
			"faces": {
				"north": {"uv": [5.33333, 0, 3.55556, 1.77778], "texture": "#0"},
				"east": {"uv": [0, 8, 3.11111, 11.11111], "texture": "#0"},
				"south": {"uv": [3.55556, 0, 5.33333, 1.77778], "texture": "#0"},
				"west": {"uv": [0, 8, 3.11111, 11.11111], "texture": "#0"},
				"up": {"uv": [6.22222, 11.11111, 3.11111, 8], "texture": "#0"},
				"down": {"uv": [9.33333, 8, 6.22222, 11.11111], "texture": "#0"}
			}
		},
		{
			"from": [8, 17.46, 6.9],
			"to": [8, 20.76, 9.1],
			"rotation": {"angle": 0, "axis": "y", "origin": [9.595, 14.05, 9.375]},
			"faces": {
				"north": {"uv": [0, 0, 0, 1.33333], "texture": "#0"},
				"east": {"uv": [8.22222, 12, 6.88889, 13.77778], "texture": "#0"},
				"south": {"uv": [0, 0, 0, 1.33333], "texture": "#0"},
				"west": {"uv": [6.88889, 12, 8.22222, 13.77778], "texture": "#0"},
				"up": {"uv": [0, 0.88889, 0, 0], "texture": "#0"},
				"down": {"uv": [0, 0, 0, 0.88889], "texture": "#0"}
			}
		},
		{
			"from": [6.35, 13.61, 2.5],
			"to": [9.65, 16.91, 5.8],
			"rotation": {"angle": 0, "axis": "y", "origin": [6.35, 16.91, 5.8]},
			"faces": {
				"north": {"uv": [6.22222, 1.55556, 8.44444, 4], "texture": "#0"},
				"east": {"uv": [4, 1.77778, 1.77778, 4.22222], "texture": "#0"},
				"south": {"uv": [6.22222, 1.55556, 8.44444, 4], "texture": "#0"},
				"west": {"uv": [4, 1.77778, 1.77778, 4.22222], "texture": "#0"},
				"up": {"uv": [6.22222, 4.22222, 4, 1.77778], "texture": "#0"},
				"down": {"uv": [6.22222, 1.77778, 4, 4.22222], "texture": "#0"}
			}
		},
		{
			"from": [6.35, 13.61, 10.2],
			"to": [9.65, 16.91, 13.5],
			"rotation": {"angle": 0, "axis": "y", "origin": [9.595, 14.05, 6.625]},
			"faces": {
				"north": {"uv": [8.44444, 1.55556, 6.22222, 4], "texture": "#0"},
				"east": {"uv": [4, 1.77778, 1.77778, 4.22222], "texture": "#0"},
				"south": {"uv": [8.44444, 1.55556, 6.22222, 4], "texture": "#0"},
				"west": {"uv": [4, 1.77778, 1.77778, 4.22222], "texture": "#0"},
				"up": {"uv": [6.22222, 1.77778, 4, 4.22222], "texture": "#0"},
				"down": {"uv": [6.22222, 4.22222, 4, 1.77778], "texture": "#0"}
			}
		}
	],
	"display": {
		"thirdperson_righthand": {
			"translation": [0, 2, 1]
		},
		"thirdperson_lefthand": {
			"translation": [0, 2, 1]
		},
		"firstperson_righthand": {
			"translation": [0, 2, 0]
		},
		"firstperson_lefthand": {
			"translation": [0, 2, 0]
		},
		"ground": {
			"translation": [0, 6, 0]
		},
		"gui": {
			"rotation": [-90, 67.75, 90],
			"translation": [1.25, -0.75, 0],
			"scale": [0.75, 0.75, 0.75]
		},
		"fixed": {
			"rotation": [0, 90, 0],
			"scale": [0.9, 0.9, 0.9]
		}
	},
	"groups": [
		{
			"name": "pickaxe",
			"origin": [8, 8, 8],
			"color": 0,
			"children": [0, 1, 2, 3, 4, 5]
		}
	]
}