{
	"credit": "Made with Blockbench",
	"texture_size": [32, 32],
	"textures": {
		"0": "default/toffy_key_viking",
		"particle": "default/toffy_key_viking"
	},
	"elements": [
		{
			"from": [7.5, -1, 8],
			"to": [8.5, 9, 9],
			"rotation": {"angle": -45, "axis": "y", "origin": [8, 0.5, 8.5]},
			"faces": {
				"north": {"uv": [5, 6, 5.5, 11], "texture": "#0"},
				"east": {"uv": [6, 6, 6.5, 11], "texture": "#0"},
				"south": {"uv": [7, 6, 7.5, 11], "texture": "#0"},
				"west": {"uv": [8, 6, 8.5, 11], "texture": "#0"},
				"up": {"uv": [10.5, 0.5, 10, 0], "texture": "#0"},
				"down": {"uv": [10.5, 1, 10, 1.5], "texture": "#0"}
			}
		},
		{
			"from": [8, 5.5, 6.5],
			"to": [8, 16.5, 15.5],
			"rotation": {"angle": -45, "axis": "x", "origin": [8, 10.5, 8.5]},
			"faces": {
				"north": {"uv": [10, 9, 10, 14.5], "texture": "#0"},
				"east": {"uv": [0, 0, 4.5, 5.5], "texture": "#0"},
				"south": {"uv": [9, 10.5, 9, 16], "texture": "#0"},
				"west": {"uv": [5, 0, 9.5, 5.5], "texture": "#0"},
				"up": {"uv": [10.5, 13.5, 10.5, 9], "texture": "#0"},
				"down": {"uv": [9.5, 10.5, 9.5, 15], "texture": "#0"}
			}
		},
		{
			"from": [7.5, 9, 7],
			"to": [8.5, 13, 11],
			"rotation": {"angle": -45, "axis": "x", "origin": [8, 10.5, 8.5]},
			"faces": {
				"north": {"uv": [0, 8.5, 0.5, 10.5], "texture": "#0"},
				"east": {"uv": [0, 6, 2, 8], "texture": "#0"},
				"south": {"uv": [1, 8.5, 1.5, 10.5], "texture": "#0"},
				"west": {"uv": [2.5, 6, 4.5, 8], "texture": "#0"},
				"up": {"uv": [2.5, 10.5, 2, 8.5], "texture": "#0"},
				"down": {"uv": [3.5, 8.5, 3, 10.5], "texture": "#0"}
			}
		},
		{
			"from": [6.5, 0, 7],
			"to": [7.5, 2, 8],
			"rotation": {"angle": -45, "axis": "y", "origin": [8, 0.5, 8.5]},
			"faces": {
				"north": {"uv": [4, 8.5, 4.5, 9.5], "texture": "#0"},
				"east": {"uv": [9, 6, 9.5, 7], "texture": "#0"},
				"south": {"uv": [9, 7.5, 9.5, 8.5], "texture": "#0"},
				"west": {"uv": [9, 9, 9.5, 10], "texture": "#0"},
				"up": {"uv": [10.5, 2.5, 10, 2], "texture": "#0"},
				"down": {"uv": [10.5, 3, 10, 3.5], "texture": "#0"}
			}
		},
		{
			"from": [6.5, 3, 7],
			"to": [7.5, 4, 8],
			"rotation": {"angle": -45, "axis": "y", "origin": [8, 0.5, 8.5]},
			"faces": {
				"north": {"uv": [4, 10, 4.5, 10.5], "texture": "#0"},
				"east": {"uv": [10, 4, 10.5, 4.5], "texture": "#0"},
				"south": {"uv": [10, 5, 10.5, 5.5], "texture": "#0"},
				"west": {"uv": [10, 6, 10.5, 6.5], "texture": "#0"},
				"up": {"uv": [10.5, 7.5, 10, 7], "texture": "#0"},
				"down": {"uv": [10.5, 8, 10, 8.5], "texture": "#0"}
			}
		}
	],
	"gui_light": "front",
	"display": {
		"thirdperson_righthand": {
			"rotation": [-48, 0, -180],
			"translation": [0, 0.5, -1],
			"scale": [0.5, 0.5, 0.5]
		},
		"thirdperson_lefthand": {
			"rotation": [-48, 0, -180],
			"translation": [0, 0.5, -1],
			"scale": [0.5, 0.5, 0.5]
		},
		"firstperson_righthand": {
			"rotation": [82, -180, 0],
			"translation": [0, 1, 1.25],
			"scale": [0.5, 0.5, 0.5]
		},
		"firstperson_lefthand": {
			"rotation": [82, -180, 0],
			"translation": [0, 1, 1.25],
			"scale": [0.5, 0.5, 0.5]
		},
		"ground": {
			"scale": [0.5, 0.5, 0.5]
		},
		"gui": {
			"rotation": [71, -135, 62],
			"translation": [0, -0.75, 0],
			"scale": [0.95, 0.95, 0.95]
		},
		"head": {
			"rotation": [120, 0, 0],
			"translation": [0, 3.75, -9.25]
		},
		"fixed": {
			"rotation": [90, -135, 90],
			"translation": [0, 0, -0.5]
		}
	}
}