{
	"credit": "Made with Blockbench",
	"parent": "turtle_pickaxe",
	"texture_size": [64, 64],
	"textures": {
		"0": "default/turtle_pickaxe_texture",
		"particle": "default/turtle_pickaxe_texture"
	},
	"elements": [
		{
			"from": [7.4, 0.5, 7.4],
			"to": [8.6, 17.6, 8.6],
			"rotation": {"angle": 0, "axis": "y", "origin": [7.95, 0, 7.95]},
			"faces": {
				"north": {"uv": [4.5, 2, 4.75, 6.25], "texture": "#0"},
				"east": {"uv": [4.75, 2, 5, 6.25], "texture": "#0"},
				"south": {"uv": [5, 2, 5.25, 6.25], "texture": "#0"},
				"west": {"uv": [3, 5, 3.25, 9.25], "texture": "#0"},
				"up": {"uv": [5.75, 2, 5.5, 1.75], "texture": "#0"},
				"down": {"uv": [6, 1.75, 5.75, 2], "texture": "#0"}
			}
		},
		{
			"from": [7.2, -0.5, 7.2],
			"to": [8.8, 0.8, 8.8],
			"rotation": {"angle": 0, "axis": "y", "origin": [7.95, 0, 7.95]},
			"faces": {
				"north": {"uv": [6.5, 4, 6.875, 4.375], "texture": "#0"},
				"east": {"uv": [6.5, 4.5, 6.875, 4.875], "texture": "#0"},
				"south": {"uv": [6.5, 5, 6.875, 5.375], "texture": "#0"},
				"west": {"uv": [5.25, 6.5, 5.625, 6.875], "texture": "#0"},
				"up": {"uv": [6.125, 6.875, 5.75, 6.5], "texture": "#0"},
				"down": {"uv": [6.625, 6.5, 6.25, 6.875], "texture": "#0"}
			}
		},
		{
			"from": [7.2, 5.5, 7.2],
			"to": [8.8, 6.8, 8.8],
			"rotation": {"angle": 0, "axis": "y", "origin": [7.95, 0, 7.95]},
			"faces": {
				"north": {"uv": [6.5, 4, 6.875, 4.375], "texture": "#0"},
				"east": {"uv": [6.5, 4.5, 6.875, 4.875], "texture": "#0"},
				"south": {"uv": [6.5, 5, 6.875, 5.375], "texture": "#0"},
				"west": {"uv": [5.25, 6.5, 5.625, 6.875], "texture": "#0"},
				"up": {"uv": [6.125, 6.875, 5.75, 6.5], "texture": "#0"},
				"down": {"uv": [6.625, 6.5, 6.25, 6.875], "texture": "#0"}
			}
		},
		{
			"from": [7, 14.1, 1.4],
			"to": [9, 16.3, 6.4],
			"rotation": {"angle": 0, "axis": "y", "origin": [7.95, 13.5, 9.75]},
			"faces": {
				"north": {"uv": [5.25, 6, 5.75, 6.5], "texture": "#0"},
				"east": {"uv": [3.25, 5, 4.5, 5.5], "texture": "#0"},
				"south": {"uv": [5.75, 6, 6.25, 6.5], "texture": "#0"},
				"west": {"uv": [5.25, 2, 6.5, 2.5], "texture": "#0"},
				"up": {"uv": [5.75, 3.75, 5.25, 2.5], "texture": "#0"},
				"down": {"uv": [5.75, 3.75, 5.25, 5], "texture": "#0"}
			}
		},
		{
			"from": [7.2, 14.3, -2.6],
			"to": [8.8, 16.1, 1.4],
			"rotation": {"angle": -22.5, "axis": "x", "origin": [7, 16.3, 1.4]},
			"faces": {
				"north": {"uv": [4.75, 6.25, 5.125, 6.75], "texture": "#0"},
				"east": {"uv": [5.25, 5.5, 6.25, 6], "texture": "#0"},
				"south": {"uv": [6.25, 5.5, 6.625, 6], "texture": "#0"},
				"west": {"uv": [5.75, 2.5, 6.75, 3], "texture": "#0"},
				"up": {"uv": [4.375, 3, 4, 2], "texture": "#0"},
				"down": {"uv": [1.875, 6, 1.5, 7], "texture": "#0"}
			}
		},
		{
			"from": [7.4, 12.92151, -2.90781],
			"to": [8.6, 14.58449, -2.21898],
			"rotation": {"angle": -45, "axis": "x", "origin": [7.2, 14.58449, -2.21898]},
			"faces": {
				"north": {"uv": [0, 6.75, 0.25, 7.125], "texture": "#0"},
				"east": {"uv": [6.75, 0.5, 6.875, 0.875], "texture": "#0"},
				"south": {"uv": [6.75, 0, 7, 0.375], "texture": "#0"},
				"west": {"uv": [0.75, 6.75, 0.875, 7.125], "texture": "#0"},
				"up": {"uv": [6, 4.875, 5.75, 4.75], "texture": "#0"},
				"down": {"uv": [6.25, 4.75, 6, 4.875], "texture": "#0"}
			}
		},
		{
			"from": [7.4, 12.92151, 18.21898],
			"to": [8.6, 14.58449, 18.90781],
			"rotation": {"angle": 45, "axis": "x", "origin": [7.2, 14.58449, 18.21898]},
			"faces": {
				"north": {"uv": [0.25, 6.75, 0.5, 7.125], "texture": "#0"},
				"east": {"uv": [1, 6.75, 1.125, 7.125], "texture": "#0"},
				"south": {"uv": [0.25, 6.75, 0, 7.125], "texture": "#0"},
				"west": {"uv": [6.75, 1, 6.875, 1.375], "texture": "#0"},
				"up": {"uv": [6, 4.75, 5.75, 4.875], "texture": "#0"},
				"down": {"uv": [1.5, 6.75, 1.25, 6.875], "texture": "#0"}
			}
		},
		{
			"from": [7.2, 14.3, 14.6],
			"to": [8.8, 16.1, 18.6],
			"rotation": {"angle": 22.5, "axis": "x", "origin": [7, 16.3, 14.6]},
			"faces": {
				"north": {"uv": [6.25, 6, 6.625, 6.5], "texture": "#0"},
				"east": {"uv": [5.25, 5.5, 6.25, 6], "texture": "#0"},
				"south": {"uv": [6.5, 2, 6.875, 2.5], "texture": "#0"},
				"west": {"uv": [6.75, 2.5, 5.75, 3], "texture": "#0"},
				"up": {"uv": [4.375, 2, 4, 3], "texture": "#0"},
				"down": {"uv": [1.875, 7, 1.5, 6], "texture": "#0"}
			}
		},
		{
			"from": [7, 14.1, 9.6],
			"to": [9, 16.3, 14.6],
			"rotation": {"angle": 0, "axis": "y", "origin": [7.95, 13.5, 6.25]},
			"faces": {
				"north": {"uv": [3.75, 6.25, 4.25, 6.75], "texture": "#0"},
				"east": {"uv": [4.5, 5, 3.25, 5.5], "texture": "#0"},
				"south": {"uv": [4.25, 6.25, 4.75, 6.75], "texture": "#0"},
				"west": {"uv": [6.5, 2, 5.25, 2.5], "texture": "#0"},
				"up": {"uv": [5.75, 2.5, 5.25, 3.75], "texture": "#0"},
				"down": {"uv": [5.75, 5, 5.25, 3.75], "texture": "#0"}
			}
		},
		{
			"from": [5.5, 7.7, 4],
			"to": [10.5, 15.7, 12],
			"rotation": {"angle": 0, "axis": "y", "origin": [7.5, 0.7, 7.5]},
			"faces": {
				"north": {"uv": [0, 3, 1.375, 6], "texture": "#0"},
				"east": {"uv": [7.375, 4.75, 10.125, 7], "texture": "#0"},
				"south": {"uv": [1.375, 3, 0, 6], "texture": "#0"},
				"west": {"uv": [7.375, 1.375, 10.125, 3.625], "texture": "#0"},
				"up": {"uv": [10.375, 4.625, 11.75, 6.5], "texture": "#0"},
				"down": {"uv": [12.25, 4.625, 13.625, 6.5], "texture": "#0"}
			}
		},
		{
			"from": [5.5, 15.7, 5.17958],
			"to": [10.5, 16.96197, 10.82042],
			"rotation": {"angle": 0, "axis": "y", "origin": [7.5, 0.7, 7.5]},
			"faces": {
				"north": {"uv": [10.375, 1, 12.375, 1.375], "texture": "#0"},
				"east": {"uv": [7.75, 4.375, 9.75, 4.75], "texture": "#0"},
				"south": {"uv": [12.375, 1, 10.375, 1.375], "texture": "#0"},
				"west": {"uv": [7.75, 1, 9.75, 1.375], "texture": "#0"},
				"up": {"uv": [4.375, 3, 3, 5], "texture": "#0"},
				"down": {"uv": [0, 0, 1.25, 1.41021], "texture": "#0"}
			}
		},
		{
			"from": [5.5, 6.43803, 5.17958],
			"to": [10.5, 7.7, 10.82042],
			"rotation": {"angle": 0, "axis": "y", "origin": [7.5, 0.7, 7.5]},
			"faces": {
				"north": {"uv": [10.375, 1.875, 12.375, 1.5], "texture": "#0"},
				"east": {"uv": [7.75, 7, 9.75, 7.375], "texture": "#0"},
				"south": {"uv": [12.375, 1.875, 10.375, 1.5], "texture": "#0"},
				"west": {"uv": [7.75, 3.625, 9.75, 4], "texture": "#0"},
				"up": {"uv": [0, 0, 1.25, 1.41021], "texture": "#0"},
				"down": {"uv": [5.375, 2, 4, 0], "texture": "#0"}
			}
		}
	],
	"display": {
		"gui": {
			"rotation": [-90, 67.5, 90],
			"translation": [1, -1.25, 0],
			"scale": [0.75, 0.75, 0.75]
		},
		"thirdperson_righthand": {
			"translation": [0, 4, 1],
			"scale": [1.2, 1.2, 1.2]
		},
		"ground": {
			"translation": [0, 3, 0]
		}
	},
	"groups": [
		{
			"name": "pickaxe",
			"origin": [8, 8, 8],
			"color": 0,
			"children": [0, 1, 2, 3, 4, 5, 6, 7, 8, 9, 10, 11]
		}
	]
}