{
	"credit": "Made with Blockbench",
	"parent": "wither_pickaxe",
	"texture_size": [32, 32],
	"textures": {
		"0": "default/wither_pickaxe_texture",
		"particle": "default/wither_pickaxe_texture"
	},
	"elements": [
		{
			"from": [7.4, 8.5, 7.4],
			"to": [8.6, 17, 8.6],
			"rotation": {"angle": 0, "axis": "y", "origin": [7.95, 0, 7.95]},
			"faces": {
				"north": {"uv": [15, 0, 15.75, 4.5], "texture": "#0"},
				"east": {"uv": [12, 0, 12.75, 4.5], "texture": "#0"},
				"south": {"uv": [14, 0, 14.75, 4.5], "texture": "#0"},
				"west": {"uv": [13, 0, 13.75, 4.5], "texture": "#0"},
				"up": {"uv": [1.5, 9, 1, 8.5], "texture": "#0"},
				"down": {"uv": [2.5, 9, 2, 9.5], "texture": "#0"}
			}
		},
		{
			"from": [7.2, 11.8, 7.2],
			"to": [8.8, 12.7, 8.8],
			"rotation": {"angle": 0, "axis": "y", "origin": [7.95, 0, 7.95]},
			"faces": {
				"north": {"uv": [6.5, 5.5, 7.25, 6], "texture": "#0"},
				"east": {"uv": [9, 4, 9.75, 4.5], "texture": "#0"},
				"south": {"uv": [9.5, 4.5, 10.25, 5], "texture": "#0"},
				"west": {"uv": [5, 9.5, 5.75, 10], "texture": "#0"},
				"up": {"uv": [1.75, 9.75, 1, 9], "texture": "#0"},
				"down": {"uv": [9.75, 1, 9, 1.75], "texture": "#0"}
			}
		},
		{
			"from": [7.2, 9.6, 7.2],
			"to": [8.8, 10.5, 8.8],
			"rotation": {"angle": 0, "axis": "y", "origin": [7.95, 0, 7.95]},
			"faces": {
				"north": {"uv": [9.5, 5, 10.25, 5.5], "texture": "#0"},
				"east": {"uv": [9.5, 5.5, 10.25, 6], "texture": "#0"},
				"south": {"uv": [9.5, 6, 10.25, 6.5], "texture": "#0"},
				"west": {"uv": [7, 9.5, 7.75, 10], "texture": "#0"},
				"up": {"uv": [9.75, 2.75, 9, 2], "texture": "#0"},
				"down": {"uv": [9.75, 3, 9, 3.75], "texture": "#0"}
			}
		},
		{
			"from": [7.5, 4.5, 7.5],
			"to": [8.5, 8.5, 8.5],
			"rotation": {"angle": 0, "axis": "y", "origin": [7.95, 0, 7.95]},
			"faces": {
				"north": {"uv": [7.5, 4.5, 8, 6.5], "texture": "#0"},
				"east": {"uv": [5.5, 7.5, 6, 9.5], "texture": "#0"},
				"south": {"uv": [7.5, 6.5, 8, 8.5], "texture": "#0"},
				"west": {"uv": [8, 4.5, 8.5, 6.5], "texture": "#0"},
				"up": {"uv": [10.5, 4.5, 10, 4], "texture": "#0"},
				"down": {"uv": [6.5, 10, 6, 10.5], "texture": "#0"}
			}
		},
		{
			"from": [7.4, 7.3, 7.4],
			"to": [8.6, 8, 8.6],
			"rotation": {"angle": 0, "axis": "y", "origin": [7.95, 0, 7.95]},
			"faces": {
				"north": {"uv": [8, 10.5, 8.5, 10.75], "texture": "#0"},
				"east": {"uv": [10.5, 8, 11, 8.25], "texture": "#0"},
				"south": {"uv": [8.5, 10.5, 9, 10.75], "texture": "#0"},
				"west": {"uv": [10.5, 8.5, 11, 8.75], "texture": "#0"},
				"up": {"uv": [7, 10.5, 6.5, 10], "texture": "#0"},
				"down": {"uv": [10.5, 6.5, 10, 7], "texture": "#0"}
			}
		},
		{
			"from": [7.4, 5.5, 7.4],
			"to": [8.6, 6.2, 8.6],
			"rotation": {"angle": 0, "axis": "y", "origin": [7.95, 0, 7.95]},
			"faces": {
				"north": {"uv": [9, 10.5, 9.5, 10.75], "texture": "#0"},
				"east": {"uv": [10.5, 9, 11, 9.25], "texture": "#0"},
				"south": {"uv": [10.5, 9.5, 11, 9.75], "texture": "#0"},
				"west": {"uv": [10, 10.5, 10.5, 10.75], "texture": "#0"},
				"up": {"uv": [7.5, 10.5, 7, 10], "texture": "#0"},
				"down": {"uv": [10.5, 7, 10, 7.5], "texture": "#0"}
			}
		},
		{
			"from": [7.6, 1.5, 7.6],
			"to": [8.4, 4.5, 8.4],
			"rotation": {"angle": 0, "axis": "y", "origin": [7.95, 0, 7.95]},
			"faces": {
				"north": {"uv": [7, 8, 7.5, 9.5], "texture": "#0"},
				"east": {"uv": [0, 8.5, 0.5, 10], "texture": "#0"},
				"south": {"uv": [8.5, 0, 9, 1.5], "texture": "#0"},
				"west": {"uv": [0.5, 8.5, 1, 10], "texture": "#0"},
				"up": {"uv": [8, 10.5, 7.5, 10], "texture": "#0"},
				"down": {"uv": [10.5, 7.5, 10, 8], "texture": "#0"}
			}
		},
		{
			"from": [7.5, 3.3, 7.5],
			"to": [8.5, 3.9, 8.5],
			"rotation": {"angle": 0, "axis": "y", "origin": [7.95, 0, 7.95]},
			"faces": {
				"north": {"uv": [10.5, 10, 11, 10.25], "texture": "#0"},
				"east": {"uv": [10.5, 10.5, 11, 10.75], "texture": "#0"},
				"south": {"uv": [11, 0, 11.5, 0.25], "texture": "#0"},
				"west": {"uv": [11, 0.5, 11.5, 0.75], "texture": "#0"},
				"up": {"uv": [8.5, 10.5, 8, 10], "texture": "#0"},
				"down": {"uv": [10.5, 8, 10, 8.5], "texture": "#0"}
			}
		},
		{
			"from": [7.5, 2, 7.5],
			"to": [8.5, 2.6, 8.5],
			"rotation": {"angle": 0, "axis": "y", "origin": [7.95, 0, 7.95]},
			"faces": {
				"north": {"uv": [1, 11, 1.5, 11.25], "texture": "#0"},
				"east": {"uv": [11, 1, 11.5, 1.25], "texture": "#0"},
				"south": {"uv": [1.5, 11, 2, 11.25], "texture": "#0"},
				"west": {"uv": [11, 1.5, 11.5, 1.75], "texture": "#0"},
				"up": {"uv": [9, 10.5, 8.5, 10], "texture": "#0"},
				"down": {"uv": [9.5, 10, 9, 10.5], "texture": "#0"}
			}
		},
		{
			"from": [7.7, -0.5, 7.7],
			"to": [8.3, 1.5, 8.3],
			"rotation": {"angle": 0, "axis": "y", "origin": [7.95, 0, 7.95]},
			"faces": {
				"north": {"uv": [9.5, 10, 9.75, 11], "texture": "#0"},
				"east": {"uv": [10, 9.5, 10.25, 10.5], "texture": "#0"},
				"south": {"uv": [0, 10.5, 0.25, 11.5], "texture": "#0"},
				"west": {"uv": [0.5, 10.5, 0.75, 11.5], "texture": "#0"},
				"up": {"uv": [9.25, 11.25, 9, 11], "texture": "#0"},
				"down": {"uv": [11.25, 9, 11, 9.25], "texture": "#0"}
			}
		},
		{
			"from": [7.6, 0.7, 7.6],
			"to": [8.4, 1.1, 8.4],
			"rotation": {"angle": 0, "axis": "y", "origin": [7.95, 0, 7.95]},
			"faces": {
				"north": {"uv": [2, 11, 2.5, 11.25], "texture": "#0"},
				"east": {"uv": [11, 2, 11.5, 2.25], "texture": "#0"},
				"south": {"uv": [2.5, 11, 3, 11.25], "texture": "#0"},
				"west": {"uv": [11, 2.5, 11.5, 2.75], "texture": "#0"},
				"up": {"uv": [1.5, 11, 1, 10.5], "texture": "#0"},
				"down": {"uv": [2, 10.5, 1.5, 11], "texture": "#0"}
			}
		},
		{
			"from": [7.6, -0.3, 7.6],
			"to": [8.4, 0.1, 8.4],
			"rotation": {"angle": 0, "axis": "y", "origin": [7.95, 0, 7.95]},
			"faces": {
				"north": {"uv": [3, 11, 3.5, 11.25], "texture": "#0"},
				"east": {"uv": [3.5, 11, 4, 11.25], "texture": "#0"},
				"south": {"uv": [4, 11, 4.5, 11.25], "texture": "#0"},
				"west": {"uv": [4.5, 11, 5, 11.25], "texture": "#0"},
				"up": {"uv": [2.5, 11, 2, 10.5], "texture": "#0"},
				"down": {"uv": [11, 2, 10.5, 2.5], "texture": "#0"}
			}
		},
		{
			"from": [7.3, 16.6, 7.5],
			"to": [8.7, 17.6, 8.5],
			"rotation": {"angle": 45, "axis": "x", "origin": [8, 17.1, 8]},
			"faces": {
				"north": {"uv": [8, 9.5, 8.75, 10], "texture": "#0"},
				"east": {"uv": [2.5, 10.5, 3, 11], "texture": "#0"},
				"south": {"uv": [9.5, 8.5, 10.25, 9], "texture": "#0"},
				"west": {"uv": [3, 10.5, 2.5, 11], "texture": "#0"},
				"up": {"uv": [9.75, 10, 9, 9.5], "texture": "#0"},
				"down": {"uv": [10.25, 9, 9.5, 9.5], "texture": "#0"}
			}
		},
		{
			"from": [7.2, 16.4, 7.5],
			"to": [8.8, 16.6, 8.7],
			"rotation": {"angle": 45, "axis": "x", "origin": [8, 17.1, 8]},
			"faces": {
				"north": {"uv": [3, 10.5, 3.75, 10.75], "texture": "#0"},
				"east": {"uv": [5, 11, 5.5, 11.25], "texture": "#0"},
				"south": {"uv": [10.5, 3, 11.25, 3.25], "texture": "#0"},
				"west": {"uv": [5.5, 11, 6, 11.25], "texture": "#0"},
				"up": {"uv": [0.75, 10.5, 0, 10], "texture": "#0"},
				"down": {"uv": [10.75, 0, 10, 0.5], "texture": "#0"}
			}
		},
		{
			"from": [7.2, 16.4, 7.3],
			"to": [8.8, 16.6, 8.5],
			"rotation": {"angle": -45, "axis": "x", "origin": [8, 17.1, 8]},
			"faces": {
				"north": {"uv": [10.5, 3.5, 11.25, 3.75], "texture": "#0"},
				"east": {"uv": [6, 11, 6.5, 11.25], "texture": "#0"},
				"south": {"uv": [4, 10.5, 4.75, 10.75], "texture": "#0"},
				"west": {"uv": [6.5, 11, 7, 11.25], "texture": "#0"},
				"up": {"uv": [10.75, 1, 10, 0.5], "texture": "#0"},
				"down": {"uv": [1.75, 10, 1, 10.5], "texture": "#0"}
			}
		},
		{
			"from": [7.2, 16.4, 7.3],
			"to": [8.8, 17.6, 7.5],
			"rotation": {"angle": 45, "axis": "x", "origin": [8.1, 17.1, 8]},
			"faces": {
				"north": {"uv": [10, 1, 10.75, 1.5], "texture": "#0"},
				"east": {"uv": [7, 11, 7.25, 11.5], "texture": "#0"},
				"south": {"uv": [10, 1.5, 10.75, 2], "texture": "#0"},
				"west": {"uv": [7.5, 11, 7.75, 11.5], "texture": "#0"},
				"up": {"uv": [11.25, 4.25, 10.5, 4], "texture": "#0"},
				"down": {"uv": [11.25, 4.5, 10.5, 4.75], "texture": "#0"}
			}
		},
		{
			"from": [7.2, 17.6, 7.3],
			"to": [8.8, 17.8, 8.7],
			"rotation": {"angle": 45, "axis": "x", "origin": [8, 17.1, 8]},
			"faces": {
				"north": {"uv": [10.5, 5, 11.25, 5.25], "texture": "#0"},
				"east": {"uv": [10.5, 5.5, 11.25, 5.75], "texture": "#0"},
				"south": {"uv": [6, 10.5, 6.75, 10.75], "texture": "#0"},
				"west": {"uv": [10.5, 6, 11.25, 6.25], "texture": "#0"},
				"up": {"uv": [6.75, 9.75, 6, 9], "texture": "#0"},
				"down": {"uv": [9.75, 6.5, 9, 7.25], "texture": "#0"}
			}
		},
		{
			"from": [6.8, 13.8, 9.5],
			"to": [9.2, 16.2, 11.9],
			"rotation": {"angle": 0, "axis": "y", "origin": [7.95, 14, 9.85]},
			"faces": {
				"north": {"uv": [5, 3, 6.25, 4.25], "texture": "#0"},
				"east": {"uv": [7.5, 0, 6, 1.5], "texture": "#0"},
				"south": {"uv": [6.25, 3, 5, 4.25], "texture": "#0"},
				"west": {"uv": [7.5, 0, 6, 1.5], "texture": "#0"},
				"up": {"uv": [4.5, 6, 3, 7.5], "texture": "#0"},
				"down": {"uv": [6.5, 1.5, 5, 3], "texture": "#0"}
			}
		},
		{
			"from": [7.1, 14.3, 11.5],
			"to": [8.9, 16.1, 14.5],
			"rotation": {"angle": 22.5, "axis": "x", "origin": [8.1, 15, 11.4]},
			"faces": {
				"north": {"uv": [8, 1.5, 9, 2.5], "texture": "#0"},
				"east": {"uv": [6, 6, 7.5, 7], "texture": "#0"},
				"south": {"uv": [6, 8, 7, 9], "texture": "#0"},
				"west": {"uv": [6.5, 1.5, 8, 2.5], "texture": "#0"},
				"up": {"uv": [7.5, 4, 6.5, 2.5], "texture": "#0"},
				"down": {"uv": [2.5, 9, 1.5, 7.5], "texture": "#0"}
			}
		},
		{
			"from": [7.3, 13.22995, 14.68498],
			"to": [8.7, 14.62995, 16.68498],
			"rotation": {"angle": 45, "axis": "x", "origin": [7.1, 14.82995, 14.68498]},
			"faces": {
				"north": {"uv": [9, 7.5, 9.75, 8.25], "texture": "#0"},
				"east": {"uv": [2.5, 8.5, 3.5, 9.25], "texture": "#0"},
				"south": {"uv": [2, 9.5, 2.75, 10.25], "texture": "#0"},
				"west": {"uv": [3.5, 8.5, 4.5, 9.25], "texture": "#0"},
				"up": {"uv": [5.25, 9.5, 4.5, 8.5], "texture": "#0"},
				"down": {"uv": [9.25, 4.5, 8.5, 5.5], "texture": "#0"}
			}
		},
		{
			"from": [7.5, 12.81509, 14.64911],
			"to": [8.5, 13.35085, 15.94255],
			"rotation": {"angle": -22.5, "axis": "x", "origin": [7.1, 13.35085, 16.14255]},
			"faces": {
				"north": {"uv": [8, 11, 8.5, 11.25], "texture": "#0"},
				"east": {"uv": [10.5, 6.5, 11.25, 6.75], "texture": "#0"},
				"south": {"uv": [11, 8, 11.5, 8.25], "texture": "#0"},
				"west": {"uv": [7, 10.5, 7.75, 10.75], "texture": "#0"},
				"up": {"uv": [10.5, 2.75, 10, 2], "texture": "#0"},
				"down": {"uv": [10.5, 3, 10, 3.75], "texture": "#0"}
			}
		},
		{
			"from": [6.8, 13.8, 4.1],
			"to": [9.2, 16.2, 6.5],
			"rotation": {"angle": 0, "axis": "y", "origin": [7.95, 14, 6.15]},
			"faces": {
				"north": {"uv": [5, 3, 6.25, 4.25], "texture": "#0"},
				"east": {"uv": [7.5, 0, 6, 1.5], "texture": "#0"},
				"south": {"uv": [6.25, 3, 5, 4.25], "texture": "#0"},
				"west": {"uv": [6, 0, 7.5, 1.5], "texture": "#0"},
				"up": {"uv": [4.5, 7.5, 3, 6], "texture": "#0"},
				"down": {"uv": [5, 1.5, 6.5, 3], "texture": "#0"}
			}
		},
		{
			"from": [8.3, 16.2, 4.1],
			"to": [8.3, 18.2, 6.5],
			"rotation": {"angle": 0, "axis": "y", "origin": [7.95, 14, 6.15]},
			"faces": {
				"north": {"uv": [0, 0, 0, 1], "texture": "#0"},
				"east": {"uv": [9, 2.5, 7.5, 3.75], "texture": "#0"},
				"south": {"uv": [0, 0, 0, 1], "texture": "#0"},
				"west": {"uv": [7.5, 2.5, 9, 3.75], "texture": "#0"},
				"up": {"uv": [0, 1.25, 0, 0], "texture": "#0"},
				"down": {"uv": [0, 0, 0, 1.25], "texture": "#0"}
			}
		},
		{
			"from": [7.7, 16.2, 9.5],
			"to": [7.7, 18.2, 11.9],
			"rotation": {"angle": 0, "axis": "y", "origin": [8.05, 14, 9.85]},
			"faces": {
				"north": {"uv": [0, 0, 0, 1], "texture": "#0"},
				"east": {"uv": [7.5, 2.5, 9, 3.75], "texture": "#0"},
				"south": {"uv": [0, 0, 0, 1], "texture": "#0"},
				"west": {"uv": [9, 2.5, 7.5, 3.75], "texture": "#0"},
				"up": {"uv": [0, 1.25, 0, 0], "texture": "#0"},
				"down": {"uv": [0, 0, 0, 1.25], "texture": "#0"}
			}
		},
		{
			"from": [7.1, 14.3, 1.5],
			"to": [8.9, 16.1, 4.5],
			"rotation": {"angle": -22.5, "axis": "x", "origin": [8.1, 15, 4.6]},
			"faces": {
				"north": {"uv": [8, 6.5, 9, 7.5], "texture": "#0"},
				"east": {"uv": [7.5, 6, 6, 7], "texture": "#0"},
				"south": {"uv": [8, 7.5, 9, 8.5], "texture": "#0"},
				"west": {"uv": [8, 1.5, 6.5, 2.5], "texture": "#0"},
				"up": {"uv": [7.5, 2.5, 6.5, 4], "texture": "#0"},
				"down": {"uv": [2.5, 7.5, 1.5, 9], "texture": "#0"}
			}
		},
		{
			"from": [7.3, 13.22995, -0.68498],
			"to": [8.7, 14.62995, 1.31502],
			"rotation": {"angle": -45, "axis": "x", "origin": [7.1, 14.82995, 1.31502]},
			"faces": {
				"north": {"uv": [3, 9.5, 3.75, 10.25], "texture": "#0"},
				"east": {"uv": [3.5, 8.5, 2.5, 9.25], "texture": "#0"},
				"south": {"uv": [4, 9.5, 4.75, 10.25], "texture": "#0"},
				"west": {"uv": [4.5, 8.5, 3.5, 9.25], "texture": "#0"},
				"up": {"uv": [5.25, 8.5, 4.5, 9.5], "texture": "#0"},
				"down": {"uv": [9.25, 5.5, 8.5, 4.5], "texture": "#0"}
			}
		},
		{
			"from": [7.5, 12.81509, 0.05745],
			"to": [8.5, 13.35085, 1.35089],
			"rotation": {"angle": 22.5, "axis": "x", "origin": [7.1, 13.35085, -0.14255]},
			"faces": {
				"north": {"uv": [11, 8.25, 11.5, 8], "texture": "#0"},
				"east": {"uv": [11.25, 6.5, 10.5, 6.75], "texture": "#0"},
				"south": {"uv": [11, 8.5, 11.5, 8.75], "texture": "#0"},
				"west": {"uv": [7.75, 10.5, 7, 10.75], "texture": "#0"},
				"up": {"uv": [5.5, 10.75, 5, 10], "texture": "#0"},
				"down": {"uv": [10.5, 3.75, 10, 3], "texture": "#0"}
			}
		},
		{
			"from": [6.5, 13.5, 6.5],
			"to": [9.5, 16.5, 9.5],
			"rotation": {"angle": 0, "axis": "y", "origin": [7.95, 13.5, 9.75]},
			"faces": {
				"north": {"uv": [3, 0, 1.5, 1.5], "texture": "#0"},
				"east": {"uv": [2.5, 12.25, 0.5, 14.25], "texture": "#0"},
				"south": {"uv": [1.5, 0, 3, 1.5], "texture": "#0"},
				"west": {"uv": [0.5, 12.25, 2.5, 14.25], "texture": "#0"},
				"up": {"uv": [1.5, 4.5, 0, 3], "texture": "#0"},
				"down": {"uv": [4.25, 12.25, 2.5, 14], "texture": "#0"}
			}
		}
	],
	"display": {
		"thirdperson_righthand": {
			"translation": [0, 2, 1],
			"scale": [1.2, 1.2, 1.2]
		},
		"thirdperson_lefthand": {
			"translation": [0, 2, 1],
			"scale": [1.2, 1.2, 1.2]
		},
		"firstperson_righthand": {
			"translation": [0, 3.5, 0]
		},
		"firstperson_lefthand": {
			"translation": [0, 3.5, 0]
		},
		"ground": {
			"translation": [0, 6.5, 0],
			"scale": [1.2, 1.2, 1.2]
		},
		"gui": {
			"rotation": [-90, 67.25, 90],
			"translation": [1.5, -1, 0],
			"scale": [0.8, 0.8, 0.8]
		},
		"fixed": {
			"rotation": [0, 90, 0]
		}
	},
	"groups": [
		{
			"name": "pickaxe",
			"origin": [8, 8, 8],
			"color": 0,
			"children": [0, 1, 2, 3, 4, 5, 6, 7, 8, 9, 10, 11, 12, 13, 14, 15, 16, 17, 18, 19, 20, 21, 22, 23, 24, 25, 26, 27]
		}
	]
}